Population by age group, sex and NUTS 3 region;NUTS3;demo_r_pjangrp3;https://ec.europa.eu/eurostat/api/dissemination/statistics/1.0/data/demo_r_pjangrp3?format=JSON&geo=SI044&unit=NR&sex=T&sex=M&sex=F&age=TOTAL&age=Y_LT5&age=Y5-9&age=Y10-14&age=Y15-19&age=Y20-24&age=Y25-29&age=Y30-34&age=Y35-39&age=Y40-44&age=Y45-49&age=Y50-54&age=Y55-59&age=Y60-64&age=Y65-69&age=Y70-74&age=Y75-79&age=Y80-84&age=Y85-89&age=Y_GE85&age=Y_GE90&age=UNK&lang=en 
Population by broad age group, sex and NUTS 3 region;NUTS3;demo_r_pjanaggr3;https://ec.europa.eu/eurostat/api/dissemination/statistics/1.0/data/demo_r_pjanaggr3?format=JSON&geo=SI044&unit=NR&sex=T&sex=M&sex=F&age=TOTAL&age=Y_LT15&age=Y15-64&age=Y_GE65&age=UNK&lang=en 
Population density by NUTS 3 region;NUTS3;demo_r_d3dens;https://ec.europa.eu/eurostat/api/dissemination/statistics/1.0/data/demo_r_d3dens?format=JSON&geo=SI044&unit=PER_KM2&lang=en 
Population structure indicators by NUTS 3 region;NUTS3;demo_r_pjanind3;https://ec.europa.eu/eurostat/api/dissemination/statistics/1.0/data/demo_r_pjanind3?format=JSON&geo=SI044&unit=YR&unit=PC&indic_de=DEPRATIO1&indic_de=DEPRATIO2&indic_de=DEPRATIO3&indic_de=DEPRATIO4&indic_de=FMEDAGEPOP&indic_de=MEDAGEPOP&indic_de=MMEDAGEPOP&indic_de=OLDDEP1&indic_de=OLDDEP2&indic_de=OLDDEP3&indic_de=OLDDEP4&indic_de=PC_FM&indic_de=PC_Y0_14&indic_de=PC_Y0_18&indic_de=PC_Y0_19&indic_de=PC_Y0_4&indic_de=PC_Y10_14&indic_de=PC_Y15_19&indic_de=PC_Y15_24&indic_de=PC_Y15_29&indic_de=PC_Y15_74&indic_de=PC_Y20_24&indic_de=PC_Y20_39&indic_de=PC_Y20_64&indic_de=PC_Y25_29&indic_de=PC_Y25_44&indic_de=PC_Y25_49&indic_de=PC_Y30_34&indic_de=PC_Y35_39&indic_de=PC_Y40_44&indic_de=PC_Y40_59&indic_de=PC_Y45_49&indic_de=PC_Y45_64&indic_de=PC_Y50_54&indic_de=PC_Y50_64&indic_de=PC_Y55_59&indic_de=PC_Y5_9&indic_de=PC_Y60_64&indic_de=PC_Y60_79&indic_de=PC_Y60_MAX&indic_de=PC_Y65_69&indic_de=PC_Y65_79&indic_de=PC_Y65_MAX&indic_de=PC_Y70_74&indic_de=PC_Y75_79&indic_de=PC_Y75_MAX&indic_de=PC_Y80_84&indic_de=PC_Y80_MAX&indic_de=PC_Y85_MAX&indic_de=PC_Y100_MAX&indic_de=YOUNGDEP1&indic_de=YOUNGDEP2&indic_de=YOUNGDEP3&indic_de=YOUNGDEP4&lang=en 
Population change - Demographic balance and crude rates at regional level (NUTS 3);NUTS3;demo_r_gind3;https://ec.europa.eu/eurostat/api/dissemination/statistics/1.0/data/demo_r_gind3?format=JSON&geo=SI044&indic_de=CNMIGRAT&indic_de=CNMIGRATRT&indic_de=DEATH&indic_de=GBIRTHRT&indic_de=GDEATHRT&indic_de=GROW&indic_de=GROWRT&indic_de=JAN&indic_de=LBIRTH&indic_de=NATGROW&indic_de=NATGROWRT&lang=en 
Live births (total) by NUTS 3 region ;NUTS3;demo_r_births;https://ec.europa.eu/eurostat/api/dissemination/statistics/1.0/data/demo_r_births?format=JSON&geo=SI044&unit=NR&lang=en 
Live births by age group of the mothers and NUTS 3 region ;NUTS3;demo_r_fagec3;https://ec.europa.eu/eurostat/api/dissemination/statistics/1.0/data/demo_r_fagec3?format=JSON&geo=SI044&unit=NR&unit=NR&age=TOTAL&age=Y10-14&age=Y15-19&age=Y_LT20&age=Y20-24&age=Y25-29&age=Y30-34&age=Y35-39&age=Y40-44&age=Y45-49&age=Y_GE45&age=Y_GE50&age=UNK&lang=en 
Fertility indicators by NUTS 3 region ;NUTS3;demo_r_find3;https://ec.europa.eu/eurostat/api/dissemination/statistics/1.0/data/demo_r_find3?format=JSON&geo=SI044&unit=NR&unit=YR&indic_de=AGEMOTH&indic_de=MEDAGEMOTH&indic_de=TOTFERRT&lang=en 
Deaths (total) by NUTS 3 region ;NUTS3;demo_r_deaths;https://ec.europa.eu/eurostat/api/dissemination/statistics/1.0/data/demo_r_deaths?format=JSON&geo=SI044&unit=NR&unit=NR&lang=en 
Population by country of citizenship, age groups and NUTS 3 region, 2021 ;NUTS3;cens_21ctz_r3;https://ec.europa.eu/eurostat/api/dissemination/statistics/1.0/data/cens_21ctz_r3?format=JSON&geo=SI044&unit=NR&citizen=BE&citizen=BG&citizen=CZ&citizen=DK&citizen=DE&citizen=EE&citizen=IE&citizen=EL&citizen=ES&citizen=FR&citizen=HR&citizen=IT&citizen=CY&citizen=LV&citizen=LT&citizen=LU&citizen=HU&citizen=MT&citizen=NL&citizen=AT&citizen=PL&citizen=PT&citizen=RO&citizen=SI&citizen=SK&citizen=FI&citizen=SE&citizen=EU_FOR&citizen=IS&citizen=LI&citizen=NO&citizen=CH&citizen=UK&citizen=BA&citizen=ME&citizen=MD&citizen=MK&citizen=GE&citizen=AL&citizen=RS&citizen=TR&citizen=UA&citizen=XK&citizen=AD&citizen=BY&citizen=VA&citizen=MC&citizen=RU&citizen=SM&citizen=NEU&citizen=EUR_NEU&citizen=EUR_OTH&citizen=AFR&citizen=AO&citizen=CM&citizen=CF&citizen=TD&citizen=CG&citizen=CD&citizen=GQ&citizen=GA&citizen=ST&citizen=BI&citizen=KM&citizen=DJ&citizen=ER&citizen=ET&citizen=KE&citizen=MG&citizen=MW&citizen=MU&citizen=MZ&citizen=RW&citizen=SC&citizen=SO&citizen=UG&citizen=TZ&citizen=ZM&citizen=ZW&citizen=DZ&citizen=EG&citizen=LY&citizen=MA&citizen=SS&citizen=SD&citizen=TN&citizen=EH&citizen=BW&citizen=LS&citizen=NA&citizen=ZA&citizen=SZ&citizen=BJ&citizen=BF&citizen=CV&citizen=CI&citizen=GM&citizen=GH&citizen=GN&citizen=GW&citizen=LR&citizen=ML&citizen=MR&citizen=NE&citizen=NG&citizen=SN&citizen=SL&citizen=TG&citizen=AFR_OTH&citizen=AME_N&citizen=CA&citizen=US&citizen=AME_N_OTH&citizen=AME_X_N&citizen=AG&citizen=AW&citizen=BS&citizen=BB&citizen=CU&citizen=CW&citizen=DM&citizen=DO&citizen=GD&citizen=HT&citizen=JM&citizen=KN&citizen=LC&citizen=VC&citizen=SX&citizen=TT&citizen=BZ&citizen=CR&citizen=SV&citizen=GT&citizen=HN&citizen=MX&citizen=NI&citizen=PA&citizen=AR&citizen=BO&citizen=BR&citizen=CL&citizen=CO&citizen=EC&citizen=GY&citizen=PY&citizen=PE&citizen=SR&citizen=UY&citizen=VE&citizen=AME_X_N_OTH&citizen=ASI&citizen=KZ&citizen=KG&citizen=TJ&citizen=TM&citizen=UZ&citizen=CN&citizen=JP&citizen=MN&citizen=KP&citizen=KR&citizen=TW&citizen=AF&citizen=BD&citizen=BT&citizen=IN&citizen=IR&citizen=MV&citizen=NP&citizen=PK&citizen=LK&citizen=BN&citizen=KH&citizen=ID&citizen=LA&citizen=MY&citizen=MM&citizen=PH&citizen=SG&citizen=TH&citizen=TL&citizen=VN&citizen=AM&citizen=AZ&citizen=BH&citizen=IQ&citizen=IL&citizen=JO&citizen=KW&citizen=LB&citizen=PS&citizen=OM&citizen=QA&citizen=SA&citizen=SY&citizen=AE&citizen=YE&citizen=ASI_OTH&citizen=OCE&citizen=AU&citizen=NZ&citizen=FJ&citizen=PG&citizen=SB&citizen=VU&citizen=KI&citizen=MH&citizen=FM&citizen=NR&citizen=PW&citizen=WS&citizen=TO&citizen=TV&citizen=OCE_OTH&citizen=FOR&citizen=NAT&citizen=RNC&citizen=STLS&citizen=TOTAL&citizen=UNK&sex=T&sex=M&sex=F&age=TOTAL&age=Y_LT5&age=Y5-9&age=Y10-14&age=Y_LT15&age=Y15-19&age=Y15-29&age=Y20-24&age=Y25-29&age=Y30-34&age=Y30-49&age=Y35-39&age=Y40-44&age=Y45-49&age=Y50-54&age=Y50-64&age=Y55-59&age=Y60-64&age=Y65-69&age=Y65-84&age=Y70-74&age=Y75-79&age=Y80-84&age=Y85-89&age=Y_GE85&age=Y90-94&age=Y95-99&age=Y_GE100&lang=en 
Population by country of citizenship, age groups, family status and NUTS 3 region, 2021 ;NUTS3;cens_21ctzf_r3;https://ec.europa.eu/eurostat/api/dissemination/statistics/1.0/data/cens_21ctzf_r3?format=JSON&geo=SI044&unit=NR&citizen=EU_FOR&citizen=NEU&citizen=FOR&citizen=NAT&citizen=STLS&citizen=TOTAL&citizen=UNK&hhstatus=TOTAL&hhstatus=CPL&hhstatus=PAR1&hhstatus=CH_PAR&hhstatus=NAP&hhstatus=UNK&sex=T&sex=M&sex=F&age=TOTAL&age=Y_LT5&age=Y5-9&age=Y10-14&age=Y_LT15&age=Y15-19&age=Y15-29&age=Y20-24&age=Y25-29&age=Y30-34&age=Y30-49&age=Y35-39&age=Y40-44&age=Y45-49&age=Y50-54&age=Y50-64&age=Y55-59&age=Y60-64&age=Y65-69&age=Y65-84&age=Y70-74&age=Y75-79&age=Y80-84&age=Y85-89&age=Y_GE85&age=Y90-94&age=Y95-99&age=Y_GE100&lang=en 
Population by country of citizenship, age groups, type of housing arrangements and NUTS 3 region, 2021 ;NUTS3;cens_21ctzha_r3;https://ec.europa.eu/eurostat/api/dissemination/statistics/1.0/data/cens_21ctzha_r3?format=JSON&geo=SI044&unit=NR&citizen=EU_FOR&citizen=NEU&citizen=EUR_NEU&citizen=AFR&citizen=AME_N&citizen=AME_X_N&citizen=ASI&citizen=OCE&citizen=FOR&citizen=NAT&citizen=STLS&citizen=TOTAL&citizen=UNK&housing=TOTAL&housing=H_CV&housing=DW&housing=CLQ&housing=H_NCV&housing=UNK&age=TOTAL&age=Y_LT5&age=Y5-9&age=Y10-14&age=Y_LT15&age=Y15-19&age=Y15-29&age=Y20-24&age=Y25-29&age=Y30-34&age=Y30-49&age=Y35-39&age=Y40-44&age=Y45-49&age=Y50-54&age=Y50-64&age=Y55-59&age=Y60-64&age=Y65-69&age=Y65-84&age=Y70-74&age=Y75-79&age=Y80-84&age=Y85-89&age=Y_GE85&age=Y90-94&age=Y95-99&age=Y_GE100&lang=en 
Population by country of birth, age groups and NUTS 3 region, 2021 ;NUTS3;cens_21cob_r3;https://ec.europa.eu/eurostat/api/dissemination/statistics/1.0/data/cens_21cob_r3?format=JSON&geo=SI044&unit=NR&c_birth=BE&c_birth=BG&c_birth=CZ&c_birth=DK&c_birth=DE&c_birth=EE&c_birth=IE&c_birth=EL&c_birth=ES&c_birth=FR&c_birth=HR&c_birth=IT&c_birth=CY&c_birth=LV&c_birth=LT&c_birth=LU&c_birth=HU&c_birth=MT&c_birth=NL&c_birth=AT&c_birth=PL&c_birth=PT&c_birth=RO&c_birth=SI&c_birth=SK&c_birth=FI&c_birth=SE&c_birth=EU_OTH&c_birth=IS&c_birth=LI&c_birth=NO&c_birth=CH&c_birth=UK&c_birth=BA&c_birth=ME&c_birth=MD&c_birth=MK&c_birth=GE&c_birth=AL&c_birth=RS&c_birth=TR&c_birth=UA&c_birth=XK&c_birth=AD&c_birth=BY&c_birth=GG&c_birth=JE&c_birth=CQ&c_birth=FO&c_birth=GI&c_birth=VA&c_birth=IM&c_birth=MC&c_birth=RU&c_birth=SM&c_birth=NEU&c_birth=EUR_NEU&c_birth=EUR_OTH&c_birth=AFR&c_birth=AO&c_birth=CM&c_birth=CF&c_birth=TD&c_birth=CG&c_birth=CD&c_birth=GQ&c_birth=GA&c_birth=ST&c_birth=BI&c_birth=KM&c_birth=DJ&c_birth=ER&c_birth=ET&c_birth=KE&c_birth=MG&c_birth=MW&c_birth=MU&c_birth=MZ&c_birth=RW&c_birth=SC&c_birth=SO&c_birth=UG&c_birth=TZ&c_birth=ZM&c_birth=ZW&c_birth=DZ&c_birth=EG&c_birth=LY&c_birth=MA&c_birth=SS&c_birth=SD&c_birth=TN&c_birth=EH&c_birth=BW&c_birth=LS&c_birth=NA&c_birth=ZA&c_birth=SZ&c_birth=BJ&c_birth=BF&c_birth=CV&c_birth=CI&c_birth=GM&c_birth=GH&c_birth=GN&c_birth=GW&c_birth=LR&c_birth=ML&c_birth=MR&c_birth=NE&c_birth=NG&c_birth=SH&c_birth=SN&c_birth=SL&c_birth=TG&c_birth=AFR_OTH&c_birth=AME_N&c_birth=BM&c_birth=CA&c_birth=GL&c_birth=PM&c_birth=US&c_birth=AME_N_OTH&c_birth=AME_X_N&c_birth=AI&c_birth=AG&c_birth=AW&c_birth=BS&c_birth=BB&c_birth=VG&c_birth=KY&c_birth=CU&c_birth=CW&c_birth=DM&c_birth=DO&c_birth=GD&c_birth=HT&c_birth=JM&c_birth=MS&c_birth=BL&c_birth=KN&c_birth=LC&c_birth=MF&c_birth=VC&c_birth=SX&c_birth=TT&c_birth=TC&c_birth=BZ&c_birth=CR&c_birth=SV&c_birth=GT&c_birth=HN&c_birth=MX&c_birth=NI&c_birth=PA&c_birth=AR&c_birth=BO&c_birth=BR&c_birth=CL&c_birth=CO&c_birth=EC&c_birth=FK&c_birth=GY&c_birth=PY&c_birth=PE&c_birth=SR&c_birth=UY&c_birth=VE&c_birth=AME_X_N_OTH&c_birth=ASI&c_birth=KZ&c_birth=KG&c_birth=TJ&c_birth=TM&c_birth=UZ&c_birth=CN&c_birth=JP&c_birth=MN&c_birth=KP&c_birth=KR&c_birth=TW&c_birth=AF&c_birth=BD&c_birth=BT&c_birth=IN&c_birth=IR&c_birth=MV&c_birth=NP&c_birth=PK&c_birth=LK&c_birth=BN&c_birth=KH&c_birth=ID&c_birth=LA&c_birth=MY&c_birth=MM&c_birth=PH&c_birth=SG&c_birth=TH&c_birth=TL&c_birth=VN&c_birth=AM&c_birth=AZ&c_birth=BH&c_birth=IQ&c_birth=IL&c_birth=JO&c_birth=KW&c_birth=LB&c_birth=PS&c_birth=OM&c_birth=QA&c_birth=SA&c_birth=SY&c_birth=AE&c_birth=YE&c_birth=ASI_OTH&c_birth=OCE&c_birth=AU&c_birth=NZ&c_birth=FJ&c_birth=NC&c_birth=PG&c_birth=SB&c_birth=VU&c_birth=KI&c_birth=MH&c_birth=FM&c_birth=NR&c_birth=PW&c_birth=CK&c_birth=PF&c_birth=PN&c_birth=WS&c_birth=TO&c_birth=TV&c_birth=WF&c_birth=OCE_OTH&c_birth=TF&c_birth=FOR&c_birth=NAT&c_birth=TOTAL&c_birth=OTH&c_birth=UNK&sex=T&sex=M&sex=F&age=TOTAL&age=Y_LT5&age=Y5-9&age=Y10-14&age=Y_LT15&age=Y15-19&age=Y15-29&age=Y20-24&age=Y25-29&age=Y30-34&age=Y30-49&age=Y35-39&age=Y40-44&age=Y45-49&age=Y50-54&age=Y50-64&age=Y55-59&age=Y60-64&age=Y65-69&age=Y65-84&age=Y70-74&age=Y75-79&age=Y80-84&age=Y85-89&age=Y_GE85&age=Y90-94&age=Y95-99&age=Y_GE100&lang=en 
Population by country of birth, age groups, household status and NUTS 3 region, 2021 ;NUTS3;cens_21cobhs_r3;https://ec.europa.eu/eurostat/api/dissemination/statistics/1.0/data/cens_21cobhs_r3?format=JSON&geo=SI044&unit=NR&c_birth=EU_OTH&c_birth=NEU&c_birth=FOR&c_birth=NAT&c_birth=TOTAL&c_birth=OTH&c_birth=UNK&hhstatus=TOTAL&hhstatus=PRV&hhstatus=FAM&hhstatus=NFAM&hhstatus=PRV_UNK&hhstatus=NPRV&hhstatus=IST&hhstatus=NPRV_IHMLS_UNK&sex=T&sex=M&sex=F&age=TOTAL&age=Y_LT5&age=Y5-9&age=Y10-14&age=Y_LT15&age=Y15-19&age=Y15-29&age=Y20-24&age=Y25-29&age=Y30-34&age=Y30-49&age=Y35-39&age=Y40-44&age=Y45-49&age=Y50-54&age=Y50-64&age=Y55-59&age=Y60-64&age=Y65-69&age=Y65-84&age=Y70-74&age=Y75-79&age=Y80-84&age=Y85-89&age=Y_GE85&age=Y90-94&age=Y95-99&age=Y_GE100&lang=en 
Population by country of birth, age groups, type of housing arrangements and NUTS 3 region, 2021 ;NUTS3;cens_21cobha_r3;https://ec.europa.eu/eurostat/api/dissemination/statistics/1.0/data/cens_21cobha_r3?format=JSON&geo=SI044&unit=NR&c_birth=EU_OTH&c_birth=NEU&c_birth=EUR_NEU&c_birth=AFR&c_birth=AME_N&c_birth=AME_X_N&c_birth=ASI&c_birth=OCE&c_birth=FOR&c_birth=NAT&c_birth=TOTAL&c_birth=OTH&c_birth=UNK&housing=TOTAL&housing=H_CV&housing=DW&housing=CLQ&housing=H_NCV&housing=UNK&age=TOTAL&age=Y_LT5&age=Y5-9&age=Y10-14&age=Y_LT15&age=Y15-19&age=Y15-29&age=Y20-24&age=Y25-29&age=Y30-34&age=Y30-49&age=Y35-39&age=Y40-44&age=Y45-49&age=Y50-54&age=Y50-64&age=Y55-59&age=Y60-64&age=Y65-69&age=Y65-84&age=Y70-74&age=Y75-79&age=Y80-84&age=Y85-89&age=Y_GE85&age=Y90-94&age=Y95-99&age=Y_GE100&lang=en 
Population by marital status, broad age groups and NUTS 3 region, 2021 ;NUTS3;cens_21m_r3;https://ec.europa.eu/eurostat/api/dissemination/statistics/1.0/data/cens_21m_r3?format=JSON&geo=SI044&unit=NR&marsta=TOTAL&marsta=SIN&marsta=MAR_REP&marsta=WID_DTHREP&marsta=DIV_DISREP&marsta=UNK&age=TOTAL&age=Y_LT15&age=Y15-29&age=Y30-49&age=Y50-64&age=Y65-84&age=Y_GE85&sex=T&sex=M&sex=F&lang=en 
Population by family status, broad age groups and NUTS 3 region, 2021 ;NUTS3;cens_21f_r3;https://ec.europa.eu/eurostat/api/dissemination/statistics/1.0/data/cens_21f_r3?format=JSON&geo=SI044&unit=NR&age=TOTAL&age=Y_LT15&age=Y15-29&age=Y30-49&age=Y50-64&age=Y65-84&age=Y_GE85&hhstatus=TOTAL&hhstatus=CPL&hhstatus=MAR_REP&hhstatus=MARO_REPO&hhstatus=MARS_REPS&hhstatus=CSU&hhstatus=PAR1&hhstatus=CH_PAR&hhstatus=CH_CPL&hhstatus=CH_PAR1&hhstatus=NAP&hhstatus=UNK&sex=T&sex=M&sex=F&lang=en 
Population by size of the locality, age groups and NUTS 3 region, 2021 ;NUTS3;cens_21l_r3;https://ec.europa.eu/eurostat/api/dissemination/statistics/1.0/data/cens_21l_r3?format=JSON&geo=SI044&unit=NR&age=TOTAL&age=Y_LT5&age=Y5-9&age=Y10-14&age=Y_LT15&age=Y15-19&age=Y15-29&age=Y20-24&age=Y25-29&age=Y30-34&age=Y30-49&age=Y35-39&age=Y40-44&age=Y45-49&age=Y50-54&age=Y50-64&age=Y55-59&age=Y60-64&age=Y65-69&age=Y65-84&age=Y70-74&age=Y75-79&age=Y80-84&age=Y85-89&age=Y_GE85&age=Y90-94&age=Y95-99&age=Y_GE100&n_person=TOTAL&n_person=LT200&n_person=200-499&n_person=500-999&n_person=1000-1999&n_person=2000-4999&n_person=5000-9999&n_person=10000-19999&n_person=20000-49999&n_person=50000-99999&n_person=100000-199999&n_person=200000-499999&n_person=500000-999999&n_person=GE1000000&sex=T&sex=M&sex=F&lang=en 
Population by size of the locality, housing arrangements and NUTS 3 region, 2021 ;NUTS3;cens_21lha_r3;https://ec.europa.eu/eurostat/api/dissemination/statistics/1.0/data/cens_21lha_r3?format=JSON&geo=SI044&unit=NR&housing=TOTAL&housing=H_CV&housing=DW&housing=CLQ&housing=H_NCV&housing=UNK&n_person=TOTAL&n_person=LT200&n_person=200-499&n_person=500-999&n_person=1000-1999&n_person=2000-4999&n_person=5000-9999&n_person=10000-19999&n_person=20000-49999&n_person=50000-99999&n_person=100000-199999&n_person=200000-499999&n_person=500000-999999&n_person=GE1000000&sex=T&sex=M&sex=F&lang=en 
Population by year of arrival in the country since 2010, age groups, groups of country of birth and NUTS 3 region, 2021 ;NUTS3;cens_21argc_r3;https://ec.europa.eu/eurostat/api/dissemination/statistics/1.0/data/cens_21argc_r3?format=JSON&geo=SI044&unit=NR&y_arriv=TOTAL&y_arriv=Y_LE2009&y_arriv=Y_GE2010&y_arriv=UNK&c_birth=EU_OTH&c_birth=NEU&c_birth=FOR&c_birth=NAT&c_birth=TOTAL&c_birth=OTH&c_birth=UNK&age=TOTAL&age=Y_LT5&age=Y5-9&age=Y10-14&age=Y_LT15&age=Y15-19&age=Y15-29&age=Y20-24&age=Y25-29&age=Y30-34&age=Y30-49&age=Y35-39&age=Y40-44&age=Y45-49&age=Y50-54&age=Y50-64&age=Y55-59&age=Y60-64&age=Y65-69&age=Y65-84&age=Y70-74&age=Y75-79&age=Y80-84&age=Y85-89&age=Y_GE85&age=Y90-94&age=Y95-99&age=Y_GE100&sex=T&sex=M&sex=F&lang=en 
Population by year of arrival in the country, age groups, family status and NUTS 3 region, 2021 ;NUTS3;cens_21arf_r3;https://ec.europa.eu/eurostat/api/dissemination/statistics/1.0/data/cens_21arf_r3?format=JSON&geo=SI044&unit=NR&y_arriv=TOTAL&y_arriv=Y_GE1980&y_arriv=Y1980-1984&y_arriv=Y1985-1989&y_arriv=Y1990-1994&y_arriv=Y1995-1999&y_arriv=Y2000-2004&y_arriv=Y2005-2009&y_arriv=Y2010-2014&y_arriv=Y2015-2019&y_arriv=Y2020-2021&y_arriv=Y_LE1979_NRA&y_arriv=UNK&hhstatus=TOTAL&hhstatus=CPL&hhstatus=MAR_REP&hhstatus=CSU&hhstatus=PAR1&hhstatus=CH_PAR&hhstatus=CH_CPL&hhstatus=CH_PAR1&hhstatus=NAP&hhstatus=UNK&age=TOTAL&age=Y_LT15&age=Y15-29&age=Y30-49&age=Y50-64&age=Y65-84&age=Y_GE85&sex=T&sex=M&sex=F&lang=en 
Gross domestic product (GDP) at current market prices by NUTS 3 region ;NUTS3;nama_10r_3gdp;https://ec.europa.eu/eurostat/api/dissemination/statistics/1.0/data/nama_10r_3gdp?format=JSON&geo=SI044&unit=MIO_EUR&unit=EUR_HAB&unit=EUR_HAB_EU27_2020&unit=MIO_NAC&unit=MIO_PPS_EU27_2020&unit=PPS_EU27_2020_HAB&unit=PPS_HAB_EU27_2020&lang=en 
Employment (thousand persons) by NUTS 3 region ;NUTS3;nama_10r_3empers;https://ec.europa.eu/eurostat/api/dissemination/statistics/1.0/data/nama_10r_3empers?format=JSON&geo=SI044&unit=THS&wstatus=EMP&wstatus=SAL&wstatus=SELF&nace_r2=TOTAL&nace_r2=A&nace_r2=B-E&nace_r2=C&nace_r2=F&nace_r2=G-J&nace_r2=G-I&nace_r2=J&nace_r2=K-N&nace_r2=K&nace_r2=L&nace_r2=M_N&nace_r2=O-U&nace_r2=O-Q&nace_r2=R-U&lang=en 
Gross value added at basic prices and previous year prices by NUTS 3 region ;NUTS3;nama_10r_3gva;https://ec.europa.eu/eurostat/api/dissemination/statistics/1.0/data/nama_10r_3gva?format=JSON&geo=SI044&unit=CP_MEUR&unit=CP_MNAC&unit=PYP_MEUR&unit=PYP_MNAC&nace_r2=TOTAL&nace_r2=A&nace_r2=B-E&nace_r2=C&nace_r2=F&nace_r2=G-J&nace_r2=G-I&nace_r2=J&nace_r2=K-N&nace_r2=K&nace_r2=L&nace_r2=M_N&nace_r2=O-U&nace_r2=O-Q&nace_r2=R-U&lang=en 
Business demography and high growth enterprises by NACE Rev. 2 activity and NUTS 3 region ;NUTS3;bd_hgnace_r;https://ec.europa.eu/eurostat/api/dissemination/statistics/1.0/data/bd_hgnace_r?format=JSON&geo=SI044&indic_sbs=ENT_NR&indic_sbs=ENT_BRTH_NR&indic_sbs=ENT_BRTH_EMPSIZE_NR&indic_sbs=ENT_DTH_EMPSIZE_NR&indic_sbs=ENT_DTH_NR&indic_sbs=ENT_SRVL_EMPSIZE_Y3_NR&indic_sbs=ENT_SRVL_Y3_NR&indic_sbs=ENT_SRVLR_Y3_PC&indic_sbs=ENT_SRVLR_BRTH_Y3_PC&indic_sbs=ENT_HGRW_NR&indic_sbs=ENT_HGRWR_PC&indic_sbs=ENT_BRTHR_DTHR_PC&indic_sbs=ENT_BRTHR_PC&indic_sbs=ENT_DTHR_PC&indic_sbs=GRW_ENT_PC&indic_sbs=EMP_NR&indic_sbs=EMP_BRTH_NR&indic_sbs=EMP_BRTHR_PC&indic_sbs=EMP_DTH_NR&indic_sbs=EMP_SRVL_Y3_NR&indic_sbs=EMP_SRVL_YBRTH_Y3_NR&indic_sbs=EMP_DTHR_PC&indic_sbs=EMP_SRVLR_Y3_PC&indic_sbs=GRW_EMP_SRVL_Y3_PC&indic_sbs=SAL_NR&indic_sbs=SAL_BRTH_NR&indic_sbs=SAL_DTH_NR&indic_sbs=SAL_EMP_BRTHR_PC&nace_r2=B-S_X_O_S94&nace_r2=B-E&nace_r2=F&nace_r2=G&nace_r2=H&nace_r2=I&nace_r2=J&nace_r2=K_L&nace_r2=M_N&nace_r2=P_Q&nace_r2=R_S_X_S94&lang=en 
Business demography by size class and NUTS 3 region ;NUTS3;bd_size_r;https://ec.europa.eu/eurostat/api/dissemination/statistics/1.0/data/bd_size_r?format=JSON&geo=SI044&sizeclas=TOTAL&sizeclas=0&sizeclas=1-9&sizeclas=GE10&indic_sbs=ENT_NR&indic_sbs=ENT_BRTH_NR&indic_sbs=ENT_BRTH_EMPSIZE_NR&indic_sbs=ENT_DTH_EMPSIZE_NR&indic_sbs=ENT_DTH_NR&indic_sbs=ENT_SRVL_EMPSIZE_Y3_NR&indic_sbs=ENT_SRVL_Y3_NR&indic_sbs=ENT_SRVLR_Y3_PC&indic_sbs=ENT_SRVLR_BRTH_Y3_PC&indic_sbs=ENT_BRTHR_DTHR_PC&indic_sbs=ENT_BRTHR_PC&indic_sbs=ENT_DTHR_PC&indic_sbs=ENT_BRTH_PP_PC&indic_sbs=ENT_DTH_PP_PC&indic_sbs=GRW_ENT_PC&indic_sbs=EMP_NR&indic_sbs=EMP_BRTH_NR&indic_sbs=EMP_BRTHR_PC&indic_sbs=EMP_DTH_NR&indic_sbs=EMP_SRVL_Y3_NR&indic_sbs=EMP_SRVL_YBRTH_Y3_NR&indic_sbs=EMP_DTHR_PC&indic_sbs=EMP_SRVLR_Y3_PC&indic_sbs=GRW_EMP_SRVL_Y3_PC&indic_sbs=SAL_NR&indic_sbs=SAL_BRTH_NR&indic_sbs=SAL_DTH_NR&indic_sbs=SAL_EMP_BRTHR_PC&nace_r2=B-S_X_O_S94&lang=en 
Employer business demography by NACE Rev. 2 activity and NUTS 3 region ;NUTS3;bd_salge1_nace_r;https://ec.europa.eu/eurostat/api/dissemination/statistics/1.0/data/bd_salge1_nace_r?format=JSON&geo=SI044&indic_sbs=ENT_SALGE1_NR&indic_sbs=ENT_SALGE1_BRTH_NR&indic_sbs=ENT_SALGE1_BRTH_EMPSIZE_NR&indic_sbs=ENT_SALGE1_DTH_NR&indic_sbs=ENT_SALGE1_DTH_EMPSIZE_NR&indic_sbs=ENT_SALGE1_SRVL_Y3_NR&indic_sbs=ENT_SALGE1_SRVL_EMPSIZE_Y3_NR&indic_sbs=ENT_SALGE1_SRVLR_Y3_PC&indic_sbs=ENT_SALGE1_SRVLR_BRTH_Y3_PC&indic_sbs=ENT_SALGE1_BRTHR_DTHR_PC&indic_sbs=ENT_SALGE1_BRTHR_PC&indic_sbs=ENT_SALGE1_DTHR_PC&indic_sbs=GRW_ENT_SALGE1_PC&indic_sbs=EMP_SALGE1_NR&indic_sbs=EMP_SALGE1_BRTH_NR&indic_sbs=EMP_SALGE1_BRTHR_PC&indic_sbs=EMP_SALGE1_DTH_NR&indic_sbs=EMP_SALGE1_DTHR_PC&indic_sbs=EMP_SALGE1_SRVL_Y3_NR&indic_sbs=EMP_SALGE1_SRVL_YBRTH_Y3_NR&indic_sbs=EMP_SALGE1_SRVLR_Y3_PC&indic_sbs=GRW_EMP_SALGE1_SRVL_Y3_PC&indic_sbs=SAL_SALGE1_NR&indic_sbs=SAL_SALGE1_BRTH_NR&indic_sbs=SAL_SALGE1_DTH_NR&indic_sbs=SAL_SALGE1_EMP_BRTHR_PC&nace_r2=B-S_X_O_S94&nace_r2=B-E&nace_r2=F&nace_r2=G&nace_r2=H&nace_r2=I&nace_r2=J&nace_r2=K_L&nace_r2=M_N&nace_r2=P_Q&nace_r2=R_S_X_S94&lang=en 
Employer business demography by size class and NUTS 3 region ;NUTS3;bd_salge1_size_r;https://ec.europa.eu/eurostat/api/dissemination/statistics/1.0/data/bd_salge1_size_r?format=JSON&geo=SI044&sizeclas=TOTAL&sizeclas=1-9&sizeclas=GE10&indic_sbs=ENT_SALGE1_NR&indic_sbs=ENT_SALGE1_BRTH_NR&indic_sbs=ENT_SALGE1_BRTH_PP_PC&indic_sbs=ENT_SALGE1_BRTH_EMPSIZE_NR&indic_sbs=ENT_SALGE1_DTH_NR&indic_sbs=ENT_SALGE1_DTH_PP_PC&indic_sbs=ENT_SALGE1_DTH_EMPSIZE_NR&indic_sbs=ENT_SALGE1_SRVL_Y3_NR&indic_sbs=ENT_SALGE1_SRVL_EMPSIZE_Y3_NR&indic_sbs=ENT_SALGE1_SRVLR_Y3_PC&indic_sbs=ENT_SALGE1_SRVLR_BRTH_Y3_PC&indic_sbs=ENT_SALGE1_BRTHR_DTHR_PC&indic_sbs=ENT_SALGE1_BRTHR_PC&indic_sbs=ENT_SALGE1_DTHR_PC&indic_sbs=GRW_ENT_SALGE1_PC&indic_sbs=EMP_SALGE1_NR&indic_sbs=EMP_SALGE1_BRTH_NR&indic_sbs=EMP_SALGE1_BRTHR_PC&indic_sbs=EMP_SALGE1_DTH_NR&indic_sbs=EMP_SALGE1_DTHR_PC&indic_sbs=EMP_SALGE1_SRVL_Y3_NR&indic_sbs=EMP_SALGE1_SRVL_YBRTH_Y3_NR&indic_sbs=EMP_SALGE1_SRVLR_Y3_PC&indic_sbs=GRW_EMP_SALGE1_SRVL_Y3_PC&indic_sbs=SAL_SALGE1_NR&indic_sbs=SAL_SALGE1_BRTH_NR&indic_sbs=SAL_SALGE1_DTH_NR&indic_sbs=SAL_SALGE1_EMP_BRTHR_PC&nace_r2=B-S_X_O_S94&lang=en 
Nominal Labour productivity by NUTS 3 regions ;NUTS3;nama_10r_3nlp;https://ec.europa.eu/eurostat/api/dissemination/statistics/1.0/data/nama_10r_3nlp?format=JSON&geo=SI044&unit=EUR&unit=NAC&unit=PC_EU27_2020_MEUR_CP&na_item=NLPR_PER&lang=en 
Patent applications to the EPO by priority year by NUTS 3 region (1977-2012) ;NUTS3;pat_ep_rtot;https://ec.europa.eu/eurostat/api/dissemination/statistics/1.0/data/pat_ep_rtot?format=JSON&geo=SI024&unit=NR&unit=GDP_BEUR&unit=P_MHAB&unit=P_MACT&lang=en 
Patent applications to the EPO by priority year by NUTS 3 region, international patent classification (IPC) sections and classes (1977-2013) ;NUTS3;pat_ep_ripc;https://ec.europa.eu/eurostat/api/dissemination/statistics/1.0/data/pat_ep_ripc?format=JSON&geo=SI024&unit=NR&unit=GDP_BEUR&unit=P_MHAB&unit=P_MACT&ipc=IPC&ipc=A&ipc=A01&ipc=A21&ipc=A22&ipc=A23&ipc=A24&ipc=A41&ipc=A42&ipc=A43&ipc=A44&ipc=A45&ipc=A46&ipc=A47&ipc=A61&ipc=A62&ipc=A63&ipc=B&ipc=B01&ipc=B02&ipc=B03&ipc=B04&ipc=B05&ipc=B06&ipc=B07&ipc=B08&ipc=B09&ipc=B21&ipc=B22&ipc=B23&ipc=B24&ipc=B25&ipc=B26&ipc=B27&ipc=B28&ipc=B29&ipc=B30&ipc=B31&ipc=B32&ipc=B41&ipc=B42&ipc=B43&ipc=B44&ipc=B60&ipc=B61&ipc=B62&ipc=B63&ipc=B64&ipc=B65&ipc=B66&ipc=B67&ipc=B68&ipc=B81&ipc=B82&ipc=C&ipc=C01&ipc=C02&ipc=C03&ipc=C04&ipc=C05&ipc=C06&ipc=C07&ipc=C08&ipc=C09&ipc=C10&ipc=C11&ipc=C12&ipc=C13&ipc=C14&ipc=C21&ipc=C22&ipc=C23&ipc=C25&ipc=C30&ipc=C40&ipc=D&ipc=D01&ipc=D02&ipc=D03&ipc=D04&ipc=D05&ipc=D06&ipc=D07&ipc=D21&ipc=E&ipc=E01&ipc=E02&ipc=E03&ipc=E04&ipc=E05&ipc=E06&ipc=E21&ipc=F&ipc=F01&ipc=F02&ipc=F03&ipc=F04&ipc=F15&ipc=F16&ipc=F17&ipc=F21&ipc=F22&ipc=F23&ipc=F24&ipc=F25&ipc=F26&ipc=F27&ipc=F28&ipc=F41&ipc=F42&ipc=G&ipc=G01&ipc=G02&ipc=G03&ipc=G04&ipc=G05&ipc=G06&ipc=G07&ipc=G08&ipc=G09&ipc=G10&ipc=G11&ipc=G12&ipc=G21&ipc=H&ipc=H01&ipc=H02&ipc=H03&ipc=H04&ipc=H05&ipc=UNK&lang=en 
High-tech patent applications to the EPO by priority year by NUTS 3 region (1977-2012) ;NUTS3;pat_ep_rtec;https://ec.europa.eu/eurostat/api/dissemination/statistics/1.0/data/pat_ep_rtec?format=JSON&geo=SI024&unit=NR&unit=GDP_BEUR&unit=P_MHAB&unit=P_MACT&ipc=HT&ipc=AVI&ipc=CAB&ipc=CTE&ipc=LSR&ipc=MGE&ipc=SMC&lang=en 
Patent applications to the EPO by country of applicants and inventors (2004 and onwards);country;pat_ep_tot;https://ec.europa.eu/eurostat/api/dissemination/statistics/1.0/data/pat_ep_tot?format=JSON&geo=SI&unit=NR&unit=P_MHAB&coop_ptn=APPL&coop_ptn=INVT&lang=en 
Guest nights spent at short-stay accommodation offered via collaborative economy platforms by NUTS 3 region - experimental statistics (2018-2023);NUTS3;tour_ce_oan3;https://ec.europa.eu/eurostat/api/dissemination/statistics/1.0/data/tour_ce_oan3?format=JSON&geo=SI044&unit=NR&indic_to=NGT_SP&c_resid=DOM&c_resid=FOR&c_resid=TOTAL&lang=en 
Households with access to the internet at home;NUTS2;ISOC_R_IACC_H;https://ec.europa.eu/eurostat/api/dissemination/statistics/1.0/data/isoc_r_iacc_h?format=JSON&geo=SI04&unit=PC_HH&lang=en 
Households with broadband access;NUTS2;ISOC_R_BROAD_H;https://ec.europa.eu/eurostat/api/dissemination/statistics/1.0/data/isoc_r_broad_h?format=JSON&geo=SI04&unit=PC_HH&unit=PC_HH_IACC&lang=en 
Individuals who used the internet, frequency of use and activities;NUTS2;ISOC_R_IUSE_I;https://ec.europa.eu/eurostat/api/dissemination/statistics/1.0/data/isoc_r_iuse_i?format=JSON&geo=SI04&unit=PC_IND&unit=PC_IND_IU3&indic_is=I_IUSE&indic_is=I_IDAY&indic_is=I_IUSNET&indic_is=I_IUBK&indic_is=I_IUSELL&indic_is=I_IUCPP&indic_is=I_IU3&indic_is=I_ILT12&indic_is=I_IUX&lang=en 
Individuals who used the internet for interaction with public authorities;NUTS2;ISOC_R_GOV_I;https://ec.europa.eu/eurostat/api/dissemination/statistics/1.0/data/isoc_r_gov_i?format=JSON&geo=SI04&unit=PC_IND&unit=PC_IND_ILT12&indic_is=I_IUGOV12&indic_is=I_IGOV12RT&lang=en 
Individuals who ordered goods or services over the internet for private use;NUTS2;ISOC_R_BLT12_I;https://ec.europa.eu/eurostat/api/dissemination/statistics/1.0/data/isoc_r_blt12_i?format=JSON&geo=SI04&unit=PC_IND&unit=PC_IND_ILT12&unit=PC_IND_IU3&unit=PC_IND_BLT12&indic_is=I_BUY3&indic_is=I_B3_12&indic_is=I_BLT12&indic_is=I_BUMT12&indic_is=I_BUMT12X&indic_is=I_BPG_EU&indic_is=I_BHOLS&indic_is=I_BFEU&lang=en 
Use of computers and the internet by employees, by NACE Rev. 2 activity and NUTS 2 region (microenterprises are excluded);NUTS2;ISOC_R_CI_CM_PN2;https://ec.europa.eu/eurostat/api/dissemination/statistics/1.0/data/isoc_r_ci_cm_pn2?format=JSON&geo=SI04&unit=PC_EMP&nace_r2=C-F&nace_r2=C-E&nace_r2=C&nace_r2=C10-S951_X_K&nace_r2=D_E&nace_r2=F&nace_r2=G&nace_r2=G45-S951_X_K&nace_r2=H&nace_r2=I&nace_r2=J&nace_r2=L_M&nace_r2=N&size_emp=GE10&indic_is=P_IUSE&lang=en 
Internet access by NACE Rev. 2 activity and NUTS 2 region;NUTS2;ISOC_R_CI_IN_EN2;https://ec.europa.eu/eurostat/api/dissemination/statistics/1.0/data/isoc_r_ci_in_en2?format=JSON&geo=SI04&unit=PC_ENT&nace_r2=C-F&nace_r2=C-E&nace_r2=C&nace_r2=C10-S951_X_K&nace_r2=D_E&nace_r2=F&nace_r2=G&nace_r2=G45-S951_X_K&nace_r2=H&nace_r2=I&nace_r2=J&nace_r2=L_M&nace_r2=N&size_emp=GE10&indic_is=E_IUSE&indic_is=E_IUSE_GT10&indic_is=E_IUSE_GT50&indic_is=E_IUSE_GE10A&lang=en 
Type of connections to the internet by NACE Rev. 2 activity and NUTS 2 region;NUTS2;ISOC_R_CI_IT_EN2;https://ec.europa.eu/eurostat/api/dissemination/statistics/1.0/data/isoc_r_ci_it_en2?format=JSON&geo=SI04&unit=PC_ENT&unit=PC_ENT_FIXBB&unit=PC_ENT_IUSE&nace_r2=C-F&nace_r2=C-E&nace_r2=C&nace_r2=C10-S951_X_K&nace_r2=D_E&nace_r2=F&nace_r2=G&nace_r2=G45-S951_X_K&nace_r2=H&nace_r2=I&nace_r2=J&nace_r2=L_M&nace_r2=N&size_emp=GE10&indic_is=E_FIXBB&indic_is=E_ISPDF_LT30&indic_is=E_ISPDF_100_500&indic_is=E_ISPDF_500_1G&indic_is=E_ISPDF_GE1G&indic_is=E_ISPDF1_30_100&indic_is=E_ISPDF1_GE30&indic_is=E_ISPDF1_GE100&lang=en 
Cloud computing services by NACE Rev. 2 activity and NUTS 2 region;NUTS2;ISOC_R_CICCE_USEN2;https://ec.europa.eu/eurostat/api/dissemination/statistics/1.0/data/isoc_r_cicce_usen2?format=JSON&geo=SI04&unit=PC_ENT&unit=PC_ENT_IUSE&nace_r2=C-F&nace_r2=C-E&nace_r2=C&nace_r2=C10-S951_X_K&nace_r2=D_E&nace_r2=F&nace_r2=G&nace_r2=G45-S951_X_K&nace_r2=H&nace_r2=I&nace_r2=J&nace_r2=L_M&nace_r2=N&size_emp=GE10&indic_is=E_CC&indic_is=E_CCX&lang=en 
Artificial intelligence by NACE Rev. 2 activity and NUTS 2 region;NUTS2;ISOC_R_EB_AIN2;https://ec.europa.eu/eurostat/api/dissemination/statistics/1.0/data/isoc_r_eb_ain2?format=JSON&geo=SI04&unit=PC_ENT&unit=PC_ENT_IUSE&nace_r2=C-F&nace_r2=C-E&nace_r2=C&nace_r2=C10-S951_X_K&nace_r2=D_E&nace_r2=F&nace_r2=G&nace_r2=G45-S951_X_K&nace_r2=H&nace_r2=I&nace_r2=J&nace_r2=L_M&nace_r2=N&size_emp=GE10&indic_is=E_AI_TTM&indic_is=E_AI_TSR&indic_is=E_AI_TNLG&indic_is=E_AI_TIR&indic_is=E_AI_TML&indic_is=E_AI_TPA&indic_is=E_AI_TAR&indic_is=E_AI_TANY&indic_is=E_AI_TX&indic_is=E_AI_TGE2&indic_is=E_AI_TGE3&indic_is=E_AI_CC&lang=en 
Integration with customers/suppliers, supply chain management by NACE Rev. 2 activity and NUTS 2 region;NUTS2;ISOC_R_EB_ICSN2;https://ec.europa.eu/eurostat/api/dissemination/statistics/1.0/data/isoc_r_eb_icsn2?format=JSON&geo=SI04&unit=PC_ENT&unit=PC_ENT_IUSE&nace_r2=C-F&nace_r2=C-E&nace_r2=C&nace_r2=C10-S951_X_K&nace_r2=D_E&nace_r2=F&nace_r2=G&nace_r2=G45-S951_X_K&nace_r2=H&nace_r2=I&nace_r2=J&nace_r2=L_M&nace_r2=N&size_emp=GE10&indic_is=E_INV4S_AP&indic_is=E_INV4S_EMP&indic_is=E_INV4S_PMP&lang=en 
Integration of internal processes by NACE Rev. 2 activity and NUTS 2 region;NUTS2;ISOC_R_EB_IIPN2;https://ec.europa.eu/eurostat/api/dissemination/statistics/1.0/data/isoc_r_eb_iipn2?format=JSON&geo=SI04&unit=PC_ENT&unit=PC_ENT_IUSE&nace_r2=C-F&nace_r2=C-E&nace_r2=C&nace_r2=C10-S951_X_K&nace_r2=D_E&nace_r2=F&nace_r2=G&nace_r2=G45-S951_X_K&nace_r2=H&nace_r2=I&nace_r2=J&nace_r2=L_M&nace_r2=N&size_emp=GE10&indic_is=E_ERP1&indic_is=E_CRM1&indic_is=E_ITBI&indic_is=E_BSANY&lang=en 
E-commerce sales of enterprises by NACE Rev. 2 activity and NUTS 2 region;NUTS2;ISOC_R_EC_ESELN2;https://ec.europa.eu/eurostat/api/dissemination/statistics/1.0/data/isoc_r_ec_eseln2?format=JSON&geo=SI04&unit=PC_ENT&unit=PC_ENT_IUSE&nace_r2=C-F&nace_r2=C-E&nace_r2=C&nace_r2=C10-S951_X_K&nace_r2=D_E&nace_r2=F&nace_r2=G&nace_r2=G45-S951_X_K&nace_r2=H&nace_r2=I&nace_r2=J&nace_r2=L_M&nace_r2=N&size_emp=GE10&indic_is=E_AWSELL&lang=en 
Value of e-commerce sales by NACE Rev. 2 activity and NUTS 2 region;NUTS2;ISOC_R_EC_EVALN2;https://ec.europa.eu/eurostat/api/dissemination/statistics/1.0/data/isoc_r_ec_evaln2?format=JSON&geo=SI04&unit=PC_TURN&nace_r2=C-F&nace_r2=C-E&nace_r2=C&nace_r2=C10-S951_X_K&nace_r2=D_E&nace_r2=F&nace_r2=G&nace_r2=G45-S951_X_K&nace_r2=H&nace_r2=I&nace_r2=J&nace_r2=L_M&nace_r2=N&size_emp=GE10&indic_is=E_AWSVAL&lang=en 
Data analytics by NACE Rev. 2 activity and NUTS 2 region;NUTS2;ISOC_R_EB_DAN2;https://ec.europa.eu/eurostat/api/dissemination/statistics/1.0/data/isoc_r_eb_dan2?format=JSON&geo=SI04&unit=PC_ENT&unit=PC_ENT_IUSE&size_emp=GE10&nace_r2=C-F&nace_r2=C-E&nace_r2=C&nace_r2=C10-S951_X_K&nace_r2=D_E&nace_r2=F&nace_r2=G&nace_r2=G45-S951_X_K&nace_r2=H&nace_r2=I&nace_r2=J&nace_r2=L_M&nace_r2=N&indic_is=E_DAOWN&lang=en
Structure of agricultural holdings by NUTS 3 region - main indicators;NUTS3;ef_r_nuts;https://ec.europa.eu/eurostat/api/dissemination/statistics/1.0/data/ef_r_nuts?format=JSON&geo=SI024&ind_farm=039&ind_farm=040&ind_farm=042&ind_farm=044&ind_farm=046&ind_farm=048&ind_farm=050&ind_farm=052&ind_farm=054&ind_farm=056&ind_farm=058&ind_farm=060&ind_farm=062&ind_farm=064&ind_farm=066&ind_farm=068&ind_farm=070&ind_farm=072&ind_farm=074&ind_farm=076&ind_farm=078&ind_farm=080&ind_farm=082&ind_farm=084&ind_farm=087&ind_farm=099&ind_farm=101&ind_farm=103&ind_farm=105&ind_farm=107&ind_farm=109&lang=en
Nights spent at tourist accommodation establishments by NUTS 3 region (from 2020 onwards);NUTS3;tour_occ_nin3;https://ec.europa.eu/eurostat/api/dissemination/statistics/1.0/data/tour_occ_nin3?format=JSON&geo=SI044&unit=NR&unit=P_THAB&unit=PCH_PRE&c_resid=DOM&c_resid=FOR&c_resid=TOTAL&nace_r2=I551-I553&nace_r2=I551&nace_r2=I552_I553&nace_r2=I552&nace_r2=I553&lang=en
Private households by household composition, size and NUTS 3 region;NUTS3;cens_21hhcs_r3;https://ec.europa.eu/eurostat/api/dissemination/statistics/1.0/data/cens_21hhcs_r3?format=JSON&geo=SI044&unit=NR&n_person=TOTAL&n_person=1&n_person=2&n_person=3&n_person=3-5&n_person=4&n_person=5&n_person=6-10&n_person=GE11&hhcomp=TOTAL&hhcomp=FAM1&hhcomp=CPL&hhcomp=CPL_NCH&hhcomp=M1_CH&hhcomp=F1_CH&hhcomp=FAM_GE2&hhcomp=NFAM&hhcomp=P1&hhcomp=MULTI&lang=en
Road accidents by NUTS 3 region;NUTS3;tran_sf_roadnu;https://ec.europa.eu/eurostat/api/dissemination/statistics/1.0/data/tran_sf_roadnu?format=JSON&geo=SI024&unit=NR&unit=P_MHAB&lang=en
Projected life expectancy by age (reached during the year), sex, type of projection and NUTS 3 region;NUTS3;proj_19ralexp3;https://ec.europa.eu/eurostat/api/dissemination/statistics/1.0/data/proj_19ralexp3?format=JSON&geo=SI044&unit=NR&unit=YR&projection=BSL&age=Y_LT1&age=Y1&age=Y2&age=Y3&age=Y4&age=Y5&age=Y6&age=Y7&age=Y8&age=Y9&age=Y10&age=Y11&age=Y12&age=Y13&age=Y14&age=Y15&age=Y16&age=Y17&age=Y18&age=Y19&age=Y20&age=Y21&age=Y22&age=Y23&age=Y24&age=Y25&age=Y26&age=Y27&age=Y28&age=Y29&age=Y30&age=Y31&age=Y32&age=Y33&age=Y34&age=Y35&age=Y36&age=Y37&age=Y38&age=Y39&age=Y40&age=Y41&age=Y42&age=Y43&age=Y44&age=Y45&age=Y46&age=Y47&age=Y48&age=Y49&age=Y50&age=Y51&age=Y52&age=Y53&age=Y54&age=Y55&age=Y56&age=Y57&age=Y58&age=Y59&age=Y60&age=Y61&age=Y62&age=Y63&age=Y64&age=Y65&age=Y66&age=Y67&age=Y68&age=Y69&age=Y70&age=Y71&age=Y72&age=Y73&age=Y74&age=Y75&age=Y76&age=Y77&age=Y78&age=Y79&age=Y80&age=Y81&age=Y82&age=Y83&age=Y84&age=Y85&age=Y86&age=Y87&age=Y88&age=Y89&age=Y90&age=Y91&age=Y92&age=Y93&age=Y94&age=Y95&age=Y96&age=Y97&age=Y98&age=Y99&age=Y_GE100&sex=M&sex=F&lang=en
National road freight transport by region of loading (NUTS 3) and type of goods (t) - annual data (from 2008 onwards);NUTS3;road_go_na_rl3g;https://ec.europa.eu/eurostat/api/dissemination/statistics/1.0/data/road_go_na_rl3g?format=JSON&geo=SI044&unit=THS_T&nst07=TOTAL&nst07=GT01&nst07=GT02&nst07=GT03&nst07=GT04&nst07=GT05&nst07=GT06&nst07=GT07&nst07=GT08&nst07=GT09&nst07=GT10&nst07=GT11&nst07=GT12&nst07=GT13&nst07=GT14&nst07=GT15&nst07=GT16&nst07=GT17&nst07=GT18&nst07=GT19&nst07=GT20&nst07=UNK&lang=en
Population by age group, sex and NUTS 3 region;NUTS3;demo_r_pjangrp3;https://ec.europa.eu/eurostat/api/dissemination/statistics/1.0/data/demo_r_pjangrp3?format=JSON&geo=BG315&unit=NR&sex=T&sex=M&sex=F&age=TOTAL&age=Y_LT5&age=Y5-9&age=Y10-14&age=Y15-19&age=Y20-24&age=Y25-29&age=Y30-34&age=Y35-39&age=Y40-44&age=Y45-49&age=Y50-54&age=Y55-59&age=Y60-64&age=Y65-69&age=Y70-74&age=Y75-79&age=Y80-84&age=Y85-89&age=Y_GE85&age=Y_GE90&age=UNK&lang=en 
Population by broad age group, sex and NUTS 3 region;NUTS3;demo_r_pjanaggr3;https://ec.europa.eu/eurostat/api/dissemination/statistics/1.0/data/demo_r_pjanaggr3?format=JSON&geo=BG315&unit=NR&sex=T&sex=M&sex=F&age=TOTAL&age=Y_LT15&age=Y15-64&age=Y_GE65&age=UNK&lang=en 
Population density by NUTS 3 region;NUTS3;demo_r_d3dens;https://ec.europa.eu/eurostat/api/dissemination/statistics/1.0/data/demo_r_d3dens?format=JSON&geo=BG315&unit=PER_KM2&lang=en 
Population structure indicators by NUTS 3 region;NUTS3;demo_r_pjanind3;https://ec.europa.eu/eurostat/api/dissemination/statistics/1.0/data/demo_r_pjanind3?format=JSON&geo=BG315&unit=YR&unit=PC&indic_de=DEPRATIO1&indic_de=DEPRATIO2&indic_de=DEPRATIO3&indic_de=DEPRATIO4&indic_de=FMEDAGEPOP&indic_de=MEDAGEPOP&indic_de=MMEDAGEPOP&indic_de=OLDDEP1&indic_de=OLDDEP2&indic_de=OLDDEP3&indic_de=OLDDEP4&indic_de=PC_FM&indic_de=PC_Y0_14&indic_de=PC_Y0_18&indic_de=PC_Y0_19&indic_de=PC_Y0_4&indic_de=PC_Y10_14&indic_de=PC_Y15_19&indic_de=PC_Y15_24&indic_de=PC_Y15_29&indic_de=PC_Y15_74&indic_de=PC_Y20_24&indic_de=PC_Y20_39&indic_de=PC_Y20_64&indic_de=PC_Y25_29&indic_de=PC_Y25_44&indic_de=PC_Y25_49&indic_de=PC_Y30_34&indic_de=PC_Y35_39&indic_de=PC_Y40_44&indic_de=PC_Y40_59&indic_de=PC_Y45_49&indic_de=PC_Y45_64&indic_de=PC_Y50_54&indic_de=PC_Y50_64&indic_de=PC_Y55_59&indic_de=PC_Y5_9&indic_de=PC_Y60_64&indic_de=PC_Y60_79&indic_de=PC_Y60_MAX&indic_de=PC_Y65_69&indic_de=PC_Y65_79&indic_de=PC_Y65_MAX&indic_de=PC_Y70_74&indic_de=PC_Y75_79&indic_de=PC_Y75_MAX&indic_de=PC_Y80_84&indic_de=PC_Y80_MAX&indic_de=PC_Y85_MAX&indic_de=PC_Y100_MAX&indic_de=YOUNGDEP1&indic_de=YOUNGDEP2&indic_de=YOUNGDEP3&indic_de=YOUNGDEP4&lang=en 
Population change - Demographic balance and crude rates at regional level (NUTS 3);NUTS3;demo_r_gind3;https://ec.europa.eu/eurostat/api/dissemination/statistics/1.0/data/demo_r_gind3?format=JSON&geo=BG315&indic_de=CNMIGRAT&indic_de=CNMIGRATRT&indic_de=DEATH&indic_de=GBIRTHRT&indic_de=GDEATHRT&indic_de=GROW&indic_de=GROWRT&indic_de=JAN&indic_de=LBIRTH&indic_de=NATGROW&indic_de=NATGROWRT&lang=en 
Live births (total) by NUTS 3 region ;NUTS3;demo_r_births;https://ec.europa.eu/eurostat/api/dissemination/statistics/1.0/data/demo_r_births?format=JSON&geo=BG315&unit=NR&lang=en 
Live births by age group of the mothers and NUTS 3 region ;NUTS3;demo_r_fagec3;https://ec.europa.eu/eurostat/api/dissemination/statistics/1.0/data/demo_r_fagec3?format=JSON&geo=BG315&unit=NR&unit=NR&age=TOTAL&age=Y10-14&age=Y15-19&age=Y_LT20&age=Y20-24&age=Y25-29&age=Y30-34&age=Y35-39&age=Y40-44&age=Y45-49&age=Y_GE45&age=Y_GE50&age=UNK&lang=en 
Fertility indicators by NUTS 3 region ;NUTS3;demo_r_find3;https://ec.europa.eu/eurostat/api/dissemination/statistics/1.0/data/demo_r_find3?format=JSON&geo=BG315&unit=NR&unit=YR&indic_de=AGEMOTH&indic_de=MEDAGEMOTH&indic_de=TOTFERRT&lang=en 
Deaths (total) by NUTS 3 region ;NUTS3;demo_r_deaths;https://ec.europa.eu/eurostat/api/dissemination/statistics/1.0/data/demo_r_deaths?format=JSON&geo=BG315&unit=NR&unit=NR&lang=en 
Population by country of citizenship, age groups and NUTS 3 region, 2021 ;NUTS3;cens_21ctz_r3;https://ec.europa.eu/eurostat/api/dissemination/statistics/1.0/data/cens_21ctz_r3?format=JSON&geo=BG315&unit=NR&citizen=BE&citizen=BG&citizen=CZ&citizen=DK&citizen=DE&citizen=EE&citizen=IE&citizen=EL&citizen=ES&citizen=FR&citizen=HR&citizen=IT&citizen=CY&citizen=LV&citizen=LT&citizen=LU&citizen=HU&citizen=MT&citizen=NL&citizen=AT&citizen=PL&citizen=PT&citizen=RO&citizen=SI&citizen=SK&citizen=FI&citizen=SE&citizen=EU_FOR&citizen=IS&citizen=LI&citizen=NO&citizen=CH&citizen=UK&citizen=BA&citizen=ME&citizen=MD&citizen=MK&citizen=GE&citizen=AL&citizen=RS&citizen=TR&citizen=UA&citizen=XK&citizen=AD&citizen=BY&citizen=VA&citizen=MC&citizen=RU&citizen=SM&citizen=NEU&citizen=EUR_NEU&citizen=EUR_OTH&citizen=AFR&citizen=AO&citizen=CM&citizen=CF&citizen=TD&citizen=CG&citizen=CD&citizen=GQ&citizen=GA&citizen=ST&citizen=BI&citizen=KM&citizen=DJ&citizen=ER&citizen=ET&citizen=KE&citizen=MG&citizen=MW&citizen=MU&citizen=MZ&citizen=RW&citizen=SC&citizen=SO&citizen=UG&citizen=TZ&citizen=ZM&citizen=ZW&citizen=DZ&citizen=EG&citizen=LY&citizen=MA&citizen=SS&citizen=SD&citizen=TN&citizen=EH&citizen=BW&citizen=LS&citizen=NA&citizen=ZA&citizen=SZ&citizen=BJ&citizen=BF&citizen=CV&citizen=CI&citizen=GM&citizen=GH&citizen=GN&citizen=GW&citizen=LR&citizen=ML&citizen=MR&citizen=NE&citizen=NG&citizen=SN&citizen=SL&citizen=TG&citizen=AFR_OTH&citizen=AME_N&citizen=CA&citizen=US&citizen=AME_N_OTH&citizen=AME_X_N&citizen=AG&citizen=AW&citizen=BS&citizen=BB&citizen=CU&citizen=CW&citizen=DM&citizen=DO&citizen=GD&citizen=HT&citizen=JM&citizen=KN&citizen=LC&citizen=VC&citizen=SX&citizen=TT&citizen=BZ&citizen=CR&citizen=SV&citizen=GT&citizen=HN&citizen=MX&citizen=NI&citizen=PA&citizen=AR&citizen=BO&citizen=BR&citizen=CL&citizen=CO&citizen=EC&citizen=GY&citizen=PY&citizen=PE&citizen=SR&citizen=UY&citizen=VE&citizen=AME_X_N_OTH&citizen=ASI&citizen=KZ&citizen=KG&citizen=TJ&citizen=TM&citizen=UZ&citizen=CN&citizen=JP&citizen=MN&citizen=KP&citizen=KR&citizen=TW&citizen=AF&citizen=BD&citizen=BT&citizen=IN&citizen=IR&citizen=MV&citizen=NP&citizen=PK&citizen=LK&citizen=BN&citizen=KH&citizen=ID&citizen=LA&citizen=MY&citizen=MM&citizen=PH&citizen=SG&citizen=TH&citizen=TL&citizen=VN&citizen=AM&citizen=AZ&citizen=BH&citizen=IQ&citizen=IL&citizen=JO&citizen=KW&citizen=LB&citizen=PS&citizen=OM&citizen=QA&citizen=SA&citizen=SY&citizen=AE&citizen=YE&citizen=ASI_OTH&citizen=OCE&citizen=AU&citizen=NZ&citizen=FJ&citizen=PG&citizen=SB&citizen=VU&citizen=KI&citizen=MH&citizen=FM&citizen=NR&citizen=PW&citizen=WS&citizen=TO&citizen=TV&citizen=OCE_OTH&citizen=FOR&citizen=NAT&citizen=RNC&citizen=STLS&citizen=TOTAL&citizen=UNK&sex=T&sex=M&sex=F&age=TOTAL&age=Y_LT5&age=Y5-9&age=Y10-14&age=Y_LT15&age=Y15-19&age=Y15-29&age=Y20-24&age=Y25-29&age=Y30-34&age=Y30-49&age=Y35-39&age=Y40-44&age=Y45-49&age=Y50-54&age=Y50-64&age=Y55-59&age=Y60-64&age=Y65-69&age=Y65-84&age=Y70-74&age=Y75-79&age=Y80-84&age=Y85-89&age=Y_GE85&age=Y90-94&age=Y95-99&age=Y_GE100&lang=en 
Population by country of citizenship, age groups, family status and NUTS 3 region, 2021 ;NUTS3;cens_21ctzf_r3;https://ec.europa.eu/eurostat/api/dissemination/statistics/1.0/data/cens_21ctzf_r3?format=JSON&geo=BG315&unit=NR&citizen=EU_FOR&citizen=NEU&citizen=FOR&citizen=NAT&citizen=STLS&citizen=TOTAL&citizen=UNK&hhstatus=TOTAL&hhstatus=CPL&hhstatus=PAR1&hhstatus=CH_PAR&hhstatus=NAP&hhstatus=UNK&sex=T&sex=M&sex=F&age=TOTAL&age=Y_LT5&age=Y5-9&age=Y10-14&age=Y_LT15&age=Y15-19&age=Y15-29&age=Y20-24&age=Y25-29&age=Y30-34&age=Y30-49&age=Y35-39&age=Y40-44&age=Y45-49&age=Y50-54&age=Y50-64&age=Y55-59&age=Y60-64&age=Y65-69&age=Y65-84&age=Y70-74&age=Y75-79&age=Y80-84&age=Y85-89&age=Y_GE85&age=Y90-94&age=Y95-99&age=Y_GE100&lang=en 
Population by country of citizenship, age groups, type of housing arrangements and NUTS 3 region, 2021 ;NUTS3;cens_21ctzha_r3;https://ec.europa.eu/eurostat/api/dissemination/statistics/1.0/data/cens_21ctzha_r3?format=JSON&geo=BG315&unit=NR&citizen=EU_FOR&citizen=NEU&citizen=EUR_NEU&citizen=AFR&citizen=AME_N&citizen=AME_X_N&citizen=ASI&citizen=OCE&citizen=FOR&citizen=NAT&citizen=STLS&citizen=TOTAL&citizen=UNK&housing=TOTAL&housing=H_CV&housing=DW&housing=CLQ&housing=H_NCV&housing=UNK&age=TOTAL&age=Y_LT5&age=Y5-9&age=Y10-14&age=Y_LT15&age=Y15-19&age=Y15-29&age=Y20-24&age=Y25-29&age=Y30-34&age=Y30-49&age=Y35-39&age=Y40-44&age=Y45-49&age=Y50-54&age=Y50-64&age=Y55-59&age=Y60-64&age=Y65-69&age=Y65-84&age=Y70-74&age=Y75-79&age=Y80-84&age=Y85-89&age=Y_GE85&age=Y90-94&age=Y95-99&age=Y_GE100&lang=en 
Population by country of birth, age groups and NUTS 3 region, 2021 ;NUTS3;cens_21cob_r3;https://ec.europa.eu/eurostat/api/dissemination/statistics/1.0/data/cens_21cob_r3?format=JSON&geo=BG315&unit=NR&c_birth=BE&c_birth=BG&c_birth=CZ&c_birth=DK&c_birth=DE&c_birth=EE&c_birth=IE&c_birth=EL&c_birth=ES&c_birth=FR&c_birth=HR&c_birth=IT&c_birth=CY&c_birth=LV&c_birth=LT&c_birth=LU&c_birth=HU&c_birth=MT&c_birth=NL&c_birth=AT&c_birth=PL&c_birth=PT&c_birth=RO&c_birth=SI&c_birth=SK&c_birth=FI&c_birth=SE&c_birth=EU_OTH&c_birth=IS&c_birth=LI&c_birth=NO&c_birth=CH&c_birth=UK&c_birth=BA&c_birth=ME&c_birth=MD&c_birth=MK&c_birth=GE&c_birth=AL&c_birth=RS&c_birth=TR&c_birth=UA&c_birth=XK&c_birth=AD&c_birth=BY&c_birth=GG&c_birth=JE&c_birth=CQ&c_birth=FO&c_birth=GI&c_birth=VA&c_birth=IM&c_birth=MC&c_birth=RU&c_birth=SM&c_birth=NEU&c_birth=EUR_NEU&c_birth=EUR_OTH&c_birth=AFR&c_birth=AO&c_birth=CM&c_birth=CF&c_birth=TD&c_birth=CG&c_birth=CD&c_birth=GQ&c_birth=GA&c_birth=ST&c_birth=BI&c_birth=KM&c_birth=DJ&c_birth=ER&c_birth=ET&c_birth=KE&c_birth=MG&c_birth=MW&c_birth=MU&c_birth=MZ&c_birth=RW&c_birth=SC&c_birth=SO&c_birth=UG&c_birth=TZ&c_birth=ZM&c_birth=ZW&c_birth=DZ&c_birth=EG&c_birth=LY&c_birth=MA&c_birth=SS&c_birth=SD&c_birth=TN&c_birth=EH&c_birth=BW&c_birth=LS&c_birth=NA&c_birth=ZA&c_birth=SZ&c_birth=BJ&c_birth=BF&c_birth=CV&c_birth=CI&c_birth=GM&c_birth=GH&c_birth=GN&c_birth=GW&c_birth=LR&c_birth=ML&c_birth=MR&c_birth=NE&c_birth=NG&c_birth=SH&c_birth=SN&c_birth=SL&c_birth=TG&c_birth=AFR_OTH&c_birth=AME_N&c_birth=BM&c_birth=CA&c_birth=GL&c_birth=PM&c_birth=US&c_birth=AME_N_OTH&c_birth=AME_X_N&c_birth=AI&c_birth=AG&c_birth=AW&c_birth=BS&c_birth=BB&c_birth=VG&c_birth=KY&c_birth=CU&c_birth=CW&c_birth=DM&c_birth=DO&c_birth=GD&c_birth=HT&c_birth=JM&c_birth=MS&c_birth=BL&c_birth=KN&c_birth=LC&c_birth=MF&c_birth=VC&c_birth=SX&c_birth=TT&c_birth=TC&c_birth=BZ&c_birth=CR&c_birth=SV&c_birth=GT&c_birth=HN&c_birth=MX&c_birth=NI&c_birth=PA&c_birth=AR&c_birth=BO&c_birth=BR&c_birth=CL&c_birth=CO&c_birth=EC&c_birth=FK&c_birth=GY&c_birth=PY&c_birth=PE&c_birth=SR&c_birth=UY&c_birth=VE&c_birth=AME_X_N_OTH&c_birth=ASI&c_birth=KZ&c_birth=KG&c_birth=TJ&c_birth=TM&c_birth=UZ&c_birth=CN&c_birth=JP&c_birth=MN&c_birth=KP&c_birth=KR&c_birth=TW&c_birth=AF&c_birth=BD&c_birth=BT&c_birth=IN&c_birth=IR&c_birth=MV&c_birth=NP&c_birth=PK&c_birth=LK&c_birth=BN&c_birth=KH&c_birth=ID&c_birth=LA&c_birth=MY&c_birth=MM&c_birth=PH&c_birth=SG&c_birth=TH&c_birth=TL&c_birth=VN&c_birth=AM&c_birth=AZ&c_birth=BH&c_birth=IQ&c_birth=IL&c_birth=JO&c_birth=KW&c_birth=LB&c_birth=PS&c_birth=OM&c_birth=QA&c_birth=SA&c_birth=SY&c_birth=AE&c_birth=YE&c_birth=ASI_OTH&c_birth=OCE&c_birth=AU&c_birth=NZ&c_birth=FJ&c_birth=NC&c_birth=PG&c_birth=SB&c_birth=VU&c_birth=KI&c_birth=MH&c_birth=FM&c_birth=NR&c_birth=PW&c_birth=CK&c_birth=PF&c_birth=PN&c_birth=WS&c_birth=TO&c_birth=TV&c_birth=WF&c_birth=OCE_OTH&c_birth=TF&c_birth=FOR&c_birth=NAT&c_birth=TOTAL&c_birth=OTH&c_birth=UNK&sex=T&sex=M&sex=F&age=TOTAL&age=Y_LT5&age=Y5-9&age=Y10-14&age=Y_LT15&age=Y15-19&age=Y15-29&age=Y20-24&age=Y25-29&age=Y30-34&age=Y30-49&age=Y35-39&age=Y40-44&age=Y45-49&age=Y50-54&age=Y50-64&age=Y55-59&age=Y60-64&age=Y65-69&age=Y65-84&age=Y70-74&age=Y75-79&age=Y80-84&age=Y85-89&age=Y_GE85&age=Y90-94&age=Y95-99&age=Y_GE100&lang=en 
Population by country of birth, age groups, household status and NUTS 3 region, 2021 ;NUTS3;cens_21cobhs_r3;https://ec.europa.eu/eurostat/api/dissemination/statistics/1.0/data/cens_21cobhs_r3?format=JSON&geo=BG315&unit=NR&c_birth=EU_OTH&c_birth=NEU&c_birth=FOR&c_birth=NAT&c_birth=TOTAL&c_birth=OTH&c_birth=UNK&hhstatus=TOTAL&hhstatus=PRV&hhstatus=FAM&hhstatus=NFAM&hhstatus=PRV_UNK&hhstatus=NPRV&hhstatus=IST&hhstatus=NPRV_IHMLS_UNK&sex=T&sex=M&sex=F&age=TOTAL&age=Y_LT5&age=Y5-9&age=Y10-14&age=Y_LT15&age=Y15-19&age=Y15-29&age=Y20-24&age=Y25-29&age=Y30-34&age=Y30-49&age=Y35-39&age=Y40-44&age=Y45-49&age=Y50-54&age=Y50-64&age=Y55-59&age=Y60-64&age=Y65-69&age=Y65-84&age=Y70-74&age=Y75-79&age=Y80-84&age=Y85-89&age=Y_GE85&age=Y90-94&age=Y95-99&age=Y_GE100&lang=en 
Population by country of birth, age groups, type of housing arrangements and NUTS 3 region, 2021 ;NUTS3;cens_21cobha_r3;https://ec.europa.eu/eurostat/api/dissemination/statistics/1.0/data/cens_21cobha_r3?format=JSON&geo=BG315&unit=NR&c_birth=EU_OTH&c_birth=NEU&c_birth=EUR_NEU&c_birth=AFR&c_birth=AME_N&c_birth=AME_X_N&c_birth=ASI&c_birth=OCE&c_birth=FOR&c_birth=NAT&c_birth=TOTAL&c_birth=OTH&c_birth=UNK&housing=TOTAL&housing=H_CV&housing=DW&housing=CLQ&housing=H_NCV&housing=UNK&age=TOTAL&age=Y_LT5&age=Y5-9&age=Y10-14&age=Y_LT15&age=Y15-19&age=Y15-29&age=Y20-24&age=Y25-29&age=Y30-34&age=Y30-49&age=Y35-39&age=Y40-44&age=Y45-49&age=Y50-54&age=Y50-64&age=Y55-59&age=Y60-64&age=Y65-69&age=Y65-84&age=Y70-74&age=Y75-79&age=Y80-84&age=Y85-89&age=Y_GE85&age=Y90-94&age=Y95-99&age=Y_GE100&lang=en 
Population by marital status, broad age groups and NUTS 3 region, 2021 ;NUTS3;cens_21m_r3;https://ec.europa.eu/eurostat/api/dissemination/statistics/1.0/data/cens_21m_r3?format=JSON&geo=BG315&unit=NR&marsta=TOTAL&marsta=SIN&marsta=MAR_REP&marsta=WID_DTHREP&marsta=DIV_DISREP&marsta=UNK&age=TOTAL&age=Y_LT15&age=Y15-29&age=Y30-49&age=Y50-64&age=Y65-84&age=Y_GE85&sex=T&sex=M&sex=F&lang=en 
Population by family status, broad age groups and NUTS 3 region, 2021 ;NUTS3;cens_21f_r3;https://ec.europa.eu/eurostat/api/dissemination/statistics/1.0/data/cens_21f_r3?format=JSON&geo=BG315&unit=NR&age=TOTAL&age=Y_LT15&age=Y15-29&age=Y30-49&age=Y50-64&age=Y65-84&age=Y_GE85&hhstatus=TOTAL&hhstatus=CPL&hhstatus=MAR_REP&hhstatus=MARO_REPO&hhstatus=MARS_REPS&hhstatus=CSU&hhstatus=PAR1&hhstatus=CH_PAR&hhstatus=CH_CPL&hhstatus=CH_PAR1&hhstatus=NAP&hhstatus=UNK&sex=T&sex=M&sex=F&lang=en 
Population by size of the locality, age groups and NUTS 3 region, 2021 ;NUTS3;cens_21l_r3;https://ec.europa.eu/eurostat/api/dissemination/statistics/1.0/data/cens_21l_r3?format=JSON&geo=BG315&unit=NR&age=TOTAL&age=Y_LT5&age=Y5-9&age=Y10-14&age=Y_LT15&age=Y15-19&age=Y15-29&age=Y20-24&age=Y25-29&age=Y30-34&age=Y30-49&age=Y35-39&age=Y40-44&age=Y45-49&age=Y50-54&age=Y50-64&age=Y55-59&age=Y60-64&age=Y65-69&age=Y65-84&age=Y70-74&age=Y75-79&age=Y80-84&age=Y85-89&age=Y_GE85&age=Y90-94&age=Y95-99&age=Y_GE100&n_person=TOTAL&n_person=LT200&n_person=200-499&n_person=500-999&n_person=1000-1999&n_person=2000-4999&n_person=5000-9999&n_person=10000-19999&n_person=20000-49999&n_person=50000-99999&n_person=100000-199999&n_person=200000-499999&n_person=500000-999999&n_person=GE1000000&sex=T&sex=M&sex=F&lang=en 
Population by size of the locality, housing arrangements and NUTS 3 region, 2021 ;NUTS3;cens_21lha_r3;https://ec.europa.eu/eurostat/api/dissemination/statistics/1.0/data/cens_21lha_r3?format=JSON&geo=BG315&unit=NR&housing=TOTAL&housing=H_CV&housing=DW&housing=CLQ&housing=H_NCV&housing=UNK&n_person=TOTAL&n_person=LT200&n_person=200-499&n_person=500-999&n_person=1000-1999&n_person=2000-4999&n_person=5000-9999&n_person=10000-19999&n_person=20000-49999&n_person=50000-99999&n_person=100000-199999&n_person=200000-499999&n_person=500000-999999&n_person=GE1000000&sex=T&sex=M&sex=F&lang=en 
Population by year of arrival in the country since 2010, age groups, groups of country of birth and NUTS 3 region, 2021 ;NUTS3;cens_21argc_r3;https://ec.europa.eu/eurostat/api/dissemination/statistics/1.0/data/cens_21argc_r3?format=JSON&geo=BG315&unit=NR&y_arriv=TOTAL&y_arriv=Y_LE2009&y_arriv=Y_GE2010&y_arriv=UNK&c_birth=EU_OTH&c_birth=NEU&c_birth=FOR&c_birth=NAT&c_birth=TOTAL&c_birth=OTH&c_birth=UNK&age=TOTAL&age=Y_LT5&age=Y5-9&age=Y10-14&age=Y_LT15&age=Y15-19&age=Y15-29&age=Y20-24&age=Y25-29&age=Y30-34&age=Y30-49&age=Y35-39&age=Y40-44&age=Y45-49&age=Y50-54&age=Y50-64&age=Y55-59&age=Y60-64&age=Y65-69&age=Y65-84&age=Y70-74&age=Y75-79&age=Y80-84&age=Y85-89&age=Y_GE85&age=Y90-94&age=Y95-99&age=Y_GE100&sex=T&sex=M&sex=F&lang=en 
Population by year of arrival in the country, age groups, family status and NUTS 3 region, 2021 ;NUTS3;cens_21arf_r3;https://ec.europa.eu/eurostat/api/dissemination/statistics/1.0/data/cens_21arf_r3?format=JSON&geo=BG315&unit=NR&y_arriv=TOTAL&y_arriv=Y_GE1980&y_arriv=Y1980-1984&y_arriv=Y1985-1989&y_arriv=Y1990-1994&y_arriv=Y1995-1999&y_arriv=Y2000-2004&y_arriv=Y2005-2009&y_arriv=Y2010-2014&y_arriv=Y2015-2019&y_arriv=Y2020-2021&y_arriv=Y_LE1979_NRA&y_arriv=UNK&hhstatus=TOTAL&hhstatus=CPL&hhstatus=MAR_REP&hhstatus=CSU&hhstatus=PAR1&hhstatus=CH_PAR&hhstatus=CH_CPL&hhstatus=CH_PAR1&hhstatus=NAP&hhstatus=UNK&age=TOTAL&age=Y_LT15&age=Y15-29&age=Y30-49&age=Y50-64&age=Y65-84&age=Y_GE85&sex=T&sex=M&sex=F&lang=en 
Gross domestic product (GDP) at current market prices by NUTS 3 region ;NUTS3;nama_10r_3gdp;https://ec.europa.eu/eurostat/api/dissemination/statistics/1.0/data/nama_10r_3gdp?format=JSON&geo=BG315&unit=MIO_EUR&unit=EUR_HAB&unit=EUR_HAB_EU27_2020&unit=MIO_NAC&unit=MIO_PPS_EU27_2020&unit=PPS_EU27_2020_HAB&unit=PPS_HAB_EU27_2020&lang=en 
Employment (thousand persons) by NUTS 3 region ;NUTS3;nama_10r_3empers;https://ec.europa.eu/eurostat/api/dissemination/statistics/1.0/data/nama_10r_3empers?format=JSON&geo=BG315&unit=THS&wstatus=EMP&wstatus=SAL&wstatus=SELF&nace_r2=TOTAL&nace_r2=A&nace_r2=B-E&nace_r2=C&nace_r2=F&nace_r2=G-J&nace_r2=G-I&nace_r2=J&nace_r2=K-N&nace_r2=K&nace_r2=L&nace_r2=M_N&nace_r2=O-U&nace_r2=O-Q&nace_r2=R-U&lang=en 
Gross value added at basic prices and previous year prices by NUTS 3 region ;NUTS3;nama_10r_3gva;https://ec.europa.eu/eurostat/api/dissemination/statistics/1.0/data/nama_10r_3gva?format=JSON&geo=BG315&unit=CP_MEUR&unit=CP_MNAC&unit=PYP_MEUR&unit=PYP_MNAC&nace_r2=TOTAL&nace_r2=A&nace_r2=B-E&nace_r2=C&nace_r2=F&nace_r2=G-J&nace_r2=G-I&nace_r2=J&nace_r2=K-N&nace_r2=K&nace_r2=L&nace_r2=M_N&nace_r2=O-U&nace_r2=O-Q&nace_r2=R-U&lang=en 
Business demography and high growth enterprises by NACE Rev. 2 activity and NUTS 3 region ;NUTS3;bd_hgnace_r;https://ec.europa.eu/eurostat/api/dissemination/statistics/1.0/data/bd_hgnace_r?format=JSON&geo=BG315&indic_sbs=ENT_NR&indic_sbs=ENT_BRTH_NR&indic_sbs=ENT_BRTH_EMPSIZE_NR&indic_sbs=ENT_DTH_EMPSIZE_NR&indic_sbs=ENT_DTH_NR&indic_sbs=ENT_SRVL_EMPSIZE_Y3_NR&indic_sbs=ENT_SRVL_Y3_NR&indic_sbs=ENT_SRVLR_Y3_PC&indic_sbs=ENT_SRVLR_BRTH_Y3_PC&indic_sbs=ENT_HGRW_NR&indic_sbs=ENT_HGRWR_PC&indic_sbs=ENT_BRTHR_DTHR_PC&indic_sbs=ENT_BRTHR_PC&indic_sbs=ENT_DTHR_PC&indic_sbs=GRW_ENT_PC&indic_sbs=EMP_NR&indic_sbs=EMP_BRTH_NR&indic_sbs=EMP_BRTHR_PC&indic_sbs=EMP_DTH_NR&indic_sbs=EMP_SRVL_Y3_NR&indic_sbs=EMP_SRVL_YBRTH_Y3_NR&indic_sbs=EMP_DTHR_PC&indic_sbs=EMP_SRVLR_Y3_PC&indic_sbs=GRW_EMP_SRVL_Y3_PC&indic_sbs=SAL_NR&indic_sbs=SAL_BRTH_NR&indic_sbs=SAL_DTH_NR&indic_sbs=SAL_EMP_BRTHR_PC&nace_r2=B-S_X_O_S94&nace_r2=B-E&nace_r2=F&nace_r2=G&nace_r2=H&nace_r2=I&nace_r2=J&nace_r2=K_L&nace_r2=M_N&nace_r2=P_Q&nace_r2=R_S_X_S94&lang=en 
Business demography by size class and NUTS 3 region ;NUTS3;bd_size_r;https://ec.europa.eu/eurostat/api/dissemination/statistics/1.0/data/bd_size_r?format=JSON&geo=BG315&sizeclas=TOTAL&sizeclas=0&sizeclas=1-9&sizeclas=GE10&indic_sbs=ENT_NR&indic_sbs=ENT_BRTH_NR&indic_sbs=ENT_BRTH_EMPSIZE_NR&indic_sbs=ENT_DTH_EMPSIZE_NR&indic_sbs=ENT_DTH_NR&indic_sbs=ENT_SRVL_EMPSIZE_Y3_NR&indic_sbs=ENT_SRVL_Y3_NR&indic_sbs=ENT_SRVLR_Y3_PC&indic_sbs=ENT_SRVLR_BRTH_Y3_PC&indic_sbs=ENT_BRTHR_DTHR_PC&indic_sbs=ENT_BRTHR_PC&indic_sbs=ENT_DTHR_PC&indic_sbs=ENT_BRTH_PP_PC&indic_sbs=ENT_DTH_PP_PC&indic_sbs=GRW_ENT_PC&indic_sbs=EMP_NR&indic_sbs=EMP_BRTH_NR&indic_sbs=EMP_BRTHR_PC&indic_sbs=EMP_DTH_NR&indic_sbs=EMP_SRVL_Y3_NR&indic_sbs=EMP_SRVL_YBRTH_Y3_NR&indic_sbs=EMP_DTHR_PC&indic_sbs=EMP_SRVLR_Y3_PC&indic_sbs=GRW_EMP_SRVL_Y3_PC&indic_sbs=SAL_NR&indic_sbs=SAL_BRTH_NR&indic_sbs=SAL_DTH_NR&indic_sbs=SAL_EMP_BRTHR_PC&nace_r2=B-S_X_O_S94&lang=en 
Employer business demography by NACE Rev. 2 activity and NUTS 3 region ;NUTS3;bd_salge1_nace_r;https://ec.europa.eu/eurostat/api/dissemination/statistics/1.0/data/bd_salge1_nace_r?format=JSON&geo=BG315&indic_sbs=ENT_SALGE1_NR&indic_sbs=ENT_SALGE1_BRTH_NR&indic_sbs=ENT_SALGE1_BRTH_EMPSIZE_NR&indic_sbs=ENT_SALGE1_DTH_NR&indic_sbs=ENT_SALGE1_DTH_EMPSIZE_NR&indic_sbs=ENT_SALGE1_SRVL_Y3_NR&indic_sbs=ENT_SALGE1_SRVL_EMPSIZE_Y3_NR&indic_sbs=ENT_SALGE1_SRVLR_Y3_PC&indic_sbs=ENT_SALGE1_SRVLR_BRTH_Y3_PC&indic_sbs=ENT_SALGE1_BRTHR_DTHR_PC&indic_sbs=ENT_SALGE1_BRTHR_PC&indic_sbs=ENT_SALGE1_DTHR_PC&indic_sbs=GRW_ENT_SALGE1_PC&indic_sbs=EMP_SALGE1_NR&indic_sbs=EMP_SALGE1_BRTH_NR&indic_sbs=EMP_SALGE1_BRTHR_PC&indic_sbs=EMP_SALGE1_DTH_NR&indic_sbs=EMP_SALGE1_DTHR_PC&indic_sbs=EMP_SALGE1_SRVL_Y3_NR&indic_sbs=EMP_SALGE1_SRVL_YBRTH_Y3_NR&indic_sbs=EMP_SALGE1_SRVLR_Y3_PC&indic_sbs=GRW_EMP_SALGE1_SRVL_Y3_PC&indic_sbs=SAL_SALGE1_NR&indic_sbs=SAL_SALGE1_BRTH_NR&indic_sbs=SAL_SALGE1_DTH_NR&indic_sbs=SAL_SALGE1_EMP_BRTHR_PC&nace_r2=B-S_X_O_S94&nace_r2=B-E&nace_r2=F&nace_r2=G&nace_r2=H&nace_r2=I&nace_r2=J&nace_r2=K_L&nace_r2=M_N&nace_r2=P_Q&nace_r2=R_S_X_S94&lang=en 
Employer business demography by size class and NUTS 3 region ;NUTS3;bd_salge1_size_r;https://ec.europa.eu/eurostat/api/dissemination/statistics/1.0/data/bd_salge1_size_r?format=JSON&geo=BG315&sizeclas=TOTAL&sizeclas=1-9&sizeclas=GE10&indic_sbs=ENT_SALGE1_NR&indic_sbs=ENT_SALGE1_BRTH_NR&indic_sbs=ENT_SALGE1_BRTH_PP_PC&indic_sbs=ENT_SALGE1_BRTH_EMPSIZE_NR&indic_sbs=ENT_SALGE1_DTH_NR&indic_sbs=ENT_SALGE1_DTH_PP_PC&indic_sbs=ENT_SALGE1_DTH_EMPSIZE_NR&indic_sbs=ENT_SALGE1_SRVL_Y3_NR&indic_sbs=ENT_SALGE1_SRVL_EMPSIZE_Y3_NR&indic_sbs=ENT_SALGE1_SRVLR_Y3_PC&indic_sbs=ENT_SALGE1_SRVLR_BRTH_Y3_PC&indic_sbs=ENT_SALGE1_BRTHR_DTHR_PC&indic_sbs=ENT_SALGE1_BRTHR_PC&indic_sbs=ENT_SALGE1_DTHR_PC&indic_sbs=GRW_ENT_SALGE1_PC&indic_sbs=EMP_SALGE1_NR&indic_sbs=EMP_SALGE1_BRTH_NR&indic_sbs=EMP_SALGE1_BRTHR_PC&indic_sbs=EMP_SALGE1_DTH_NR&indic_sbs=EMP_SALGE1_DTHR_PC&indic_sbs=EMP_SALGE1_SRVL_Y3_NR&indic_sbs=EMP_SALGE1_SRVL_YBRTH_Y3_NR&indic_sbs=EMP_SALGE1_SRVLR_Y3_PC&indic_sbs=GRW_EMP_SALGE1_SRVL_Y3_PC&indic_sbs=SAL_SALGE1_NR&indic_sbs=SAL_SALGE1_BRTH_NR&indic_sbs=SAL_SALGE1_DTH_NR&indic_sbs=SAL_SALGE1_EMP_BRTHR_PC&nace_r2=B-S_X_O_S94&lang=en 
Nominal Labour productivity by NUTS 3 regions ;NUTS3;nama_10r_3nlp;https://ec.europa.eu/eurostat/api/dissemination/statistics/1.0/data/nama_10r_3nlp?format=JSON&geo=BG315&unit=EUR&unit=NAC&unit=PC_EU27_2020_MEUR_CP&na_item=NLPR_PER&lang=en 
Patent applications to the EPO by priority year by NUTS 3 region (1977-2012) ;NUTS3;pat_ep_rtot;https://ec.europa.eu/eurostat/api/dissemination/statistics/1.0/data/pat_ep_rtot?format=JSON&geo=BG315&unit=NR&unit=GDP_BEUR&unit=P_MHAB&unit=P_MACT&lang=en 
Patent applications to the EPO by priority year by NUTS 3 region, international patent classification (IPC) sections and classes (1977-2013) ;NUTS3;pat_ep_ripc;https://ec.europa.eu/eurostat/api/dissemination/statistics/1.0/data/pat_ep_ripc?format=JSON&geo=BG315&unit=NR&unit=GDP_BEUR&unit=P_MHAB&unit=P_MACT&ipc=IPC&ipc=A&ipc=A01&ipc=A21&ipc=A22&ipc=A23&ipc=A24&ipc=A41&ipc=A42&ipc=A43&ipc=A44&ipc=A45&ipc=A46&ipc=A47&ipc=A61&ipc=A62&ipc=A63&ipc=B&ipc=B01&ipc=B02&ipc=B03&ipc=B04&ipc=B05&ipc=B06&ipc=B07&ipc=B08&ipc=B09&ipc=B21&ipc=B22&ipc=B23&ipc=B24&ipc=B25&ipc=B26&ipc=B27&ipc=B28&ipc=B29&ipc=B30&ipc=B31&ipc=B32&ipc=B41&ipc=B42&ipc=B43&ipc=B44&ipc=B60&ipc=B61&ipc=B62&ipc=B63&ipc=B64&ipc=B65&ipc=B66&ipc=B67&ipc=B68&ipc=B81&ipc=B82&ipc=C&ipc=C01&ipc=C02&ipc=C03&ipc=C04&ipc=C05&ipc=C06&ipc=C07&ipc=C08&ipc=C09&ipc=C10&ipc=C11&ipc=C12&ipc=C13&ipc=C14&ipc=C21&ipc=C22&ipc=C23&ipc=C25&ipc=C30&ipc=C40&ipc=D&ipc=D01&ipc=D02&ipc=D03&ipc=D04&ipc=D05&ipc=D06&ipc=D07&ipc=D21&ipc=E&ipc=E01&ipc=E02&ipc=E03&ipc=E04&ipc=E05&ipc=E06&ipc=E21&ipc=F&ipc=F01&ipc=F02&ipc=F03&ipc=F04&ipc=F15&ipc=F16&ipc=F17&ipc=F21&ipc=F22&ipc=F23&ipc=F24&ipc=F25&ipc=F26&ipc=F27&ipc=F28&ipc=F41&ipc=F42&ipc=G&ipc=G01&ipc=G02&ipc=G03&ipc=G04&ipc=G05&ipc=G06&ipc=G07&ipc=G08&ipc=G09&ipc=G10&ipc=G11&ipc=G12&ipc=G21&ipc=H&ipc=H01&ipc=H02&ipc=H03&ipc=H04&ipc=H05&ipc=UNK&lang=en 
High-tech patent applications to the EPO by priority year by NUTS 3 region (1977-2012) ;NUTS3;pat_ep_rtec;https://ec.europa.eu/eurostat/api/dissemination/statistics/1.0/data/pat_ep_rtec?format=JSON&geo=BG315&unit=NR&unit=GDP_BEUR&unit=P_MHAB&unit=P_MACT&ipc=HT&ipc=AVI&ipc=CAB&ipc=CTE&ipc=LSR&ipc=MGE&ipc=SMC&lang=en 
Patent applications to the EPO by country of applicants and inventors (2004 and onwards);country;pat_ep_tot;https://ec.europa.eu/eurostat/api/dissemination/statistics/1.0/data/pat_ep_tot?format=JSON&geo=SI&unit=NR&unit=P_MHAB&coop_ptn=APPL&coop_ptn=INVT&lang=en 
Guest nights spent at short-stay accommodation offered via collaborative economy platforms by NUTS 3 region - experimental statistics (2018-2023);NUTS3;tour_ce_oan3;https://ec.europa.eu/eurostat/api/dissemination/statistics/1.0/data/tour_ce_oan3?format=JSON&geo=BG315&unit=NR&indic_to=NGT_SP&c_resid=DOM&c_resid=FOR&c_resid=TOTAL&lang=en 
Households with access to the internet at home;NUTS2;ISOC_R_IACC_H;https://ec.europa.eu/eurostat/api/dissemination/statistics/1.0/data/isoc_r_iacc_h?format=JSON&geo=BG31&unit=PC_HH&lang=en 
Households with broadband access;NUTS2;ISOC_R_BROAD_H;https://ec.europa.eu/eurostat/api/dissemination/statistics/1.0/data/isoc_r_broad_h?format=JSON&geo=BG31&unit=PC_HH&unit=PC_HH_IACC&lang=en 
Individuals who used the internet, frequency of use and activities;NUTS2;ISOC_R_IUSE_I;https://ec.europa.eu/eurostat/api/dissemination/statistics/1.0/data/isoc_r_iuse_i?format=JSON&geo=BG31&unit=PC_IND&unit=PC_IND_IU3&indic_is=I_IUSE&indic_is=I_IDAY&indic_is=I_IUSNET&indic_is=I_IUBK&indic_is=I_IUSELL&indic_is=I_IUCPP&indic_is=I_IU3&indic_is=I_ILT12&indic_is=I_IUX&lang=en 
Individuals who used the internet for interaction with public authorities;NUTS2;ISOC_R_GOV_I;https://ec.europa.eu/eurostat/api/dissemination/statistics/1.0/data/isoc_r_gov_i?format=JSON&geo=BG31&unit=PC_IND&unit=PC_IND_ILT12&indic_is=I_IUGOV12&indic_is=I_IGOV12RT&lang=en 
Individuals who ordered goods or services over the internet for private use;NUTS2;ISOC_R_BLT12_I;https://ec.europa.eu/eurostat/api/dissemination/statistics/1.0/data/isoc_r_blt12_i?format=JSON&geo=BG31&unit=PC_IND&unit=PC_IND_ILT12&unit=PC_IND_IU3&unit=PC_IND_BLT12&indic_is=I_BUY3&indic_is=I_B3_12&indic_is=I_BLT12&indic_is=I_BUMT12&indic_is=I_BUMT12X&indic_is=I_BPG_EU&indic_is=I_BHOLS&indic_is=I_BFEU&lang=en 
Use of computers and the internet by employees, by NACE Rev. 2 activity and NUTS 2 region (microenterprises are excluded);NUTS2;ISOC_R_CI_CM_PN2;https://ec.europa.eu/eurostat/api/dissemination/statistics/1.0/data/isoc_r_ci_cm_pn2?format=JSON&geo=BG31&unit=PC_EMP&nace_r2=C-F&nace_r2=C-E&nace_r2=C&nace_r2=C10-S951_X_K&nace_r2=D_E&nace_r2=F&nace_r2=G&nace_r2=G45-S951_X_K&nace_r2=H&nace_r2=I&nace_r2=J&nace_r2=L_M&nace_r2=N&size_emp=GE10&indic_is=P_IUSE&lang=en 
Internet access by NACE Rev. 2 activity and NUTS 2 region;NUTS2;ISOC_R_CI_IN_EN2;https://ec.europa.eu/eurostat/api/dissemination/statistics/1.0/data/isoc_r_ci_in_en2?format=JSON&geo=BG31&unit=PC_ENT&nace_r2=C-F&nace_r2=C-E&nace_r2=C&nace_r2=C10-S951_X_K&nace_r2=D_E&nace_r2=F&nace_r2=G&nace_r2=G45-S951_X_K&nace_r2=H&nace_r2=I&nace_r2=J&nace_r2=L_M&nace_r2=N&size_emp=GE10&indic_is=E_IUSE&indic_is=E_IUSE_GT10&indic_is=E_IUSE_GT50&indic_is=E_IUSE_GE10A&lang=en 
Type of connections to the internet by NACE Rev. 2 activity and NUTS 2 region;NUTS2;ISOC_R_CI_IT_EN2;https://ec.europa.eu/eurostat/api/dissemination/statistics/1.0/data/isoc_r_ci_it_en2?format=JSON&geo=BG31&unit=PC_ENT&unit=PC_ENT_FIXBB&unit=PC_ENT_IUSE&nace_r2=C-F&nace_r2=C-E&nace_r2=C&nace_r2=C10-S951_X_K&nace_r2=D_E&nace_r2=F&nace_r2=G&nace_r2=G45-S951_X_K&nace_r2=H&nace_r2=I&nace_r2=J&nace_r2=L_M&nace_r2=N&size_emp=GE10&indic_is=E_FIXBB&indic_is=E_ISPDF_LT30&indic_is=E_ISPDF_100_500&indic_is=E_ISPDF_500_1G&indic_is=E_ISPDF_GE1G&indic_is=E_ISPDF1_30_100&indic_is=E_ISPDF1_GE30&indic_is=E_ISPDF1_GE100&lang=en 
Cloud computing services by NACE Rev. 2 activity and NUTS 2 region;NUTS2;ISOC_R_CICCE_USEN2;https://ec.europa.eu/eurostat/api/dissemination/statistics/1.0/data/isoc_r_cicce_usen2?format=JSON&geo=BG31&unit=PC_ENT&unit=PC_ENT_IUSE&nace_r2=C-F&nace_r2=C-E&nace_r2=C&nace_r2=C10-S951_X_K&nace_r2=D_E&nace_r2=F&nace_r2=G&nace_r2=G45-S951_X_K&nace_r2=H&nace_r2=I&nace_r2=J&nace_r2=L_M&nace_r2=N&size_emp=GE10&indic_is=E_CC&indic_is=E_CCX&lang=en 
Artificial intelligence by NACE Rev. 2 activity and NUTS 2 region;NUTS2;ISOC_R_EB_AIN2;https://ec.europa.eu/eurostat/api/dissemination/statistics/1.0/data/isoc_r_eb_ain2?format=JSON&geo=BG31&unit=PC_ENT&unit=PC_ENT_IUSE&nace_r2=C-F&nace_r2=C-E&nace_r2=C&nace_r2=C10-S951_X_K&nace_r2=D_E&nace_r2=F&nace_r2=G&nace_r2=G45-S951_X_K&nace_r2=H&nace_r2=I&nace_r2=J&nace_r2=L_M&nace_r2=N&size_emp=GE10&indic_is=E_AI_TTM&indic_is=E_AI_TSR&indic_is=E_AI_TNLG&indic_is=E_AI_TIR&indic_is=E_AI_TML&indic_is=E_AI_TPA&indic_is=E_AI_TAR&indic_is=E_AI_TANY&indic_is=E_AI_TX&indic_is=E_AI_TGE2&indic_is=E_AI_TGE3&indic_is=E_AI_CC&lang=en 
Integration with customers/suppliers, supply chain management by NACE Rev. 2 activity and NUTS 2 region;NUTS2;ISOC_R_EB_ICSN2;https://ec.europa.eu/eurostat/api/dissemination/statistics/1.0/data/isoc_r_eb_icsn2?format=JSON&geo=BG31&unit=PC_ENT&unit=PC_ENT_IUSE&nace_r2=C-F&nace_r2=C-E&nace_r2=C&nace_r2=C10-S951_X_K&nace_r2=D_E&nace_r2=F&nace_r2=G&nace_r2=G45-S951_X_K&nace_r2=H&nace_r2=I&nace_r2=J&nace_r2=L_M&nace_r2=N&size_emp=GE10&indic_is=E_INV4S_AP&indic_is=E_INV4S_EMP&indic_is=E_INV4S_PMP&lang=en 
Integration of internal processes by NACE Rev. 2 activity and NUTS 2 region;NUTS2;ISOC_R_EB_IIPN2;https://ec.europa.eu/eurostat/api/dissemination/statistics/1.0/data/isoc_r_eb_iipn2?format=JSON&geo=BG31&unit=PC_ENT&unit=PC_ENT_IUSE&nace_r2=C-F&nace_r2=C-E&nace_r2=C&nace_r2=C10-S951_X_K&nace_r2=D_E&nace_r2=F&nace_r2=G&nace_r2=G45-S951_X_K&nace_r2=H&nace_r2=I&nace_r2=J&nace_r2=L_M&nace_r2=N&size_emp=GE10&indic_is=E_ERP1&indic_is=E_CRM1&indic_is=E_ITBI&indic_is=E_BSANY&lang=en 
E-commerce sales of enterprises by NACE Rev. 2 activity and NUTS 2 region;NUTS2;ISOC_R_EC_ESELN2;https://ec.europa.eu/eurostat/api/dissemination/statistics/1.0/data/isoc_r_ec_eseln2?format=JSON&geo=BG31&unit=PC_ENT&unit=PC_ENT_IUSE&nace_r2=C-F&nace_r2=C-E&nace_r2=C&nace_r2=C10-S951_X_K&nace_r2=D_E&nace_r2=F&nace_r2=G&nace_r2=G45-S951_X_K&nace_r2=H&nace_r2=I&nace_r2=J&nace_r2=L_M&nace_r2=N&size_emp=GE10&indic_is=E_AWSELL&lang=en 
Value of e-commerce sales by NACE Rev. 2 activity and NUTS 2 region;NUTS2;ISOC_R_EC_EVALN2;https://ec.europa.eu/eurostat/api/dissemination/statistics/1.0/data/isoc_r_ec_evaln2?format=JSON&geo=BG31&unit=PC_TURN&nace_r2=C-F&nace_r2=C-E&nace_r2=C&nace_r2=C10-S951_X_K&nace_r2=D_E&nace_r2=F&nace_r2=G&nace_r2=G45-S951_X_K&nace_r2=H&nace_r2=I&nace_r2=J&nace_r2=L_M&nace_r2=N&size_emp=GE10&indic_is=E_AWSVAL&lang=en 
Data analytics by NACE Rev. 2 activity and NUTS 2 region;NUTS2;ISOC_R_EB_DAN2;https://ec.europa.eu/eurostat/api/dissemination/statistics/1.0/data/isoc_r_eb_dan2?format=JSON&geo=BG31&unit=PC_ENT&unit=PC_ENT_IUSE&size_emp=GE10&nace_r2=C-F&nace_r2=C-E&nace_r2=C&nace_r2=C10-S951_X_K&nace_r2=D_E&nace_r2=F&nace_r2=G&nace_r2=G45-S951_X_K&nace_r2=H&nace_r2=I&nace_r2=J&nace_r2=L_M&nace_r2=N&indic_is=E_DAOWN&lang=en
Structure of agricultural holdings by NUTS 3 region - main indicators;NUTS3;ef_r_nuts;https://ec.europa.eu/eurostat/api/dissemination/statistics/1.0/data/ef_r_nuts?format=JSON&geo=BG315&ind_farm=039&ind_farm=040&ind_farm=042&ind_farm=044&ind_farm=046&ind_farm=048&ind_farm=050&ind_farm=052&ind_farm=054&ind_farm=056&ind_farm=058&ind_farm=060&ind_farm=062&ind_farm=064&ind_farm=066&ind_farm=068&ind_farm=070&ind_farm=072&ind_farm=074&ind_farm=076&ind_farm=078&ind_farm=080&ind_farm=082&ind_farm=084&ind_farm=087&ind_farm=099&ind_farm=101&ind_farm=103&ind_farm=105&ind_farm=107&ind_farm=109&lang=en
Nights spent at tourist accommodation establishments by NUTS 3 region (from 2020 onwards);NUTS3;tour_occ_nin3;https://ec.europa.eu/eurostat/api/dissemination/statistics/1.0/data/tour_occ_nin3?format=JSON&geo=BG315&unit=NR&unit=P_THAB&unit=PCH_PRE&c_resid=DOM&c_resid=FOR&c_resid=TOTAL&nace_r2=I551-I553&nace_r2=I551&nace_r2=I552_I553&nace_r2=I552&nace_r2=I553&lang=en
Private households by household composition, size and NUTS 3 region;NUTS3;cens_21hhcs_r3;https://ec.europa.eu/eurostat/api/dissemination/statistics/1.0/data/cens_21hhcs_r3?format=JSON&geo=BG315&unit=NR&n_person=TOTAL&n_person=1&n_person=2&n_person=3&n_person=3-5&n_person=4&n_person=5&n_person=6-10&n_person=GE11&hhcomp=TOTAL&hhcomp=FAM1&hhcomp=CPL&hhcomp=CPL_NCH&hhcomp=M1_CH&hhcomp=F1_CH&hhcomp=FAM_GE2&hhcomp=NFAM&hhcomp=P1&hhcomp=MULTI&lang=en
Road accidents by NUTS 3 region;NUTS3;tran_sf_roadnu;https://ec.europa.eu/eurostat/api/dissemination/statistics/1.0/data/tran_sf_roadnu?format=JSON&geo=BG315&unit=NR&unit=P_MHAB&lang=en
Projected life expectancy by age (reached during the year), sex, type of projection and NUTS 3 region;NUTS3;proj_19ralexp3;https://ec.europa.eu/eurostat/api/dissemination/statistics/1.0/data/proj_19ralexp3?format=JSON&geo=BG315&unit=NR&unit=YR&projection=BSL&age=Y_LT1&age=Y1&age=Y2&age=Y3&age=Y4&age=Y5&age=Y6&age=Y7&age=Y8&age=Y9&age=Y10&age=Y11&age=Y12&age=Y13&age=Y14&age=Y15&age=Y16&age=Y17&age=Y18&age=Y19&age=Y20&age=Y21&age=Y22&age=Y23&age=Y24&age=Y25&age=Y26&age=Y27&age=Y28&age=Y29&age=Y30&age=Y31&age=Y32&age=Y33&age=Y34&age=Y35&age=Y36&age=Y37&age=Y38&age=Y39&age=Y40&age=Y41&age=Y42&age=Y43&age=Y44&age=Y45&age=Y46&age=Y47&age=Y48&age=Y49&age=Y50&age=Y51&age=Y52&age=Y53&age=Y54&age=Y55&age=Y56&age=Y57&age=Y58&age=Y59&age=Y60&age=Y61&age=Y62&age=Y63&age=Y64&age=Y65&age=Y66&age=Y67&age=Y68&age=Y69&age=Y70&age=Y71&age=Y72&age=Y73&age=Y74&age=Y75&age=Y76&age=Y77&age=Y78&age=Y79&age=Y80&age=Y81&age=Y82&age=Y83&age=Y84&age=Y85&age=Y86&age=Y87&age=Y88&age=Y89&age=Y90&age=Y91&age=Y92&age=Y93&age=Y94&age=Y95&age=Y96&age=Y97&age=Y98&age=Y99&age=Y_GE100&sex=M&sex=F&lang=en
National road freight transport by region of loading (NUTS 3) and type of goods (t) - annual data (from 2008 onwards);NUTS3;road_go_na_rl3g;https://ec.europa.eu/eurostat/api/dissemination/statistics/1.0/data/road_go_na_rl3g?format=JSON&geo=BG315&unit=THS_T&nst07=TOTAL&nst07=GT01&nst07=GT02&nst07=GT03&nst07=GT04&nst07=GT05&nst07=GT06&nst07=GT07&nst07=GT08&nst07=GT09&nst07=GT10&nst07=GT11&nst07=GT12&nst07=GT13&nst07=GT14&nst07=GT15&nst07=GT16&nst07=GT17&nst07=GT18&nst07=GT19&nst07=GT20&nst07=UNK&lang=en
Population by age group, sex and NUTS 3 region;NUTS3;demo_r_pjangrp3;https://ec.europa.eu/eurostat/api/dissemination/statistics/1.0/data/demo_r_pjangrp3?format=JSON&geo=FI1D9&unit=NR&sex=T&sex=M&sex=F&age=TOTAL&age=Y_LT5&age=Y5-9&age=Y10-14&age=Y15-19&age=Y20-24&age=Y25-29&age=Y30-34&age=Y35-39&age=Y40-44&age=Y45-49&age=Y50-54&age=Y55-59&age=Y60-64&age=Y65-69&age=Y70-74&age=Y75-79&age=Y80-84&age=Y85-89&age=Y_GE85&age=Y_GE90&age=UNK&lang=en 
Population by broad age group, sex and NUTS 3 region;NUTS3;demo_r_pjanaggr3;https://ec.europa.eu/eurostat/api/dissemination/statistics/1.0/data/demo_r_pjanaggr3?format=JSON&geo=FI1D9&unit=NR&sex=T&sex=M&sex=F&age=TOTAL&age=Y_LT15&age=Y15-64&age=Y_GE65&age=UNK&lang=en 
Population density by NUTS 3 region;NUTS3;demo_r_d3dens;https://ec.europa.eu/eurostat/api/dissemination/statistics/1.0/data/demo_r_d3dens?format=JSON&geo=FI1D9&unit=PER_KM2&lang=en 
Population structure indicators by NUTS 3 region;NUTS3;demo_r_pjanind3;https://ec.europa.eu/eurostat/api/dissemination/statistics/1.0/data/demo_r_pjanind3?format=JSON&geo=FI1D9&unit=YR&unit=PC&indic_de=DEPRATIO1&indic_de=DEPRATIO2&indic_de=DEPRATIO3&indic_de=DEPRATIO4&indic_de=FMEDAGEPOP&indic_de=MEDAGEPOP&indic_de=MMEDAGEPOP&indic_de=OLDDEP1&indic_de=OLDDEP2&indic_de=OLDDEP3&indic_de=OLDDEP4&indic_de=PC_FM&indic_de=PC_Y0_14&indic_de=PC_Y0_18&indic_de=PC_Y0_19&indic_de=PC_Y0_4&indic_de=PC_Y10_14&indic_de=PC_Y15_19&indic_de=PC_Y15_24&indic_de=PC_Y15_29&indic_de=PC_Y15_74&indic_de=PC_Y20_24&indic_de=PC_Y20_39&indic_de=PC_Y20_64&indic_de=PC_Y25_29&indic_de=PC_Y25_44&indic_de=PC_Y25_49&indic_de=PC_Y30_34&indic_de=PC_Y35_39&indic_de=PC_Y40_44&indic_de=PC_Y40_59&indic_de=PC_Y45_49&indic_de=PC_Y45_64&indic_de=PC_Y50_54&indic_de=PC_Y50_64&indic_de=PC_Y55_59&indic_de=PC_Y5_9&indic_de=PC_Y60_64&indic_de=PC_Y60_79&indic_de=PC_Y60_MAX&indic_de=PC_Y65_69&indic_de=PC_Y65_79&indic_de=PC_Y65_MAX&indic_de=PC_Y70_74&indic_de=PC_Y75_79&indic_de=PC_Y75_MAX&indic_de=PC_Y80_84&indic_de=PC_Y80_MAX&indic_de=PC_Y85_MAX&indic_de=PC_Y100_MAX&indic_de=YOUNGDEP1&indic_de=YOUNGDEP2&indic_de=YOUNGDEP3&indic_de=YOUNGDEP4&lang=en 
Population change - Demographic balance and crude rates at regional level (NUTS 3);NUTS3;demo_r_gind3;https://ec.europa.eu/eurostat/api/dissemination/statistics/1.0/data/demo_r_gind3?format=JSON&geo=FI1D9&indic_de=CNMIGRAT&indic_de=CNMIGRATRT&indic_de=DEATH&indic_de=GBIRTHRT&indic_de=GDEATHRT&indic_de=GROW&indic_de=GROWRT&indic_de=JAN&indic_de=LBIRTH&indic_de=NATGROW&indic_de=NATGROWRT&lang=en 
Live births (total) by NUTS 3 region ;NUTS3;demo_r_births;https://ec.europa.eu/eurostat/api/dissemination/statistics/1.0/data/demo_r_births?format=JSON&geo=FI1D9&unit=NR&lang=en 
Live births by age group of the mothers and NUTS 3 region ;NUTS3;demo_r_fagec3;https://ec.europa.eu/eurostat/api/dissemination/statistics/1.0/data/demo_r_fagec3?format=JSON&geo=FI1D9&unit=NR&unit=NR&age=TOTAL&age=Y10-14&age=Y15-19&age=Y_LT20&age=Y20-24&age=Y25-29&age=Y30-34&age=Y35-39&age=Y40-44&age=Y45-49&age=Y_GE45&age=Y_GE50&age=UNK&lang=en 
Fertility indicators by NUTS 3 region ;NUTS3;demo_r_find3;https://ec.europa.eu/eurostat/api/dissemination/statistics/1.0/data/demo_r_find3?format=JSON&geo=FI1D9&unit=NR&unit=YR&indic_de=AGEMOTH&indic_de=MEDAGEMOTH&indic_de=TOTFERRT&lang=en 
Deaths (total) by NUTS 3 region ;NUTS3;demo_r_deaths;https://ec.europa.eu/eurostat/api/dissemination/statistics/1.0/data/demo_r_deaths?format=JSON&geo=FI1D9&unit=NR&unit=NR&lang=en 
Population by country of citizenship, age groups and NUTS 3 region, 2021 ;NUTS3;cens_21ctz_r3;https://ec.europa.eu/eurostat/api/dissemination/statistics/1.0/data/cens_21ctz_r3?format=JSON&geo=FI1D9&unit=NR&citizen=BE&citizen=BG&citizen=CZ&citizen=DK&citizen=DE&citizen=EE&citizen=IE&citizen=EL&citizen=ES&citizen=FR&citizen=HR&citizen=IT&citizen=CY&citizen=LV&citizen=LT&citizen=LU&citizen=HU&citizen=MT&citizen=NL&citizen=AT&citizen=PL&citizen=PT&citizen=RO&citizen=SI&citizen=SK&citizen=FI&citizen=SE&citizen=EU_FOR&citizen=IS&citizen=LI&citizen=NO&citizen=CH&citizen=UK&citizen=BA&citizen=ME&citizen=MD&citizen=MK&citizen=GE&citizen=AL&citizen=RS&citizen=TR&citizen=UA&citizen=XK&citizen=AD&citizen=BY&citizen=VA&citizen=MC&citizen=RU&citizen=SM&citizen=NEU&citizen=EUR_NEU&citizen=EUR_OTH&citizen=AFR&citizen=AO&citizen=CM&citizen=CF&citizen=TD&citizen=CG&citizen=CD&citizen=GQ&citizen=GA&citizen=ST&citizen=BI&citizen=KM&citizen=DJ&citizen=ER&citizen=ET&citizen=KE&citizen=MG&citizen=MW&citizen=MU&citizen=MZ&citizen=RW&citizen=SC&citizen=SO&citizen=UG&citizen=TZ&citizen=ZM&citizen=ZW&citizen=DZ&citizen=EG&citizen=LY&citizen=MA&citizen=SS&citizen=SD&citizen=TN&citizen=EH&citizen=BW&citizen=LS&citizen=NA&citizen=ZA&citizen=SZ&citizen=BJ&citizen=BF&citizen=CV&citizen=CI&citizen=GM&citizen=GH&citizen=GN&citizen=GW&citizen=LR&citizen=ML&citizen=MR&citizen=NE&citizen=NG&citizen=SN&citizen=SL&citizen=TG&citizen=AFR_OTH&citizen=AME_N&citizen=CA&citizen=US&citizen=AME_N_OTH&citizen=AME_X_N&citizen=AG&citizen=AW&citizen=BS&citizen=BB&citizen=CU&citizen=CW&citizen=DM&citizen=DO&citizen=GD&citizen=HT&citizen=JM&citizen=KN&citizen=LC&citizen=VC&citizen=SX&citizen=TT&citizen=BZ&citizen=CR&citizen=SV&citizen=GT&citizen=HN&citizen=MX&citizen=NI&citizen=PA&citizen=AR&citizen=BO&citizen=BR&citizen=CL&citizen=CO&citizen=EC&citizen=GY&citizen=PY&citizen=PE&citizen=SR&citizen=UY&citizen=VE&citizen=AME_X_N_OTH&citizen=ASI&citizen=KZ&citizen=KG&citizen=TJ&citizen=TM&citizen=UZ&citizen=CN&citizen=JP&citizen=MN&citizen=KP&citizen=KR&citizen=TW&citizen=AF&citizen=BD&citizen=BT&citizen=IN&citizen=IR&citizen=MV&citizen=NP&citizen=PK&citizen=LK&citizen=BN&citizen=KH&citizen=ID&citizen=LA&citizen=MY&citizen=MM&citizen=PH&citizen=SG&citizen=TH&citizen=TL&citizen=VN&citizen=AM&citizen=AZ&citizen=BH&citizen=IQ&citizen=IL&citizen=JO&citizen=KW&citizen=LB&citizen=PS&citizen=OM&citizen=QA&citizen=SA&citizen=SY&citizen=AE&citizen=YE&citizen=ASI_OTH&citizen=OCE&citizen=AU&citizen=NZ&citizen=FJ&citizen=PG&citizen=SB&citizen=VU&citizen=KI&citizen=MH&citizen=FM&citizen=NR&citizen=PW&citizen=WS&citizen=TO&citizen=TV&citizen=OCE_OTH&citizen=FOR&citizen=NAT&citizen=RNC&citizen=STLS&citizen=TOTAL&citizen=UNK&sex=T&sex=M&sex=F&age=TOTAL&age=Y_LT5&age=Y5-9&age=Y10-14&age=Y_LT15&age=Y15-19&age=Y15-29&age=Y20-24&age=Y25-29&age=Y30-34&age=Y30-49&age=Y35-39&age=Y40-44&age=Y45-49&age=Y50-54&age=Y50-64&age=Y55-59&age=Y60-64&age=Y65-69&age=Y65-84&age=Y70-74&age=Y75-79&age=Y80-84&age=Y85-89&age=Y_GE85&age=Y90-94&age=Y95-99&age=Y_GE100&lang=en 
Population by country of citizenship, age groups, family status and NUTS 3 region, 2021 ;NUTS3;cens_21ctzf_r3;https://ec.europa.eu/eurostat/api/dissemination/statistics/1.0/data/cens_21ctzf_r3?format=JSON&geo=FI1D9&unit=NR&citizen=EU_FOR&citizen=NEU&citizen=FOR&citizen=NAT&citizen=STLS&citizen=TOTAL&citizen=UNK&hhstatus=TOTAL&hhstatus=CPL&hhstatus=PAR1&hhstatus=CH_PAR&hhstatus=NAP&hhstatus=UNK&sex=T&sex=M&sex=F&age=TOTAL&age=Y_LT5&age=Y5-9&age=Y10-14&age=Y_LT15&age=Y15-19&age=Y15-29&age=Y20-24&age=Y25-29&age=Y30-34&age=Y30-49&age=Y35-39&age=Y40-44&age=Y45-49&age=Y50-54&age=Y50-64&age=Y55-59&age=Y60-64&age=Y65-69&age=Y65-84&age=Y70-74&age=Y75-79&age=Y80-84&age=Y85-89&age=Y_GE85&age=Y90-94&age=Y95-99&age=Y_GE100&lang=en 
Population by country of citizenship, age groups, type of housing arrangements and NUTS 3 region, 2021 ;NUTS3;cens_21ctzha_r3;https://ec.europa.eu/eurostat/api/dissemination/statistics/1.0/data/cens_21ctzha_r3?format=JSON&geo=FI1D9&unit=NR&citizen=EU_FOR&citizen=NEU&citizen=EUR_NEU&citizen=AFR&citizen=AME_N&citizen=AME_X_N&citizen=ASI&citizen=OCE&citizen=FOR&citizen=NAT&citizen=STLS&citizen=TOTAL&citizen=UNK&housing=TOTAL&housing=H_CV&housing=DW&housing=CLQ&housing=H_NCV&housing=UNK&age=TOTAL&age=Y_LT5&age=Y5-9&age=Y10-14&age=Y_LT15&age=Y15-19&age=Y15-29&age=Y20-24&age=Y25-29&age=Y30-34&age=Y30-49&age=Y35-39&age=Y40-44&age=Y45-49&age=Y50-54&age=Y50-64&age=Y55-59&age=Y60-64&age=Y65-69&age=Y65-84&age=Y70-74&age=Y75-79&age=Y80-84&age=Y85-89&age=Y_GE85&age=Y90-94&age=Y95-99&age=Y_GE100&lang=en 
Population by country of birth, age groups and NUTS 3 region, 2021 ;NUTS3;cens_21cob_r3;https://ec.europa.eu/eurostat/api/dissemination/statistics/1.0/data/cens_21cob_r3?format=JSON&geo=FI1D9&unit=NR&c_birth=BE&c_birth=BG&c_birth=CZ&c_birth=DK&c_birth=DE&c_birth=EE&c_birth=IE&c_birth=EL&c_birth=ES&c_birth=FR&c_birth=HR&c_birth=IT&c_birth=CY&c_birth=LV&c_birth=LT&c_birth=LU&c_birth=HU&c_birth=MT&c_birth=NL&c_birth=AT&c_birth=PL&c_birth=PT&c_birth=RO&c_birth=SI&c_birth=SK&c_birth=FI&c_birth=SE&c_birth=EU_OTH&c_birth=IS&c_birth=LI&c_birth=NO&c_birth=CH&c_birth=UK&c_birth=BA&c_birth=ME&c_birth=MD&c_birth=MK&c_birth=GE&c_birth=AL&c_birth=RS&c_birth=TR&c_birth=UA&c_birth=XK&c_birth=AD&c_birth=BY&c_birth=GG&c_birth=JE&c_birth=CQ&c_birth=FO&c_birth=GI&c_birth=VA&c_birth=IM&c_birth=MC&c_birth=RU&c_birth=SM&c_birth=NEU&c_birth=EUR_NEU&c_birth=EUR_OTH&c_birth=AFR&c_birth=AO&c_birth=CM&c_birth=CF&c_birth=TD&c_birth=CG&c_birth=CD&c_birth=GQ&c_birth=GA&c_birth=ST&c_birth=BI&c_birth=KM&c_birth=DJ&c_birth=ER&c_birth=ET&c_birth=KE&c_birth=MG&c_birth=MW&c_birth=MU&c_birth=MZ&c_birth=RW&c_birth=SC&c_birth=SO&c_birth=UG&c_birth=TZ&c_birth=ZM&c_birth=ZW&c_birth=DZ&c_birth=EG&c_birth=LY&c_birth=MA&c_birth=SS&c_birth=SD&c_birth=TN&c_birth=EH&c_birth=BW&c_birth=LS&c_birth=NA&c_birth=ZA&c_birth=SZ&c_birth=BJ&c_birth=BF&c_birth=CV&c_birth=CI&c_birth=GM&c_birth=GH&c_birth=GN&c_birth=GW&c_birth=LR&c_birth=ML&c_birth=MR&c_birth=NE&c_birth=NG&c_birth=SH&c_birth=SN&c_birth=SL&c_birth=TG&c_birth=AFR_OTH&c_birth=AME_N&c_birth=BM&c_birth=CA&c_birth=GL&c_birth=PM&c_birth=US&c_birth=AME_N_OTH&c_birth=AME_X_N&c_birth=AI&c_birth=AG&c_birth=AW&c_birth=BS&c_birth=BB&c_birth=VG&c_birth=KY&c_birth=CU&c_birth=CW&c_birth=DM&c_birth=DO&c_birth=GD&c_birth=HT&c_birth=JM&c_birth=MS&c_birth=BL&c_birth=KN&c_birth=LC&c_birth=MF&c_birth=VC&c_birth=SX&c_birth=TT&c_birth=TC&c_birth=BZ&c_birth=CR&c_birth=SV&c_birth=GT&c_birth=HN&c_birth=MX&c_birth=NI&c_birth=PA&c_birth=AR&c_birth=BO&c_birth=BR&c_birth=CL&c_birth=CO&c_birth=EC&c_birth=FK&c_birth=GY&c_birth=PY&c_birth=PE&c_birth=SR&c_birth=UY&c_birth=VE&c_birth=AME_X_N_OTH&c_birth=ASI&c_birth=KZ&c_birth=KG&c_birth=TJ&c_birth=TM&c_birth=UZ&c_birth=CN&c_birth=JP&c_birth=MN&c_birth=KP&c_birth=KR&c_birth=TW&c_birth=AF&c_birth=BD&c_birth=BT&c_birth=IN&c_birth=IR&c_birth=MV&c_birth=NP&c_birth=PK&c_birth=LK&c_birth=BN&c_birth=KH&c_birth=ID&c_birth=LA&c_birth=MY&c_birth=MM&c_birth=PH&c_birth=SG&c_birth=TH&c_birth=TL&c_birth=VN&c_birth=AM&c_birth=AZ&c_birth=BH&c_birth=IQ&c_birth=IL&c_birth=JO&c_birth=KW&c_birth=LB&c_birth=PS&c_birth=OM&c_birth=QA&c_birth=SA&c_birth=SY&c_birth=AE&c_birth=YE&c_birth=ASI_OTH&c_birth=OCE&c_birth=AU&c_birth=NZ&c_birth=FJ&c_birth=NC&c_birth=PG&c_birth=SB&c_birth=VU&c_birth=KI&c_birth=MH&c_birth=FM&c_birth=NR&c_birth=PW&c_birth=CK&c_birth=PF&c_birth=PN&c_birth=WS&c_birth=TO&c_birth=TV&c_birth=WF&c_birth=OCE_OTH&c_birth=TF&c_birth=FOR&c_birth=NAT&c_birth=TOTAL&c_birth=OTH&c_birth=UNK&sex=T&sex=M&sex=F&age=TOTAL&age=Y_LT5&age=Y5-9&age=Y10-14&age=Y_LT15&age=Y15-19&age=Y15-29&age=Y20-24&age=Y25-29&age=Y30-34&age=Y30-49&age=Y35-39&age=Y40-44&age=Y45-49&age=Y50-54&age=Y50-64&age=Y55-59&age=Y60-64&age=Y65-69&age=Y65-84&age=Y70-74&age=Y75-79&age=Y80-84&age=Y85-89&age=Y_GE85&age=Y90-94&age=Y95-99&age=Y_GE100&lang=en 
Population by country of birth, age groups, household status and NUTS 3 region, 2021 ;NUTS3;cens_21cobhs_r3;https://ec.europa.eu/eurostat/api/dissemination/statistics/1.0/data/cens_21cobhs_r3?format=JSON&geo=FI1D9&unit=NR&c_birth=EU_OTH&c_birth=NEU&c_birth=FOR&c_birth=NAT&c_birth=TOTAL&c_birth=OTH&c_birth=UNK&hhstatus=TOTAL&hhstatus=PRV&hhstatus=FAM&hhstatus=NFAM&hhstatus=PRV_UNK&hhstatus=NPRV&hhstatus=IST&hhstatus=NPRV_IHMLS_UNK&sex=T&sex=M&sex=F&age=TOTAL&age=Y_LT5&age=Y5-9&age=Y10-14&age=Y_LT15&age=Y15-19&age=Y15-29&age=Y20-24&age=Y25-29&age=Y30-34&age=Y30-49&age=Y35-39&age=Y40-44&age=Y45-49&age=Y50-54&age=Y50-64&age=Y55-59&age=Y60-64&age=Y65-69&age=Y65-84&age=Y70-74&age=Y75-79&age=Y80-84&age=Y85-89&age=Y_GE85&age=Y90-94&age=Y95-99&age=Y_GE100&lang=en 
Population by country of birth, age groups, type of housing arrangements and NUTS 3 region, 2021 ;NUTS3;cens_21cobha_r3;https://ec.europa.eu/eurostat/api/dissemination/statistics/1.0/data/cens_21cobha_r3?format=JSON&geo=FI1D9&unit=NR&c_birth=EU_OTH&c_birth=NEU&c_birth=EUR_NEU&c_birth=AFR&c_birth=AME_N&c_birth=AME_X_N&c_birth=ASI&c_birth=OCE&c_birth=FOR&c_birth=NAT&c_birth=TOTAL&c_birth=OTH&c_birth=UNK&housing=TOTAL&housing=H_CV&housing=DW&housing=CLQ&housing=H_NCV&housing=UNK&age=TOTAL&age=Y_LT5&age=Y5-9&age=Y10-14&age=Y_LT15&age=Y15-19&age=Y15-29&age=Y20-24&age=Y25-29&age=Y30-34&age=Y30-49&age=Y35-39&age=Y40-44&age=Y45-49&age=Y50-54&age=Y50-64&age=Y55-59&age=Y60-64&age=Y65-69&age=Y65-84&age=Y70-74&age=Y75-79&age=Y80-84&age=Y85-89&age=Y_GE85&age=Y90-94&age=Y95-99&age=Y_GE100&lang=en 
Population by marital status, broad age groups and NUTS 3 region, 2021 ;NUTS3;cens_21m_r3;https://ec.europa.eu/eurostat/api/dissemination/statistics/1.0/data/cens_21m_r3?format=JSON&geo=FI1D9&unit=NR&marsta=TOTAL&marsta=SIN&marsta=MAR_REP&marsta=WID_DTHREP&marsta=DIV_DISREP&marsta=UNK&age=TOTAL&age=Y_LT15&age=Y15-29&age=Y30-49&age=Y50-64&age=Y65-84&age=Y_GE85&sex=T&sex=M&sex=F&lang=en 
Population by family status, broad age groups and NUTS 3 region, 2021 ;NUTS3;cens_21f_r3;https://ec.europa.eu/eurostat/api/dissemination/statistics/1.0/data/cens_21f_r3?format=JSON&geo=FI1D9&unit=NR&age=TOTAL&age=Y_LT15&age=Y15-29&age=Y30-49&age=Y50-64&age=Y65-84&age=Y_GE85&hhstatus=TOTAL&hhstatus=CPL&hhstatus=MAR_REP&hhstatus=MARO_REPO&hhstatus=MARS_REPS&hhstatus=CSU&hhstatus=PAR1&hhstatus=CH_PAR&hhstatus=CH_CPL&hhstatus=CH_PAR1&hhstatus=NAP&hhstatus=UNK&sex=T&sex=M&sex=F&lang=en 
Population by size of the locality, age groups and NUTS 3 region, 2021 ;NUTS3;cens_21l_r3;https://ec.europa.eu/eurostat/api/dissemination/statistics/1.0/data/cens_21l_r3?format=JSON&geo=FI1D9&unit=NR&age=TOTAL&age=Y_LT5&age=Y5-9&age=Y10-14&age=Y_LT15&age=Y15-19&age=Y15-29&age=Y20-24&age=Y25-29&age=Y30-34&age=Y30-49&age=Y35-39&age=Y40-44&age=Y45-49&age=Y50-54&age=Y50-64&age=Y55-59&age=Y60-64&age=Y65-69&age=Y65-84&age=Y70-74&age=Y75-79&age=Y80-84&age=Y85-89&age=Y_GE85&age=Y90-94&age=Y95-99&age=Y_GE100&n_person=TOTAL&n_person=LT200&n_person=200-499&n_person=500-999&n_person=1000-1999&n_person=2000-4999&n_person=5000-9999&n_person=10000-19999&n_person=20000-49999&n_person=50000-99999&n_person=100000-199999&n_person=200000-499999&n_person=500000-999999&n_person=GE1000000&sex=T&sex=M&sex=F&lang=en 
Population by size of the locality, housing arrangements and NUTS 3 region, 2021 ;NUTS3;cens_21lha_r3;https://ec.europa.eu/eurostat/api/dissemination/statistics/1.0/data/cens_21lha_r3?format=JSON&geo=FI1D9&unit=NR&housing=TOTAL&housing=H_CV&housing=DW&housing=CLQ&housing=H_NCV&housing=UNK&n_person=TOTAL&n_person=LT200&n_person=200-499&n_person=500-999&n_person=1000-1999&n_person=2000-4999&n_person=5000-9999&n_person=10000-19999&n_person=20000-49999&n_person=50000-99999&n_person=100000-199999&n_person=200000-499999&n_person=500000-999999&n_person=GE1000000&sex=T&sex=M&sex=F&lang=en 
Population by year of arrival in the country since 2010, age groups, groups of country of birth and NUTS 3 region, 2021 ;NUTS3;cens_21argc_r3;https://ec.europa.eu/eurostat/api/dissemination/statistics/1.0/data/cens_21argc_r3?format=JSON&geo=FI1D9&unit=NR&y_arriv=TOTAL&y_arriv=Y_LE2009&y_arriv=Y_GE2010&y_arriv=UNK&c_birth=EU_OTH&c_birth=NEU&c_birth=FOR&c_birth=NAT&c_birth=TOTAL&c_birth=OTH&c_birth=UNK&age=TOTAL&age=Y_LT5&age=Y5-9&age=Y10-14&age=Y_LT15&age=Y15-19&age=Y15-29&age=Y20-24&age=Y25-29&age=Y30-34&age=Y30-49&age=Y35-39&age=Y40-44&age=Y45-49&age=Y50-54&age=Y50-64&age=Y55-59&age=Y60-64&age=Y65-69&age=Y65-84&age=Y70-74&age=Y75-79&age=Y80-84&age=Y85-89&age=Y_GE85&age=Y90-94&age=Y95-99&age=Y_GE100&sex=T&sex=M&sex=F&lang=en 
Population by year of arrival in the country, age groups, family status and NUTS 3 region, 2021 ;NUTS3;cens_21arf_r3;https://ec.europa.eu/eurostat/api/dissemination/statistics/1.0/data/cens_21arf_r3?format=JSON&geo=FI1D9&unit=NR&y_arriv=TOTAL&y_arriv=Y_GE1980&y_arriv=Y1980-1984&y_arriv=Y1985-1989&y_arriv=Y1990-1994&y_arriv=Y1995-1999&y_arriv=Y2000-2004&y_arriv=Y2005-2009&y_arriv=Y2010-2014&y_arriv=Y2015-2019&y_arriv=Y2020-2021&y_arriv=Y_LE1979_NRA&y_arriv=UNK&hhstatus=TOTAL&hhstatus=CPL&hhstatus=MAR_REP&hhstatus=CSU&hhstatus=PAR1&hhstatus=CH_PAR&hhstatus=CH_CPL&hhstatus=CH_PAR1&hhstatus=NAP&hhstatus=UNK&age=TOTAL&age=Y_LT15&age=Y15-29&age=Y30-49&age=Y50-64&age=Y65-84&age=Y_GE85&sex=T&sex=M&sex=F&lang=en 
Gross domestic product (GDP) at current market prices by NUTS 3 region ;NUTS3;nama_10r_3gdp;https://ec.europa.eu/eurostat/api/dissemination/statistics/1.0/data/nama_10r_3gdp?format=JSON&geo=FI1D9&unit=MIO_EUR&unit=EUR_HAB&unit=EUR_HAB_EU27_2020&unit=MIO_NAC&unit=MIO_PPS_EU27_2020&unit=PPS_EU27_2020_HAB&unit=PPS_HAB_EU27_2020&lang=en 
Employment (thousand persons) by NUTS 3 region ;NUTS3;nama_10r_3empers;https://ec.europa.eu/eurostat/api/dissemination/statistics/1.0/data/nama_10r_3empers?format=JSON&geo=FI1D9&unit=THS&wstatus=EMP&wstatus=SAL&wstatus=SELF&nace_r2=TOTAL&nace_r2=A&nace_r2=B-E&nace_r2=C&nace_r2=F&nace_r2=G-J&nace_r2=G-I&nace_r2=J&nace_r2=K-N&nace_r2=K&nace_r2=L&nace_r2=M_N&nace_r2=O-U&nace_r2=O-Q&nace_r2=R-U&lang=en 
Gross value added at basic prices and previous year prices by NUTS 3 region ;NUTS3;nama_10r_3gva;https://ec.europa.eu/eurostat/api/dissemination/statistics/1.0/data/nama_10r_3gva?format=JSON&geo=FI1D9&unit=CP_MEUR&unit=CP_MNAC&unit=PYP_MEUR&unit=PYP_MNAC&nace_r2=TOTAL&nace_r2=A&nace_r2=B-E&nace_r2=C&nace_r2=F&nace_r2=G-J&nace_r2=G-I&nace_r2=J&nace_r2=K-N&nace_r2=K&nace_r2=L&nace_r2=M_N&nace_r2=O-U&nace_r2=O-Q&nace_r2=R-U&lang=en 
Business demography and high growth enterprises by NACE Rev. 2 activity and NUTS 3 region ;NUTS3;bd_hgnace_r;https://ec.europa.eu/eurostat/api/dissemination/statistics/1.0/data/bd_hgnace_r?format=JSON&geo=FI1D9&indic_sbs=ENT_NR&indic_sbs=ENT_BRTH_NR&indic_sbs=ENT_BRTH_EMPSIZE_NR&indic_sbs=ENT_DTH_EMPSIZE_NR&indic_sbs=ENT_DTH_NR&indic_sbs=ENT_SRVL_EMPSIZE_Y3_NR&indic_sbs=ENT_SRVL_Y3_NR&indic_sbs=ENT_SRVLR_Y3_PC&indic_sbs=ENT_SRVLR_BRTH_Y3_PC&indic_sbs=ENT_HGRW_NR&indic_sbs=ENT_HGRWR_PC&indic_sbs=ENT_BRTHR_DTHR_PC&indic_sbs=ENT_BRTHR_PC&indic_sbs=ENT_DTHR_PC&indic_sbs=GRW_ENT_PC&indic_sbs=EMP_NR&indic_sbs=EMP_BRTH_NR&indic_sbs=EMP_BRTHR_PC&indic_sbs=EMP_DTH_NR&indic_sbs=EMP_SRVL_Y3_NR&indic_sbs=EMP_SRVL_YBRTH_Y3_NR&indic_sbs=EMP_DTHR_PC&indic_sbs=EMP_SRVLR_Y3_PC&indic_sbs=GRW_EMP_SRVL_Y3_PC&indic_sbs=SAL_NR&indic_sbs=SAL_BRTH_NR&indic_sbs=SAL_DTH_NR&indic_sbs=SAL_EMP_BRTHR_PC&nace_r2=B-S_X_O_S94&nace_r2=B-E&nace_r2=F&nace_r2=G&nace_r2=H&nace_r2=I&nace_r2=J&nace_r2=K_L&nace_r2=M_N&nace_r2=P_Q&nace_r2=R_S_X_S94&lang=en 
Business demography by size class and NUTS 3 region ;NUTS3;bd_size_r;https://ec.europa.eu/eurostat/api/dissemination/statistics/1.0/data/bd_size_r?format=JSON&geo=FI1D9&sizeclas=TOTAL&sizeclas=0&sizeclas=1-9&sizeclas=GE10&indic_sbs=ENT_NR&indic_sbs=ENT_BRTH_NR&indic_sbs=ENT_BRTH_EMPSIZE_NR&indic_sbs=ENT_DTH_EMPSIZE_NR&indic_sbs=ENT_DTH_NR&indic_sbs=ENT_SRVL_EMPSIZE_Y3_NR&indic_sbs=ENT_SRVL_Y3_NR&indic_sbs=ENT_SRVLR_Y3_PC&indic_sbs=ENT_SRVLR_BRTH_Y3_PC&indic_sbs=ENT_BRTHR_DTHR_PC&indic_sbs=ENT_BRTHR_PC&indic_sbs=ENT_DTHR_PC&indic_sbs=ENT_BRTH_PP_PC&indic_sbs=ENT_DTH_PP_PC&indic_sbs=GRW_ENT_PC&indic_sbs=EMP_NR&indic_sbs=EMP_BRTH_NR&indic_sbs=EMP_BRTHR_PC&indic_sbs=EMP_DTH_NR&indic_sbs=EMP_SRVL_Y3_NR&indic_sbs=EMP_SRVL_YBRTH_Y3_NR&indic_sbs=EMP_DTHR_PC&indic_sbs=EMP_SRVLR_Y3_PC&indic_sbs=GRW_EMP_SRVL_Y3_PC&indic_sbs=SAL_NR&indic_sbs=SAL_BRTH_NR&indic_sbs=SAL_DTH_NR&indic_sbs=SAL_EMP_BRTHR_PC&nace_r2=B-S_X_O_S94&lang=en 
Employer business demography by NACE Rev. 2 activity and NUTS 3 region ;NUTS3;bd_salge1_nace_r;https://ec.europa.eu/eurostat/api/dissemination/statistics/1.0/data/bd_salge1_nace_r?format=JSON&geo=FI1D9&indic_sbs=ENT_SALGE1_NR&indic_sbs=ENT_SALGE1_BRTH_NR&indic_sbs=ENT_SALGE1_BRTH_EMPSIZE_NR&indic_sbs=ENT_SALGE1_DTH_NR&indic_sbs=ENT_SALGE1_DTH_EMPSIZE_NR&indic_sbs=ENT_SALGE1_SRVL_Y3_NR&indic_sbs=ENT_SALGE1_SRVL_EMPSIZE_Y3_NR&indic_sbs=ENT_SALGE1_SRVLR_Y3_PC&indic_sbs=ENT_SALGE1_SRVLR_BRTH_Y3_PC&indic_sbs=ENT_SALGE1_BRTHR_DTHR_PC&indic_sbs=ENT_SALGE1_BRTHR_PC&indic_sbs=ENT_SALGE1_DTHR_PC&indic_sbs=GRW_ENT_SALGE1_PC&indic_sbs=EMP_SALGE1_NR&indic_sbs=EMP_SALGE1_BRTH_NR&indic_sbs=EMP_SALGE1_BRTHR_PC&indic_sbs=EMP_SALGE1_DTH_NR&indic_sbs=EMP_SALGE1_DTHR_PC&indic_sbs=EMP_SALGE1_SRVL_Y3_NR&indic_sbs=EMP_SALGE1_SRVL_YBRTH_Y3_NR&indic_sbs=EMP_SALGE1_SRVLR_Y3_PC&indic_sbs=GRW_EMP_SALGE1_SRVL_Y3_PC&indic_sbs=SAL_SALGE1_NR&indic_sbs=SAL_SALGE1_BRTH_NR&indic_sbs=SAL_SALGE1_DTH_NR&indic_sbs=SAL_SALGE1_EMP_BRTHR_PC&nace_r2=B-S_X_O_S94&nace_r2=B-E&nace_r2=F&nace_r2=G&nace_r2=H&nace_r2=I&nace_r2=J&nace_r2=K_L&nace_r2=M_N&nace_r2=P_Q&nace_r2=R_S_X_S94&lang=en 
Employer business demography by size class and NUTS 3 region ;NUTS3;bd_salge1_size_r;https://ec.europa.eu/eurostat/api/dissemination/statistics/1.0/data/bd_salge1_size_r?format=JSON&geo=FI1D9&sizeclas=TOTAL&sizeclas=1-9&sizeclas=GE10&indic_sbs=ENT_SALGE1_NR&indic_sbs=ENT_SALGE1_BRTH_NR&indic_sbs=ENT_SALGE1_BRTH_PP_PC&indic_sbs=ENT_SALGE1_BRTH_EMPSIZE_NR&indic_sbs=ENT_SALGE1_DTH_NR&indic_sbs=ENT_SALGE1_DTH_PP_PC&indic_sbs=ENT_SALGE1_DTH_EMPSIZE_NR&indic_sbs=ENT_SALGE1_SRVL_Y3_NR&indic_sbs=ENT_SALGE1_SRVL_EMPSIZE_Y3_NR&indic_sbs=ENT_SALGE1_SRVLR_Y3_PC&indic_sbs=ENT_SALGE1_SRVLR_BRTH_Y3_PC&indic_sbs=ENT_SALGE1_BRTHR_DTHR_PC&indic_sbs=ENT_SALGE1_BRTHR_PC&indic_sbs=ENT_SALGE1_DTHR_PC&indic_sbs=GRW_ENT_SALGE1_PC&indic_sbs=EMP_SALGE1_NR&indic_sbs=EMP_SALGE1_BRTH_NR&indic_sbs=EMP_SALGE1_BRTHR_PC&indic_sbs=EMP_SALGE1_DTH_NR&indic_sbs=EMP_SALGE1_DTHR_PC&indic_sbs=EMP_SALGE1_SRVL_Y3_NR&indic_sbs=EMP_SALGE1_SRVL_YBRTH_Y3_NR&indic_sbs=EMP_SALGE1_SRVLR_Y3_PC&indic_sbs=GRW_EMP_SALGE1_SRVL_Y3_PC&indic_sbs=SAL_SALGE1_NR&indic_sbs=SAL_SALGE1_BRTH_NR&indic_sbs=SAL_SALGE1_DTH_NR&indic_sbs=SAL_SALGE1_EMP_BRTHR_PC&nace_r2=B-S_X_O_S94&lang=en 
Nominal Labour productivity by NUTS 3 regions ;NUTS3;nama_10r_3nlp;https://ec.europa.eu/eurostat/api/dissemination/statistics/1.0/data/nama_10r_3nlp?format=JSON&geo=FI1D9&unit=EUR&unit=NAC&unit=PC_EU27_2020_MEUR_CP&na_item=NLPR_PER&lang=en 
Patent applications to the EPO by priority year by NUTS 3 region (1977-2012) ;NUTS3;pat_ep_rtot;https://ec.europa.eu/eurostat/api/dissemination/statistics/1.0/data/pat_ep_rtot?format=JSON&geo=FI1D9&unit=NR&unit=GDP_BEUR&unit=P_MHAB&unit=P_MACT&lang=en 
Patent applications to the EPO by priority year by NUTS 3 region, international patent classification (IPC) sections and classes (1977-2013) ;NUTS3;pat_ep_ripc;https://ec.europa.eu/eurostat/api/dissemination/statistics/1.0/data/pat_ep_ripc?format=JSON&sinceTimePeriod=2000&geo=SI024&unit=NR&unit=P_MHAB&lang=en
High-tech patent applications to the EPO by priority year by NUTS 3 region (1977-2012) ;NUTS3;pat_ep_rtec;https://ec.europa.eu/eurostat/api/dissemination/statistics/1.0/data/pat_ep_rtec?format=JSON&geo=FI1D9&unit=NR&unit=GDP_BEUR&unit=P_MHAB&unit=P_MACT&ipc=HT&ipc=AVI&ipc=CAB&ipc=CTE&ipc=LSR&ipc=MGE&ipc=SMC&lang=en 
Patent applications to the EPO by country of applicants and inventors (2004 and onwards);country;pat_ep_tot;https://ec.europa.eu/eurostat/api/dissemination/statistics/1.0/data/pat_ep_tot?format=JSON&geo=SI&unit=NR&unit=P_MHAB&coop_ptn=APPL&coop_ptn=INVT&lang=en 
Guest nights spent at short-stay accommodation offered via collaborative economy platforms by NUTS 3 region - experimental statistics (2018-2023);NUTS3;tour_ce_oan3;https://ec.europa.eu/eurostat/api/dissemination/statistics/1.0/data/tour_ce_oan3?format=JSON&geo=FI1D9&unit=NR&indic_to=NGT_SP&c_resid=DOM&c_resid=FOR&c_resid=TOTAL&lang=en 
Households with access to the internet at home;NUTS2;ISOC_R_IACC_H;https://ec.europa.eu/eurostat/api/dissemination/statistics/1.0/data/isoc_r_iacc_h?format=JSON&geo=FI1D&unit=PC_HH&lang=en 
Households with broadband access;NUTS2;ISOC_R_BROAD_H;https://ec.europa.eu/eurostat/api/dissemination/statistics/1.0/data/isoc_r_broad_h?format=JSON&geo=FI1D&unit=PC_HH&unit=PC_HH_IACC&lang=en 
Individuals who used the internet, frequency of use and activities;NUTS2;ISOC_R_IUSE_I;https://ec.europa.eu/eurostat/api/dissemination/statistics/1.0/data/isoc_r_iuse_i?format=JSON&geo=FI1D&unit=PC_IND&unit=PC_IND_IU3&indic_is=I_IUSE&indic_is=I_IDAY&indic_is=I_IUSNET&indic_is=I_IUBK&indic_is=I_IUSELL&indic_is=I_IUCPP&indic_is=I_IU3&indic_is=I_ILT12&indic_is=I_IUX&lang=en 
Individuals who used the internet for interaction with public authorities;NUTS2;ISOC_R_GOV_I;https://ec.europa.eu/eurostat/api/dissemination/statistics/1.0/data/isoc_r_gov_i?format=JSON&geo=FI1D&unit=PC_IND&unit=PC_IND_ILT12&indic_is=I_IUGOV12&indic_is=I_IGOV12RT&lang=en 
Individuals who ordered goods or services over the internet for private use;NUTS2;ISOC_R_BLT12_I;https://ec.europa.eu/eurostat/api/dissemination/statistics/1.0/data/isoc_r_blt12_i?format=JSON&geo=FI1D&unit=PC_IND&unit=PC_IND_ILT12&unit=PC_IND_IU3&unit=PC_IND_BLT12&indic_is=I_BUY3&indic_is=I_B3_12&indic_is=I_BLT12&indic_is=I_BUMT12&indic_is=I_BUMT12X&indic_is=I_BPG_EU&indic_is=I_BHOLS&indic_is=I_BFEU&lang=en 
Use of computers and the internet by employees, by NACE Rev. 2 activity and NUTS 2 region (microenterprises are excluded);NUTS2;ISOC_R_CI_CM_PN2;https://ec.europa.eu/eurostat/api/dissemination/statistics/1.0/data/isoc_r_ci_cm_pn2?format=JSON&geo=FI1D&unit=PC_EMP&nace_r2=C-F&nace_r2=C-E&nace_r2=C&nace_r2=C10-S951_X_K&nace_r2=D_E&nace_r2=F&nace_r2=G&nace_r2=G45-S951_X_K&nace_r2=H&nace_r2=I&nace_r2=J&nace_r2=L_M&nace_r2=N&size_emp=GE10&indic_is=P_IUSE&lang=en 
Internet access by NACE Rev. 2 activity and NUTS 2 region;NUTS2;ISOC_R_CI_IN_EN2;https://ec.europa.eu/eurostat/api/dissemination/statistics/1.0/data/isoc_r_ci_in_en2?format=JSON&geo=FI1D&unit=PC_ENT&nace_r2=C-F&nace_r2=C-E&nace_r2=C&nace_r2=C10-S951_X_K&nace_r2=D_E&nace_r2=F&nace_r2=G&nace_r2=G45-S951_X_K&nace_r2=H&nace_r2=I&nace_r2=J&nace_r2=L_M&nace_r2=N&size_emp=GE10&indic_is=E_IUSE&indic_is=E_IUSE_GT10&indic_is=E_IUSE_GT50&indic_is=E_IUSE_GE10A&lang=en 
Type of connections to the internet by NACE Rev. 2 activity and NUTS 2 region;NUTS2;ISOC_R_CI_IT_EN2;https://ec.europa.eu/eurostat/api/dissemination/statistics/1.0/data/isoc_r_ci_it_en2?format=JSON&geo=FI1D&unit=PC_ENT&unit=PC_ENT_FIXBB&unit=PC_ENT_IUSE&nace_r2=C-F&nace_r2=C-E&nace_r2=C&nace_r2=C10-S951_X_K&nace_r2=D_E&nace_r2=F&nace_r2=G&nace_r2=G45-S951_X_K&nace_r2=H&nace_r2=I&nace_r2=J&nace_r2=L_M&nace_r2=N&size_emp=GE10&indic_is=E_FIXBB&indic_is=E_ISPDF_LT30&indic_is=E_ISPDF_100_500&indic_is=E_ISPDF_500_1G&indic_is=E_ISPDF_GE1G&indic_is=E_ISPDF1_30_100&indic_is=E_ISPDF1_GE30&indic_is=E_ISPDF1_GE100&lang=en 
Cloud computing services by NACE Rev. 2 activity and NUTS 2 region;NUTS2;ISOC_R_CICCE_USEN2;https://ec.europa.eu/eurostat/api/dissemination/statistics/1.0/data/isoc_r_cicce_usen2?format=JSON&geo=FI1D&unit=PC_ENT&unit=PC_ENT_IUSE&nace_r2=C-F&nace_r2=C-E&nace_r2=C&nace_r2=C10-S951_X_K&nace_r2=D_E&nace_r2=F&nace_r2=G&nace_r2=G45-S951_X_K&nace_r2=H&nace_r2=I&nace_r2=J&nace_r2=L_M&nace_r2=N&size_emp=GE10&indic_is=E_CC&indic_is=E_CCX&lang=en 
Artificial intelligence by NACE Rev. 2 activity and NUTS 2 region;NUTS2;ISOC_R_EB_AIN2;https://ec.europa.eu/eurostat/api/dissemination/statistics/1.0/data/isoc_r_eb_ain2?format=JSON&geo=FI1D&unit=PC_ENT&unit=PC_ENT_IUSE&nace_r2=C-F&nace_r2=C-E&nace_r2=C&nace_r2=C10-S951_X_K&nace_r2=D_E&nace_r2=F&nace_r2=G&nace_r2=G45-S951_X_K&nace_r2=H&nace_r2=I&nace_r2=J&nace_r2=L_M&nace_r2=N&size_emp=GE10&indic_is=E_AI_TTM&indic_is=E_AI_TSR&indic_is=E_AI_TNLG&indic_is=E_AI_TIR&indic_is=E_AI_TML&indic_is=E_AI_TPA&indic_is=E_AI_TAR&indic_is=E_AI_TANY&indic_is=E_AI_TX&indic_is=E_AI_TGE2&indic_is=E_AI_TGE3&indic_is=E_AI_CC&lang=en 
Integration with customers/suppliers, supply chain management by NACE Rev. 2 activity and NUTS 2 region;NUTS2;ISOC_R_EB_ICSN2;https://ec.europa.eu/eurostat/api/dissemination/statistics/1.0/data/isoc_r_eb_icsn2?format=JSON&geo=FI1D&unit=PC_ENT&unit=PC_ENT_IUSE&nace_r2=C-F&nace_r2=C-E&nace_r2=C&nace_r2=C10-S951_X_K&nace_r2=D_E&nace_r2=F&nace_r2=G&nace_r2=G45-S951_X_K&nace_r2=H&nace_r2=I&nace_r2=J&nace_r2=L_M&nace_r2=N&size_emp=GE10&indic_is=E_INV4S_AP&indic_is=E_INV4S_EMP&indic_is=E_INV4S_PMP&lang=en 
Integration of internal processes by NACE Rev. 2 activity and NUTS 2 region;NUTS2;ISOC_R_EB_IIPN2;https://ec.europa.eu/eurostat/api/dissemination/statistics/1.0/data/isoc_r_eb_iipn2?format=JSON&geo=FI1D&unit=PC_ENT&unit=PC_ENT_IUSE&nace_r2=C-F&nace_r2=C-E&nace_r2=C&nace_r2=C10-S951_X_K&nace_r2=D_E&nace_r2=F&nace_r2=G&nace_r2=G45-S951_X_K&nace_r2=H&nace_r2=I&nace_r2=J&nace_r2=L_M&nace_r2=N&size_emp=GE10&indic_is=E_ERP1&indic_is=E_CRM1&indic_is=E_ITBI&indic_is=E_BSANY&lang=en 
E-commerce sales of enterprises by NACE Rev. 2 activity and NUTS 2 region;NUTS2;ISOC_R_EC_ESELN2;https://ec.europa.eu/eurostat/api/dissemination/statistics/1.0/data/isoc_r_ec_eseln2?format=JSON&geo=FI1D&unit=PC_ENT&unit=PC_ENT_IUSE&nace_r2=C-F&nace_r2=C-E&nace_r2=C&nace_r2=C10-S951_X_K&nace_r2=D_E&nace_r2=F&nace_r2=G&nace_r2=G45-S951_X_K&nace_r2=H&nace_r2=I&nace_r2=J&nace_r2=L_M&nace_r2=N&size_emp=GE10&indic_is=E_AWSELL&lang=en 
Value of e-commerce sales by NACE Rev. 2 activity and NUTS 2 region;NUTS2;ISOC_R_EC_EVALN2;https://ec.europa.eu/eurostat/api/dissemination/statistics/1.0/data/isoc_r_ec_evaln2?format=JSON&geo=FI1D&unit=PC_TURN&nace_r2=C-F&nace_r2=C-E&nace_r2=C&nace_r2=C10-S951_X_K&nace_r2=D_E&nace_r2=F&nace_r2=G&nace_r2=G45-S951_X_K&nace_r2=H&nace_r2=I&nace_r2=J&nace_r2=L_M&nace_r2=N&size_emp=GE10&indic_is=E_AWSVAL&lang=en 
Data analytics by NACE Rev. 2 activity and NUTS 2 region;NUTS2;ISOC_R_EB_DAN2;https://ec.europa.eu/eurostat/api/dissemination/statistics/1.0/data/isoc_r_eb_dan2?format=JSON&geo=FI1D&unit=PC_ENT&unit=PC_ENT_IUSE&size_emp=GE10&nace_r2=C-F&nace_r2=C-E&nace_r2=C&nace_r2=C10-S951_X_K&nace_r2=D_E&nace_r2=F&nace_r2=G&nace_r2=G45-S951_X_K&nace_r2=H&nace_r2=I&nace_r2=J&nace_r2=L_M&nace_r2=N&indic_is=E_DAOWN&lang=en
Structure of agricultural holdings by NUTS 3 region - main indicators;NUTS3;ef_r_nuts;https://ec.europa.eu/eurostat/api/dissemination/statistics/1.0/data/ef_r_nuts?format=JSON&geo=FI1D9&ind_farm=039&ind_farm=040&ind_farm=042&ind_farm=044&ind_farm=046&ind_farm=048&ind_farm=050&ind_farm=052&ind_farm=054&ind_farm=056&ind_farm=058&ind_farm=060&ind_farm=062&ind_farm=064&ind_farm=066&ind_farm=068&ind_farm=070&ind_farm=072&ind_farm=074&ind_farm=076&ind_farm=078&ind_farm=080&ind_farm=082&ind_farm=084&ind_farm=087&ind_farm=099&ind_farm=101&ind_farm=103&ind_farm=105&ind_farm=107&ind_farm=109&lang=en
Nights spent at tourist accommodation establishments by NUTS 3 region (from 2020 onwards);NUTS3;tour_occ_nin3;https://ec.europa.eu/eurostat/api/dissemination/statistics/1.0/data/tour_occ_nin3?format=JSON&geo=FI1D9&unit=NR&unit=P_THAB&unit=PCH_PRE&c_resid=DOM&c_resid=FOR&c_resid=TOTAL&nace_r2=I551-I553&nace_r2=I551&nace_r2=I552_I553&nace_r2=I552&nace_r2=I553&lang=en
Private households by household composition, size and NUTS 3 region;NUTS3;cens_21hhcs_r3;https://ec.europa.eu/eurostat/api/dissemination/statistics/1.0/data/cens_21hhcs_r3?format=JSON&geo=FI1D9&unit=NR&n_person=TOTAL&n_person=1&n_person=2&n_person=3&n_person=3-5&n_person=4&n_person=5&n_person=6-10&n_person=GE11&hhcomp=TOTAL&hhcomp=FAM1&hhcomp=CPL&hhcomp=CPL_NCH&hhcomp=M1_CH&hhcomp=F1_CH&hhcomp=FAM_GE2&hhcomp=NFAM&hhcomp=P1&hhcomp=MULTI&lang=en
Road accidents by NUTS 3 region;NUTS3;tran_sf_roadnu;https://ec.europa.eu/eurostat/api/dissemination/statistics/1.0/data/tran_sf_roadnu?format=JSON&geo=FI1D9&unit=NR&unit=P_MHAB&lang=en
Projected life expectancy by age (reached during the year), sex, type of projection and NUTS 3 region;NUTS3;proj_19ralexp3;https://ec.europa.eu/eurostat/api/dissemination/statistics/1.0/data/proj_19ralexp3?format=JSON&geo=FI1D9&unit=NR&unit=YR&projection=BSL&age=Y_LT1&age=Y1&age=Y2&age=Y3&age=Y4&age=Y5&age=Y6&age=Y7&age=Y8&age=Y9&age=Y10&age=Y11&age=Y12&age=Y13&age=Y14&age=Y15&age=Y16&age=Y17&age=Y18&age=Y19&age=Y20&age=Y21&age=Y22&age=Y23&age=Y24&age=Y25&age=Y26&age=Y27&age=Y28&age=Y29&age=Y30&age=Y31&age=Y32&age=Y33&age=Y34&age=Y35&age=Y36&age=Y37&age=Y38&age=Y39&age=Y40&age=Y41&age=Y42&age=Y43&age=Y44&age=Y45&age=Y46&age=Y47&age=Y48&age=Y49&age=Y50&age=Y51&age=Y52&age=Y53&age=Y54&age=Y55&age=Y56&age=Y57&age=Y58&age=Y59&age=Y60&age=Y61&age=Y62&age=Y63&age=Y64&age=Y65&age=Y66&age=Y67&age=Y68&age=Y69&age=Y70&age=Y71&age=Y72&age=Y73&age=Y74&age=Y75&age=Y76&age=Y77&age=Y78&age=Y79&age=Y80&age=Y81&age=Y82&age=Y83&age=Y84&age=Y85&age=Y86&age=Y87&age=Y88&age=Y89&age=Y90&age=Y91&age=Y92&age=Y93&age=Y94&age=Y95&age=Y96&age=Y97&age=Y98&age=Y99&age=Y_GE100&sex=M&sex=F&lang=en
National road freight transport by region of loading (NUTS 3) and type of goods (t) - annual data (from 2008 onwards);NUTS3;road_go_na_rl3g;https://ec.europa.eu/eurostat/api/dissemination/statistics/1.0/data/road_go_na_rl3g?format=JSON&geo=FI1D9&unit=THS_T&nst07=TOTAL&nst07=GT01&nst07=GT02&nst07=GT03&nst07=GT04&nst07=GT05&nst07=GT06&nst07=GT07&nst07=GT08&nst07=GT09&nst07=GT10&nst07=GT11&nst07=GT12&nst07=GT13&nst07=GT14&nst07=GT15&nst07=GT16&nst07=GT17&nst07=GT18&nst07=GT19&nst07=GT20&nst07=UNK&lang=en
Population by age group, sex and NUTS 3 region;NUTS3;demo_r_pjangrp3;https://ec.europa.eu/eurostat/api/dissemination/statistics/1.0/data/demo_r_pjangrp3?format=JSON&geo=ES532&unit=NR&sex=T&sex=M&sex=F&age=TOTAL&age=Y_LT5&age=Y5-9&age=Y10-14&age=Y15-19&age=Y20-24&age=Y25-29&age=Y30-34&age=Y35-39&age=Y40-44&age=Y45-49&age=Y50-54&age=Y55-59&age=Y60-64&age=Y65-69&age=Y70-74&age=Y75-79&age=Y80-84&age=Y85-89&age=Y_GE85&age=Y_GE90&age=UNK&lang=en 
Population by broad age group, sex and NUTS 3 region;NUTS3;demo_r_pjanaggr3;https://ec.europa.eu/eurostat/api/dissemination/statistics/1.0/data/demo_r_pjanaggr3?format=JSON&geo=ES532&unit=NR&sex=T&sex=M&sex=F&age=TOTAL&age=Y_LT15&age=Y15-64&age=Y_GE65&age=UNK&lang=en 
Population density by NUTS 3 region;NUTS3;demo_r_d3dens;https://ec.europa.eu/eurostat/api/dissemination/statistics/1.0/data/demo_r_d3dens?format=JSON&geo=ES532&unit=PER_KM2&lang=en 
Population structure indicators by NUTS 3 region;NUTS3;demo_r_pjanind3;https://ec.europa.eu/eurostat/api/dissemination/statistics/1.0/data/demo_r_pjanind3?format=JSON&geo=ES532&unit=YR&unit=PC&indic_de=DEPRATIO1&indic_de=DEPRATIO2&indic_de=DEPRATIO3&indic_de=DEPRATIO4&indic_de=FMEDAGEPOP&indic_de=MEDAGEPOP&indic_de=MMEDAGEPOP&indic_de=OLDDEP1&indic_de=OLDDEP2&indic_de=OLDDEP3&indic_de=OLDDEP4&indic_de=PC_FM&indic_de=PC_Y0_14&indic_de=PC_Y0_18&indic_de=PC_Y0_19&indic_de=PC_Y0_4&indic_de=PC_Y10_14&indic_de=PC_Y15_19&indic_de=PC_Y15_24&indic_de=PC_Y15_29&indic_de=PC_Y15_74&indic_de=PC_Y20_24&indic_de=PC_Y20_39&indic_de=PC_Y20_64&indic_de=PC_Y25_29&indic_de=PC_Y25_44&indic_de=PC_Y25_49&indic_de=PC_Y30_34&indic_de=PC_Y35_39&indic_de=PC_Y40_44&indic_de=PC_Y40_59&indic_de=PC_Y45_49&indic_de=PC_Y45_64&indic_de=PC_Y50_54&indic_de=PC_Y50_64&indic_de=PC_Y55_59&indic_de=PC_Y5_9&indic_de=PC_Y60_64&indic_de=PC_Y60_79&indic_de=PC_Y60_MAX&indic_de=PC_Y65_69&indic_de=PC_Y65_79&indic_de=PC_Y65_MAX&indic_de=PC_Y70_74&indic_de=PC_Y75_79&indic_de=PC_Y75_MAX&indic_de=PC_Y80_84&indic_de=PC_Y80_MAX&indic_de=PC_Y85_MAX&indic_de=PC_Y100_MAX&indic_de=YOUNGDEP1&indic_de=YOUNGDEP2&indic_de=YOUNGDEP3&indic_de=YOUNGDEP4&lang=en 
Population change - Demographic balance and crude rates at regional level (NUTS 3);NUTS3;demo_r_gind3;https://ec.europa.eu/eurostat/api/dissemination/statistics/1.0/data/demo_r_gind3?format=JSON&geo=ES532&indic_de=CNMIGRAT&indic_de=CNMIGRATRT&indic_de=DEATH&indic_de=GBIRTHRT&indic_de=GDEATHRT&indic_de=GROW&indic_de=GROWRT&indic_de=JAN&indic_de=LBIRTH&indic_de=NATGROW&indic_de=NATGROWRT&lang=en 
Live births (total) by NUTS 3 region ;NUTS3;demo_r_births;https://ec.europa.eu/eurostat/api/dissemination/statistics/1.0/data/demo_r_births?format=JSON&geo=ES532&unit=NR&lang=en 
Live births by age group of the mothers and NUTS 3 region ;NUTS3;demo_r_fagec3;https://ec.europa.eu/eurostat/api/dissemination/statistics/1.0/data/demo_r_fagec3?format=JSON&geo=ES532&unit=NR&unit=NR&age=TOTAL&age=Y10-14&age=Y15-19&age=Y_LT20&age=Y20-24&age=Y25-29&age=Y30-34&age=Y35-39&age=Y40-44&age=Y45-49&age=Y_GE45&age=Y_GE50&age=UNK&lang=en 
Fertility indicators by NUTS 3 region ;NUTS3;demo_r_find3;https://ec.europa.eu/eurostat/api/dissemination/statistics/1.0/data/demo_r_find3?format=JSON&geo=ES532&unit=NR&unit=YR&indic_de=AGEMOTH&indic_de=MEDAGEMOTH&indic_de=TOTFERRT&lang=en 
Deaths (total) by NUTS 3 region ;NUTS3;demo_r_deaths;https://ec.europa.eu/eurostat/api/dissemination/statistics/1.0/data/demo_r_deaths?format=JSON&geo=ES532&unit=NR&unit=NR&lang=en 
Population by country of citizenship, age groups and NUTS 3 region, 2021 ;NUTS3;cens_21ctz_r3;https://ec.europa.eu/eurostat/api/dissemination/statistics/1.0/data/cens_21ctz_r3?format=JSON&geo=ES532&unit=NR&citizen=BE&citizen=BG&citizen=CZ&citizen=DK&citizen=DE&citizen=EE&citizen=IE&citizen=EL&citizen=ES&citizen=FR&citizen=HR&citizen=IT&citizen=CY&citizen=LV&citizen=LT&citizen=LU&citizen=HU&citizen=MT&citizen=NL&citizen=AT&citizen=PL&citizen=PT&citizen=RO&citizen=SI&citizen=SK&citizen=FI&citizen=SE&citizen=EU_FOR&citizen=IS&citizen=LI&citizen=NO&citizen=CH&citizen=UK&citizen=BA&citizen=ME&citizen=MD&citizen=MK&citizen=GE&citizen=AL&citizen=RS&citizen=TR&citizen=UA&citizen=XK&citizen=AD&citizen=BY&citizen=VA&citizen=MC&citizen=RU&citizen=SM&citizen=NEU&citizen=EUR_NEU&citizen=EUR_OTH&citizen=AFR&citizen=AO&citizen=CM&citizen=CF&citizen=TD&citizen=CG&citizen=CD&citizen=GQ&citizen=GA&citizen=ST&citizen=BI&citizen=KM&citizen=DJ&citizen=ER&citizen=ET&citizen=KE&citizen=MG&citizen=MW&citizen=MU&citizen=MZ&citizen=RW&citizen=SC&citizen=SO&citizen=UG&citizen=TZ&citizen=ZM&citizen=ZW&citizen=DZ&citizen=EG&citizen=LY&citizen=MA&citizen=SS&citizen=SD&citizen=TN&citizen=EH&citizen=BW&citizen=LS&citizen=NA&citizen=ZA&citizen=SZ&citizen=BJ&citizen=BF&citizen=CV&citizen=CI&citizen=GM&citizen=GH&citizen=GN&citizen=GW&citizen=LR&citizen=ML&citizen=MR&citizen=NE&citizen=NG&citizen=SN&citizen=SL&citizen=TG&citizen=AFR_OTH&citizen=AME_N&citizen=CA&citizen=US&citizen=AME_N_OTH&citizen=AME_X_N&citizen=AG&citizen=AW&citizen=BS&citizen=BB&citizen=CU&citizen=CW&citizen=DM&citizen=DO&citizen=GD&citizen=HT&citizen=JM&citizen=KN&citizen=LC&citizen=VC&citizen=SX&citizen=TT&citizen=BZ&citizen=CR&citizen=SV&citizen=GT&citizen=HN&citizen=MX&citizen=NI&citizen=PA&citizen=AR&citizen=BO&citizen=BR&citizen=CL&citizen=CO&citizen=EC&citizen=GY&citizen=PY&citizen=PE&citizen=SR&citizen=UY&citizen=VE&citizen=AME_X_N_OTH&citizen=ASI&citizen=KZ&citizen=KG&citizen=TJ&citizen=TM&citizen=UZ&citizen=CN&citizen=JP&citizen=MN&citizen=KP&citizen=KR&citizen=TW&citizen=AF&citizen=BD&citizen=BT&citizen=IN&citizen=IR&citizen=MV&citizen=NP&citizen=PK&citizen=LK&citizen=BN&citizen=KH&citizen=ID&citizen=LA&citizen=MY&citizen=MM&citizen=PH&citizen=SG&citizen=TH&citizen=TL&citizen=VN&citizen=AM&citizen=AZ&citizen=BH&citizen=IQ&citizen=IL&citizen=JO&citizen=KW&citizen=LB&citizen=PS&citizen=OM&citizen=QA&citizen=SA&citizen=SY&citizen=AE&citizen=YE&citizen=ASI_OTH&citizen=OCE&citizen=AU&citizen=NZ&citizen=FJ&citizen=PG&citizen=SB&citizen=VU&citizen=KI&citizen=MH&citizen=FM&citizen=NR&citizen=PW&citizen=WS&citizen=TO&citizen=TV&citizen=OCE_OTH&citizen=FOR&citizen=NAT&citizen=RNC&citizen=STLS&citizen=TOTAL&citizen=UNK&sex=T&sex=M&sex=F&age=TOTAL&age=Y_LT5&age=Y5-9&age=Y10-14&age=Y_LT15&age=Y15-19&age=Y15-29&age=Y20-24&age=Y25-29&age=Y30-34&age=Y30-49&age=Y35-39&age=Y40-44&age=Y45-49&age=Y50-54&age=Y50-64&age=Y55-59&age=Y60-64&age=Y65-69&age=Y65-84&age=Y70-74&age=Y75-79&age=Y80-84&age=Y85-89&age=Y_GE85&age=Y90-94&age=Y95-99&age=Y_GE100&lang=en 
Population by country of citizenship, age groups, family status and NUTS 3 region, 2021 ;NUTS3;cens_21ctzf_r3;https://ec.europa.eu/eurostat/api/dissemination/statistics/1.0/data/cens_21ctzf_r3?format=JSON&geo=ES532&unit=NR&citizen=EU_FOR&citizen=NEU&citizen=FOR&citizen=NAT&citizen=STLS&citizen=TOTAL&citizen=UNK&hhstatus=TOTAL&hhstatus=CPL&hhstatus=PAR1&hhstatus=CH_PAR&hhstatus=NAP&hhstatus=UNK&sex=T&sex=M&sex=F&age=TOTAL&age=Y_LT5&age=Y5-9&age=Y10-14&age=Y_LT15&age=Y15-19&age=Y15-29&age=Y20-24&age=Y25-29&age=Y30-34&age=Y30-49&age=Y35-39&age=Y40-44&age=Y45-49&age=Y50-54&age=Y50-64&age=Y55-59&age=Y60-64&age=Y65-69&age=Y65-84&age=Y70-74&age=Y75-79&age=Y80-84&age=Y85-89&age=Y_GE85&age=Y90-94&age=Y95-99&age=Y_GE100&lang=en 
Population by country of citizenship, age groups, type of housing arrangements and NUTS 3 region, 2021 ;NUTS3;cens_21ctzha_r3;https://ec.europa.eu/eurostat/api/dissemination/statistics/1.0/data/cens_21ctzha_r3?format=JSON&geo=ES532&unit=NR&citizen=EU_FOR&citizen=NEU&citizen=EUR_NEU&citizen=AFR&citizen=AME_N&citizen=AME_X_N&citizen=ASI&citizen=OCE&citizen=FOR&citizen=NAT&citizen=STLS&citizen=TOTAL&citizen=UNK&housing=TOTAL&housing=H_CV&housing=DW&housing=CLQ&housing=H_NCV&housing=UNK&age=TOTAL&age=Y_LT5&age=Y5-9&age=Y10-14&age=Y_LT15&age=Y15-19&age=Y15-29&age=Y20-24&age=Y25-29&age=Y30-34&age=Y30-49&age=Y35-39&age=Y40-44&age=Y45-49&age=Y50-54&age=Y50-64&age=Y55-59&age=Y60-64&age=Y65-69&age=Y65-84&age=Y70-74&age=Y75-79&age=Y80-84&age=Y85-89&age=Y_GE85&age=Y90-94&age=Y95-99&age=Y_GE100&lang=en 
Population by country of birth, age groups and NUTS 3 region, 2021 ;NUTS3;cens_21cob_r3;https://ec.europa.eu/eurostat/api/dissemination/statistics/1.0/data/cens_21cob_r3?format=JSON&geo=ES532&unit=NR&c_birth=BE&c_birth=BG&c_birth=CZ&c_birth=DK&c_birth=DE&c_birth=EE&c_birth=IE&c_birth=EL&c_birth=ES&c_birth=FR&c_birth=HR&c_birth=IT&c_birth=CY&c_birth=LV&c_birth=LT&c_birth=LU&c_birth=HU&c_birth=MT&c_birth=NL&c_birth=AT&c_birth=PL&c_birth=PT&c_birth=RO&c_birth=SI&c_birth=SK&c_birth=FI&c_birth=SE&c_birth=EU_OTH&c_birth=IS&c_birth=LI&c_birth=NO&c_birth=CH&c_birth=UK&c_birth=BA&c_birth=ME&c_birth=MD&c_birth=MK&c_birth=GE&c_birth=AL&c_birth=RS&c_birth=TR&c_birth=UA&c_birth=XK&c_birth=AD&c_birth=BY&c_birth=GG&c_birth=JE&c_birth=CQ&c_birth=FO&c_birth=GI&c_birth=VA&c_birth=IM&c_birth=MC&c_birth=RU&c_birth=SM&c_birth=NEU&c_birth=EUR_NEU&c_birth=EUR_OTH&c_birth=AFR&c_birth=AO&c_birth=CM&c_birth=CF&c_birth=TD&c_birth=CG&c_birth=CD&c_birth=GQ&c_birth=GA&c_birth=ST&c_birth=BI&c_birth=KM&c_birth=DJ&c_birth=ER&c_birth=ET&c_birth=KE&c_birth=MG&c_birth=MW&c_birth=MU&c_birth=MZ&c_birth=RW&c_birth=SC&c_birth=SO&c_birth=UG&c_birth=TZ&c_birth=ZM&c_birth=ZW&c_birth=DZ&c_birth=EG&c_birth=LY&c_birth=MA&c_birth=SS&c_birth=SD&c_birth=TN&c_birth=EH&c_birth=BW&c_birth=LS&c_birth=NA&c_birth=ZA&c_birth=SZ&c_birth=BJ&c_birth=BF&c_birth=CV&c_birth=CI&c_birth=GM&c_birth=GH&c_birth=GN&c_birth=GW&c_birth=LR&c_birth=ML&c_birth=MR&c_birth=NE&c_birth=NG&c_birth=SH&c_birth=SN&c_birth=SL&c_birth=TG&c_birth=AFR_OTH&c_birth=AME_N&c_birth=BM&c_birth=CA&c_birth=GL&c_birth=PM&c_birth=US&c_birth=AME_N_OTH&c_birth=AME_X_N&c_birth=AI&c_birth=AG&c_birth=AW&c_birth=BS&c_birth=BB&c_birth=VG&c_birth=KY&c_birth=CU&c_birth=CW&c_birth=DM&c_birth=DO&c_birth=GD&c_birth=HT&c_birth=JM&c_birth=MS&c_birth=BL&c_birth=KN&c_birth=LC&c_birth=MF&c_birth=VC&c_birth=SX&c_birth=TT&c_birth=TC&c_birth=BZ&c_birth=CR&c_birth=SV&c_birth=GT&c_birth=HN&c_birth=MX&c_birth=NI&c_birth=PA&c_birth=AR&c_birth=BO&c_birth=BR&c_birth=CL&c_birth=CO&c_birth=EC&c_birth=FK&c_birth=GY&c_birth=PY&c_birth=PE&c_birth=SR&c_birth=UY&c_birth=VE&c_birth=AME_X_N_OTH&c_birth=ASI&c_birth=KZ&c_birth=KG&c_birth=TJ&c_birth=TM&c_birth=UZ&c_birth=CN&c_birth=JP&c_birth=MN&c_birth=KP&c_birth=KR&c_birth=TW&c_birth=AF&c_birth=BD&c_birth=BT&c_birth=IN&c_birth=IR&c_birth=MV&c_birth=NP&c_birth=PK&c_birth=LK&c_birth=BN&c_birth=KH&c_birth=ID&c_birth=LA&c_birth=MY&c_birth=MM&c_birth=PH&c_birth=SG&c_birth=TH&c_birth=TL&c_birth=VN&c_birth=AM&c_birth=AZ&c_birth=BH&c_birth=IQ&c_birth=IL&c_birth=JO&c_birth=KW&c_birth=LB&c_birth=PS&c_birth=OM&c_birth=QA&c_birth=SA&c_birth=SY&c_birth=AE&c_birth=YE&c_birth=ASI_OTH&c_birth=OCE&c_birth=AU&c_birth=NZ&c_birth=FJ&c_birth=NC&c_birth=PG&c_birth=SB&c_birth=VU&c_birth=KI&c_birth=MH&c_birth=FM&c_birth=NR&c_birth=PW&c_birth=CK&c_birth=PF&c_birth=PN&c_birth=WS&c_birth=TO&c_birth=TV&c_birth=WF&c_birth=OCE_OTH&c_birth=TF&c_birth=FOR&c_birth=NAT&c_birth=TOTAL&c_birth=OTH&c_birth=UNK&sex=T&sex=M&sex=F&age=TOTAL&age=Y_LT5&age=Y5-9&age=Y10-14&age=Y_LT15&age=Y15-19&age=Y15-29&age=Y20-24&age=Y25-29&age=Y30-34&age=Y30-49&age=Y35-39&age=Y40-44&age=Y45-49&age=Y50-54&age=Y50-64&age=Y55-59&age=Y60-64&age=Y65-69&age=Y65-84&age=Y70-74&age=Y75-79&age=Y80-84&age=Y85-89&age=Y_GE85&age=Y90-94&age=Y95-99&age=Y_GE100&lang=en 
Population by country of birth, age groups, household status and NUTS 3 region, 2021 ;NUTS3;cens_21cobhs_r3;https://ec.europa.eu/eurostat/api/dissemination/statistics/1.0/data/cens_21cobhs_r3?format=JSON&geo=ES532&unit=NR&c_birth=EU_OTH&c_birth=NEU&c_birth=FOR&c_birth=NAT&c_birth=TOTAL&c_birth=OTH&c_birth=UNK&hhstatus=TOTAL&hhstatus=PRV&hhstatus=FAM&hhstatus=NFAM&hhstatus=PRV_UNK&hhstatus=NPRV&hhstatus=IST&hhstatus=NPRV_IHMLS_UNK&sex=T&sex=M&sex=F&age=TOTAL&age=Y_LT5&age=Y5-9&age=Y10-14&age=Y_LT15&age=Y15-19&age=Y15-29&age=Y20-24&age=Y25-29&age=Y30-34&age=Y30-49&age=Y35-39&age=Y40-44&age=Y45-49&age=Y50-54&age=Y50-64&age=Y55-59&age=Y60-64&age=Y65-69&age=Y65-84&age=Y70-74&age=Y75-79&age=Y80-84&age=Y85-89&age=Y_GE85&age=Y90-94&age=Y95-99&age=Y_GE100&lang=en 
Population by country of birth, age groups, type of housing arrangements and NUTS 3 region, 2021 ;NUTS3;cens_21cobha_r3;https://ec.europa.eu/eurostat/api/dissemination/statistics/1.0/data/cens_21cobha_r3?format=JSON&geo=ES532&unit=NR&c_birth=EU_OTH&c_birth=NEU&c_birth=EUR_NEU&c_birth=AFR&c_birth=AME_N&c_birth=AME_X_N&c_birth=ASI&c_birth=OCE&c_birth=FOR&c_birth=NAT&c_birth=TOTAL&c_birth=OTH&c_birth=UNK&housing=TOTAL&housing=H_CV&housing=DW&housing=CLQ&housing=H_NCV&housing=UNK&age=TOTAL&age=Y_LT5&age=Y5-9&age=Y10-14&age=Y_LT15&age=Y15-19&age=Y15-29&age=Y20-24&age=Y25-29&age=Y30-34&age=Y30-49&age=Y35-39&age=Y40-44&age=Y45-49&age=Y50-54&age=Y50-64&age=Y55-59&age=Y60-64&age=Y65-69&age=Y65-84&age=Y70-74&age=Y75-79&age=Y80-84&age=Y85-89&age=Y_GE85&age=Y90-94&age=Y95-99&age=Y_GE100&lang=en 
Population by marital status, broad age groups and NUTS 3 region, 2021 ;NUTS3;cens_21m_r3;https://ec.europa.eu/eurostat/api/dissemination/statistics/1.0/data/cens_21m_r3?format=JSON&geo=ES532&unit=NR&marsta=TOTAL&marsta=SIN&marsta=MAR_REP&marsta=WID_DTHREP&marsta=DIV_DISREP&marsta=UNK&age=TOTAL&age=Y_LT15&age=Y15-29&age=Y30-49&age=Y50-64&age=Y65-84&age=Y_GE85&sex=T&sex=M&sex=F&lang=en 
Population by family status, broad age groups and NUTS 3 region, 2021 ;NUTS3;cens_21f_r3;https://ec.europa.eu/eurostat/api/dissemination/statistics/1.0/data/cens_21f_r3?format=JSON&geo=ES532&unit=NR&age=TOTAL&age=Y_LT15&age=Y15-29&age=Y30-49&age=Y50-64&age=Y65-84&age=Y_GE85&hhstatus=TOTAL&hhstatus=CPL&hhstatus=MAR_REP&hhstatus=MARO_REPO&hhstatus=MARS_REPS&hhstatus=CSU&hhstatus=PAR1&hhstatus=CH_PAR&hhstatus=CH_CPL&hhstatus=CH_PAR1&hhstatus=NAP&hhstatus=UNK&sex=T&sex=M&sex=F&lang=en 
Population by size of the locality, age groups and NUTS 3 region, 2021 ;NUTS3;cens_21l_r3;https://ec.europa.eu/eurostat/api/dissemination/statistics/1.0/data/cens_21l_r3?format=JSON&geo=ES532&unit=NR&age=TOTAL&age=Y_LT5&age=Y5-9&age=Y10-14&age=Y_LT15&age=Y15-19&age=Y15-29&age=Y20-24&age=Y25-29&age=Y30-34&age=Y30-49&age=Y35-39&age=Y40-44&age=Y45-49&age=Y50-54&age=Y50-64&age=Y55-59&age=Y60-64&age=Y65-69&age=Y65-84&age=Y70-74&age=Y75-79&age=Y80-84&age=Y85-89&age=Y_GE85&age=Y90-94&age=Y95-99&age=Y_GE100&n_person=TOTAL&n_person=LT200&n_person=200-499&n_person=500-999&n_person=1000-1999&n_person=2000-4999&n_person=5000-9999&n_person=10000-19999&n_person=20000-49999&n_person=50000-99999&n_person=100000-199999&n_person=200000-499999&n_person=500000-999999&n_person=GE1000000&sex=T&sex=M&sex=F&lang=en 
Population by size of the locality, housing arrangements and NUTS 3 region, 2021 ;NUTS3;cens_21lha_r3;https://ec.europa.eu/eurostat/api/dissemination/statistics/1.0/data/cens_21lha_r3?format=JSON&geo=ES532&unit=NR&housing=TOTAL&housing=H_CV&housing=DW&housing=CLQ&housing=H_NCV&housing=UNK&n_person=TOTAL&n_person=LT200&n_person=200-499&n_person=500-999&n_person=1000-1999&n_person=2000-4999&n_person=5000-9999&n_person=10000-19999&n_person=20000-49999&n_person=50000-99999&n_person=100000-199999&n_person=200000-499999&n_person=500000-999999&n_person=GE1000000&sex=T&sex=M&sex=F&lang=en 
Population by year of arrival in the country since 2010, age groups, groups of country of birth and NUTS 3 region, 2021 ;NUTS3;cens_21argc_r3;https://ec.europa.eu/eurostat/api/dissemination/statistics/1.0/data/cens_21argc_r3?format=JSON&geo=ES532&unit=NR&y_arriv=TOTAL&y_arriv=Y_LE2009&y_arriv=Y_GE2010&y_arriv=UNK&c_birth=EU_OTH&c_birth=NEU&c_birth=FOR&c_birth=NAT&c_birth=TOTAL&c_birth=OTH&c_birth=UNK&age=TOTAL&age=Y_LT5&age=Y5-9&age=Y10-14&age=Y_LT15&age=Y15-19&age=Y15-29&age=Y20-24&age=Y25-29&age=Y30-34&age=Y30-49&age=Y35-39&age=Y40-44&age=Y45-49&age=Y50-54&age=Y50-64&age=Y55-59&age=Y60-64&age=Y65-69&age=Y65-84&age=Y70-74&age=Y75-79&age=Y80-84&age=Y85-89&age=Y_GE85&age=Y90-94&age=Y95-99&age=Y_GE100&sex=T&sex=M&sex=F&lang=en 
Population by year of arrival in the country, age groups, family status and NUTS 3 region, 2021 ;NUTS3;cens_21arf_r3;https://ec.europa.eu/eurostat/api/dissemination/statistics/1.0/data/cens_21arf_r3?format=JSON&geo=ES532&unit=NR&y_arriv=TOTAL&y_arriv=Y_GE1980&y_arriv=Y1980-1984&y_arriv=Y1985-1989&y_arriv=Y1990-1994&y_arriv=Y1995-1999&y_arriv=Y2000-2004&y_arriv=Y2005-2009&y_arriv=Y2010-2014&y_arriv=Y2015-2019&y_arriv=Y2020-2021&y_arriv=Y_LE1979_NRA&y_arriv=UNK&hhstatus=TOTAL&hhstatus=CPL&hhstatus=MAR_REP&hhstatus=CSU&hhstatus=PAR1&hhstatus=CH_PAR&hhstatus=CH_CPL&hhstatus=CH_PAR1&hhstatus=NAP&hhstatus=UNK&age=TOTAL&age=Y_LT15&age=Y15-29&age=Y30-49&age=Y50-64&age=Y65-84&age=Y_GE85&sex=T&sex=M&sex=F&lang=en 
Gross domestic product (GDP) at current market prices by NUTS 3 region ;NUTS3;nama_10r_3gdp;https://ec.europa.eu/eurostat/api/dissemination/statistics/1.0/data/nama_10r_3gdp?format=JSON&geo=ES532&unit=MIO_EUR&unit=EUR_HAB&unit=EUR_HAB_EU27_2020&unit=MIO_NAC&unit=MIO_PPS_EU27_2020&unit=PPS_EU27_2020_HAB&unit=PPS_HAB_EU27_2020&lang=en 
Employment (thousand persons) by NUTS 3 region ;NUTS3;nama_10r_3empers;https://ec.europa.eu/eurostat/api/dissemination/statistics/1.0/data/nama_10r_3empers?format=JSON&geo=ES532&unit=THS&wstatus=EMP&wstatus=SAL&wstatus=SELF&nace_r2=TOTAL&nace_r2=A&nace_r2=B-E&nace_r2=C&nace_r2=F&nace_r2=G-J&nace_r2=G-I&nace_r2=J&nace_r2=K-N&nace_r2=K&nace_r2=L&nace_r2=M_N&nace_r2=O-U&nace_r2=O-Q&nace_r2=R-U&lang=en 
Gross value added at basic prices and previous year prices by NUTS 3 region ;NUTS3;nama_10r_3gva;https://ec.europa.eu/eurostat/api/dissemination/statistics/1.0/data/nama_10r_3gva?format=JSON&geo=ES532&unit=CP_MEUR&unit=CP_MNAC&unit=PYP_MEUR&unit=PYP_MNAC&nace_r2=TOTAL&nace_r2=A&nace_r2=B-E&nace_r2=C&nace_r2=F&nace_r2=G-J&nace_r2=G-I&nace_r2=J&nace_r2=K-N&nace_r2=K&nace_r2=L&nace_r2=M_N&nace_r2=O-U&nace_r2=O-Q&nace_r2=R-U&lang=en 
Business demography and high growth enterprises by NACE Rev. 2 activity and NUTS 3 region ;NUTS3;bd_hgnace_r;https://ec.europa.eu/eurostat/api/dissemination/statistics/1.0/data/bd_hgnace_r?format=JSON&geo=ES532&indic_sbs=ENT_NR&indic_sbs=ENT_BRTH_NR&indic_sbs=ENT_BRTH_EMPSIZE_NR&indic_sbs=ENT_DTH_EMPSIZE_NR&indic_sbs=ENT_DTH_NR&indic_sbs=ENT_SRVL_EMPSIZE_Y3_NR&indic_sbs=ENT_SRVL_Y3_NR&indic_sbs=ENT_SRVLR_Y3_PC&indic_sbs=ENT_SRVLR_BRTH_Y3_PC&indic_sbs=ENT_HGRW_NR&indic_sbs=ENT_HGRWR_PC&indic_sbs=ENT_BRTHR_DTHR_PC&indic_sbs=ENT_BRTHR_PC&indic_sbs=ENT_DTHR_PC&indic_sbs=GRW_ENT_PC&indic_sbs=EMP_NR&indic_sbs=EMP_BRTH_NR&indic_sbs=EMP_BRTHR_PC&indic_sbs=EMP_DTH_NR&indic_sbs=EMP_SRVL_Y3_NR&indic_sbs=EMP_SRVL_YBRTH_Y3_NR&indic_sbs=EMP_DTHR_PC&indic_sbs=EMP_SRVLR_Y3_PC&indic_sbs=GRW_EMP_SRVL_Y3_PC&indic_sbs=SAL_NR&indic_sbs=SAL_BRTH_NR&indic_sbs=SAL_DTH_NR&indic_sbs=SAL_EMP_BRTHR_PC&nace_r2=B-S_X_O_S94&nace_r2=B-E&nace_r2=F&nace_r2=G&nace_r2=H&nace_r2=I&nace_r2=J&nace_r2=K_L&nace_r2=M_N&nace_r2=P_Q&nace_r2=R_S_X_S94&lang=en 
Business demography by size class and NUTS 3 region ;NUTS3;bd_size_r;https://ec.europa.eu/eurostat/api/dissemination/statistics/1.0/data/bd_size_r?format=JSON&geo=ES532&sizeclas=TOTAL&sizeclas=0&sizeclas=1-9&sizeclas=GE10&indic_sbs=ENT_NR&indic_sbs=ENT_BRTH_NR&indic_sbs=ENT_BRTH_EMPSIZE_NR&indic_sbs=ENT_DTH_EMPSIZE_NR&indic_sbs=ENT_DTH_NR&indic_sbs=ENT_SRVL_EMPSIZE_Y3_NR&indic_sbs=ENT_SRVL_Y3_NR&indic_sbs=ENT_SRVLR_Y3_PC&indic_sbs=ENT_SRVLR_BRTH_Y3_PC&indic_sbs=ENT_BRTHR_DTHR_PC&indic_sbs=ENT_BRTHR_PC&indic_sbs=ENT_DTHR_PC&indic_sbs=ENT_BRTH_PP_PC&indic_sbs=ENT_DTH_PP_PC&indic_sbs=GRW_ENT_PC&indic_sbs=EMP_NR&indic_sbs=EMP_BRTH_NR&indic_sbs=EMP_BRTHR_PC&indic_sbs=EMP_DTH_NR&indic_sbs=EMP_SRVL_Y3_NR&indic_sbs=EMP_SRVL_YBRTH_Y3_NR&indic_sbs=EMP_DTHR_PC&indic_sbs=EMP_SRVLR_Y3_PC&indic_sbs=GRW_EMP_SRVL_Y3_PC&indic_sbs=SAL_NR&indic_sbs=SAL_BRTH_NR&indic_sbs=SAL_DTH_NR&indic_sbs=SAL_EMP_BRTHR_PC&nace_r2=B-S_X_O_S94&lang=en 
Employer business demography by NACE Rev. 2 activity and NUTS 3 region ;NUTS3;bd_salge1_nace_r;https://ec.europa.eu/eurostat/api/dissemination/statistics/1.0/data/bd_salge1_nace_r?format=JSON&geo=ES532&indic_sbs=ENT_SALGE1_NR&indic_sbs=ENT_SALGE1_BRTH_NR&indic_sbs=ENT_SALGE1_BRTH_EMPSIZE_NR&indic_sbs=ENT_SALGE1_DTH_NR&indic_sbs=ENT_SALGE1_DTH_EMPSIZE_NR&indic_sbs=ENT_SALGE1_SRVL_Y3_NR&indic_sbs=ENT_SALGE1_SRVL_EMPSIZE_Y3_NR&indic_sbs=ENT_SALGE1_SRVLR_Y3_PC&indic_sbs=ENT_SALGE1_SRVLR_BRTH_Y3_PC&indic_sbs=ENT_SALGE1_BRTHR_DTHR_PC&indic_sbs=ENT_SALGE1_BRTHR_PC&indic_sbs=ENT_SALGE1_DTHR_PC&indic_sbs=GRW_ENT_SALGE1_PC&indic_sbs=EMP_SALGE1_NR&indic_sbs=EMP_SALGE1_BRTH_NR&indic_sbs=EMP_SALGE1_BRTHR_PC&indic_sbs=EMP_SALGE1_DTH_NR&indic_sbs=EMP_SALGE1_DTHR_PC&indic_sbs=EMP_SALGE1_SRVL_Y3_NR&indic_sbs=EMP_SALGE1_SRVL_YBRTH_Y3_NR&indic_sbs=EMP_SALGE1_SRVLR_Y3_PC&indic_sbs=GRW_EMP_SALGE1_SRVL_Y3_PC&indic_sbs=SAL_SALGE1_NR&indic_sbs=SAL_SALGE1_BRTH_NR&indic_sbs=SAL_SALGE1_DTH_NR&indic_sbs=SAL_SALGE1_EMP_BRTHR_PC&nace_r2=B-S_X_O_S94&nace_r2=B-E&nace_r2=F&nace_r2=G&nace_r2=H&nace_r2=I&nace_r2=J&nace_r2=K_L&nace_r2=M_N&nace_r2=P_Q&nace_r2=R_S_X_S94&lang=en 
Employer business demography by size class and NUTS 3 region ;NUTS3;bd_salge1_size_r;https://ec.europa.eu/eurostat/api/dissemination/statistics/1.0/data/bd_salge1_size_r?format=JSON&geo=ES532&sizeclas=TOTAL&sizeclas=1-9&sizeclas=GE10&indic_sbs=ENT_SALGE1_NR&indic_sbs=ENT_SALGE1_BRTH_NR&indic_sbs=ENT_SALGE1_BRTH_PP_PC&indic_sbs=ENT_SALGE1_BRTH_EMPSIZE_NR&indic_sbs=ENT_SALGE1_DTH_NR&indic_sbs=ENT_SALGE1_DTH_PP_PC&indic_sbs=ENT_SALGE1_DTH_EMPSIZE_NR&indic_sbs=ENT_SALGE1_SRVL_Y3_NR&indic_sbs=ENT_SALGE1_SRVL_EMPSIZE_Y3_NR&indic_sbs=ENT_SALGE1_SRVLR_Y3_PC&indic_sbs=ENT_SALGE1_SRVLR_BRTH_Y3_PC&indic_sbs=ENT_SALGE1_BRTHR_DTHR_PC&indic_sbs=ENT_SALGE1_BRTHR_PC&indic_sbs=ENT_SALGE1_DTHR_PC&indic_sbs=GRW_ENT_SALGE1_PC&indic_sbs=EMP_SALGE1_NR&indic_sbs=EMP_SALGE1_BRTH_NR&indic_sbs=EMP_SALGE1_BRTHR_PC&indic_sbs=EMP_SALGE1_DTH_NR&indic_sbs=EMP_SALGE1_DTHR_PC&indic_sbs=EMP_SALGE1_SRVL_Y3_NR&indic_sbs=EMP_SALGE1_SRVL_YBRTH_Y3_NR&indic_sbs=EMP_SALGE1_SRVLR_Y3_PC&indic_sbs=GRW_EMP_SALGE1_SRVL_Y3_PC&indic_sbs=SAL_SALGE1_NR&indic_sbs=SAL_SALGE1_BRTH_NR&indic_sbs=SAL_SALGE1_DTH_NR&indic_sbs=SAL_SALGE1_EMP_BRTHR_PC&nace_r2=B-S_X_O_S94&lang=en 
Nominal Labour productivity by NUTS 3 regions ;NUTS3;nama_10r_3nlp;https://ec.europa.eu/eurostat/api/dissemination/statistics/1.0/data/nama_10r_3nlp?format=JSON&geo=ES532&unit=EUR&unit=NAC&unit=PC_EU27_2020_MEUR_CP&na_item=NLPR_PER&lang=en 
Patent applications to the EPO by priority year by NUTS 3 region (1977-2012) ;NUTS3;pat_ep_rtot;https://ec.europa.eu/eurostat/api/dissemination/statistics/1.0/data/pat_ep_rtot?format=JSON&geo=ES532&unit=NR&unit=GDP_BEUR&unit=P_MHAB&unit=P_MACT&lang=en 
Patent applications to the EPO by priority year by NUTS 3 region, international patent classification (IPC) sections and classes (1977-2013) ;NUTS3;pat_ep_ripc;https://ec.europa.eu/eurostat/api/dissemination/statistics/1.0/data/pat_ep_ripc?format=JSON&geo=ES532&unit=NR&unit=GDP_BEUR&unit=P_MHAB&unit=P_MACT&ipc=IPC&ipc=A&ipc=A01&ipc=A21&ipc=A22&ipc=A23&ipc=A24&ipc=A41&ipc=A42&ipc=A43&ipc=A44&ipc=A45&ipc=A46&ipc=A47&ipc=A61&ipc=A62&ipc=A63&ipc=B&ipc=B01&ipc=B02&ipc=B03&ipc=B04&ipc=B05&ipc=B06&ipc=B07&ipc=B08&ipc=B09&ipc=B21&ipc=B22&ipc=B23&ipc=B24&ipc=B25&ipc=B26&ipc=B27&ipc=B28&ipc=B29&ipc=B30&ipc=B31&ipc=B32&ipc=B41&ipc=B42&ipc=B43&ipc=B44&ipc=B60&ipc=B61&ipc=B62&ipc=B63&ipc=B64&ipc=B65&ipc=B66&ipc=B67&ipc=B68&ipc=B81&ipc=B82&ipc=C&ipc=C01&ipc=C02&ipc=C03&ipc=C04&ipc=C05&ipc=C06&ipc=C07&ipc=C08&ipc=C09&ipc=C10&ipc=C11&ipc=C12&ipc=C13&ipc=C14&ipc=C21&ipc=C22&ipc=C23&ipc=C25&ipc=C30&ipc=C40&ipc=D&ipc=D01&ipc=D02&ipc=D03&ipc=D04&ipc=D05&ipc=D06&ipc=D07&ipc=D21&ipc=E&ipc=E01&ipc=E02&ipc=E03&ipc=E04&ipc=E05&ipc=E06&ipc=E21&ipc=F&ipc=F01&ipc=F02&ipc=F03&ipc=F04&ipc=F15&ipc=F16&ipc=F17&ipc=F21&ipc=F22&ipc=F23&ipc=F24&ipc=F25&ipc=F26&ipc=F27&ipc=F28&ipc=F41&ipc=F42&ipc=G&ipc=G01&ipc=G02&ipc=G03&ipc=G04&ipc=G05&ipc=G06&ipc=G07&ipc=G08&ipc=G09&ipc=G10&ipc=G11&ipc=G12&ipc=G21&ipc=H&ipc=H01&ipc=H02&ipc=H03&ipc=H04&ipc=H05&ipc=UNK&lang=en 
High-tech patent applications to the EPO by priority year by NUTS 3 region (1977-2012) ;NUTS3;pat_ep_rtec;https://ec.europa.eu/eurostat/api/dissemination/statistics/1.0/data/pat_ep_rtec?format=JSON&geo=ES532&unit=NR&unit=GDP_BEUR&unit=P_MHAB&unit=P_MACT&ipc=HT&ipc=AVI&ipc=CAB&ipc=CTE&ipc=LSR&ipc=MGE&ipc=SMC&lang=en 
Patent applications to the EPO by country of applicants and inventors (2004 and onwards);country;pat_ep_tot;https://ec.europa.eu/eurostat/api/dissemination/statistics/1.0/data/pat_ep_tot?format=JSON&geo=SI&unit=NR&unit=P_MHAB&coop_ptn=APPL&coop_ptn=INVT&lang=en 
Guest nights spent at short-stay accommodation offered via collaborative economy platforms by NUTS 3 region - experimental statistics (2018-2023);NUTS3;tour_ce_oan3;https://ec.europa.eu/eurostat/api/dissemination/statistics/1.0/data/tour_ce_oan3?format=JSON&geo=ES532&unit=NR&indic_to=NGT_SP&c_resid=DOM&c_resid=FOR&c_resid=TOTAL&lang=en 
Households with access to the internet at home;NUTS2;ISOC_R_IACC_H;https://ec.europa.eu/eurostat/api/dissemination/statistics/1.0/data/isoc_r_iacc_h?format=JSON&geo=ES53&unit=PC_HH&lang=en 
Households with broadband access;NUTS2;ISOC_R_BROAD_H;https://ec.europa.eu/eurostat/api/dissemination/statistics/1.0/data/isoc_r_broad_h?format=JSON&geo=ES53&unit=PC_HH&unit=PC_HH_IACC&lang=en 
Individuals who used the internet, frequency of use and activities;NUTS2;ISOC_R_IUSE_I;https://ec.europa.eu/eurostat/api/dissemination/statistics/1.0/data/isoc_r_iuse_i?format=JSON&geo=ES53&unit=PC_IND&unit=PC_IND_IU3&indic_is=I_IUSE&indic_is=I_IDAY&indic_is=I_IUSNET&indic_is=I_IUBK&indic_is=I_IUSELL&indic_is=I_IUCPP&indic_is=I_IU3&indic_is=I_ILT12&indic_is=I_IUX&lang=en 
Individuals who used the internet for interaction with public authorities;NUTS2;ISOC_R_GOV_I;https://ec.europa.eu/eurostat/api/dissemination/statistics/1.0/data/isoc_r_gov_i?format=JSON&geo=ES53&unit=PC_IND&unit=PC_IND_ILT12&indic_is=I_IUGOV12&indic_is=I_IGOV12RT&lang=en 
Individuals who ordered goods or services over the internet for private use;NUTS2;ISOC_R_BLT12_I;https://ec.europa.eu/eurostat/api/dissemination/statistics/1.0/data/isoc_r_blt12_i?format=JSON&geo=ES53&unit=PC_IND&unit=PC_IND_ILT12&unit=PC_IND_IU3&unit=PC_IND_BLT12&indic_is=I_BUY3&indic_is=I_B3_12&indic_is=I_BLT12&indic_is=I_BUMT12&indic_is=I_BUMT12X&indic_is=I_BPG_EU&indic_is=I_BHOLS&indic_is=I_BFEU&lang=en 
Use of computers and the internet by employees, by NACE Rev. 2 activity and NUTS 2 region (microenterprises are excluded);NUTS2;ISOC_R_CI_CM_PN2;https://ec.europa.eu/eurostat/api/dissemination/statistics/1.0/data/isoc_r_ci_cm_pn2?format=JSON&geo=ES53&unit=PC_EMP&nace_r2=C-F&nace_r2=C-E&nace_r2=C&nace_r2=C10-S951_X_K&nace_r2=D_E&nace_r2=F&nace_r2=G&nace_r2=G45-S951_X_K&nace_r2=H&nace_r2=I&nace_r2=J&nace_r2=L_M&nace_r2=N&size_emp=GE10&indic_is=P_IUSE&lang=en 
Internet access by NACE Rev. 2 activity and NUTS 2 region;NUTS2;ISOC_R_CI_IN_EN2;https://ec.europa.eu/eurostat/api/dissemination/statistics/1.0/data/isoc_r_ci_in_en2?format=JSON&geo=ES53&unit=PC_ENT&nace_r2=C-F&nace_r2=C-E&nace_r2=C&nace_r2=C10-S951_X_K&nace_r2=D_E&nace_r2=F&nace_r2=G&nace_r2=G45-S951_X_K&nace_r2=H&nace_r2=I&nace_r2=J&nace_r2=L_M&nace_r2=N&size_emp=GE10&indic_is=E_IUSE&indic_is=E_IUSE_GT10&indic_is=E_IUSE_GT50&indic_is=E_IUSE_GE10A&lang=en 
Type of connections to the internet by NACE Rev. 2 activity and NUTS 2 region;NUTS2;ISOC_R_CI_IT_EN2;https://ec.europa.eu/eurostat/api/dissemination/statistics/1.0/data/isoc_r_ci_it_en2?format=JSON&geo=ES53&unit=PC_ENT&unit=PC_ENT_FIXBB&unit=PC_ENT_IUSE&nace_r2=C-F&nace_r2=C-E&nace_r2=C&nace_r2=C10-S951_X_K&nace_r2=D_E&nace_r2=F&nace_r2=G&nace_r2=G45-S951_X_K&nace_r2=H&nace_r2=I&nace_r2=J&nace_r2=L_M&nace_r2=N&size_emp=GE10&indic_is=E_FIXBB&indic_is=E_ISPDF_LT30&indic_is=E_ISPDF_100_500&indic_is=E_ISPDF_500_1G&indic_is=E_ISPDF_GE1G&indic_is=E_ISPDF1_30_100&indic_is=E_ISPDF1_GE30&indic_is=E_ISPDF1_GE100&lang=en 
Cloud computing services by NACE Rev. 2 activity and NUTS 2 region;NUTS2;ISOC_R_CICCE_USEN2;https://ec.europa.eu/eurostat/api/dissemination/statistics/1.0/data/isoc_r_cicce_usen2?format=JSON&geo=ES53&unit=PC_ENT&unit=PC_ENT_IUSE&nace_r2=C-F&nace_r2=C-E&nace_r2=C&nace_r2=C10-S951_X_K&nace_r2=D_E&nace_r2=F&nace_r2=G&nace_r2=G45-S951_X_K&nace_r2=H&nace_r2=I&nace_r2=J&nace_r2=L_M&nace_r2=N&size_emp=GE10&indic_is=E_CC&indic_is=E_CCX&lang=en 
Artificial intelligence by NACE Rev. 2 activity and NUTS 2 region;NUTS2;ISOC_R_EB_AIN2;https://ec.europa.eu/eurostat/api/dissemination/statistics/1.0/data/isoc_r_eb_ain2?format=JSON&geo=ES53&unit=PC_ENT&unit=PC_ENT_IUSE&nace_r2=C-F&nace_r2=C-E&nace_r2=C&nace_r2=C10-S951_X_K&nace_r2=D_E&nace_r2=F&nace_r2=G&nace_r2=G45-S951_X_K&nace_r2=H&nace_r2=I&nace_r2=J&nace_r2=L_M&nace_r2=N&size_emp=GE10&indic_is=E_AI_TTM&indic_is=E_AI_TSR&indic_is=E_AI_TNLG&indic_is=E_AI_TIR&indic_is=E_AI_TML&indic_is=E_AI_TPA&indic_is=E_AI_TAR&indic_is=E_AI_TANY&indic_is=E_AI_TX&indic_is=E_AI_TGE2&indic_is=E_AI_TGE3&indic_is=E_AI_CC&lang=en 
Integration with customers/suppliers, supply chain management by NACE Rev. 2 activity and NUTS 2 region;NUTS2;ISOC_R_EB_ICSN2;https://ec.europa.eu/eurostat/api/dissemination/statistics/1.0/data/isoc_r_eb_icsn2?format=JSON&geo=ES53&unit=PC_ENT&unit=PC_ENT_IUSE&nace_r2=C-F&nace_r2=C-E&nace_r2=C&nace_r2=C10-S951_X_K&nace_r2=D_E&nace_r2=F&nace_r2=G&nace_r2=G45-S951_X_K&nace_r2=H&nace_r2=I&nace_r2=J&nace_r2=L_M&nace_r2=N&size_emp=GE10&indic_is=E_INV4S_AP&indic_is=E_INV4S_EMP&indic_is=E_INV4S_PMP&lang=en 
Integration of internal processes by NACE Rev. 2 activity and NUTS 2 region;NUTS2;ISOC_R_EB_IIPN2;https://ec.europa.eu/eurostat/api/dissemination/statistics/1.0/data/isoc_r_eb_iipn2?format=JSON&geo=ES53&unit=PC_ENT&unit=PC_ENT_IUSE&nace_r2=C-F&nace_r2=C-E&nace_r2=C&nace_r2=C10-S951_X_K&nace_r2=D_E&nace_r2=F&nace_r2=G&nace_r2=G45-S951_X_K&nace_r2=H&nace_r2=I&nace_r2=J&nace_r2=L_M&nace_r2=N&size_emp=GE10&indic_is=E_ERP1&indic_is=E_CRM1&indic_is=E_ITBI&indic_is=E_BSANY&lang=en 
E-commerce sales of enterprises by NACE Rev. 2 activity and NUTS 2 region;NUTS2;ISOC_R_EC_ESELN2;https://ec.europa.eu/eurostat/api/dissemination/statistics/1.0/data/isoc_r_ec_eseln2?format=JSON&geo=ES53&unit=PC_ENT&unit=PC_ENT_IUSE&nace_r2=C-F&nace_r2=C-E&nace_r2=C&nace_r2=C10-S951_X_K&nace_r2=D_E&nace_r2=F&nace_r2=G&nace_r2=G45-S951_X_K&nace_r2=H&nace_r2=I&nace_r2=J&nace_r2=L_M&nace_r2=N&size_emp=GE10&indic_is=E_AWSELL&lang=en 
Value of e-commerce sales by NACE Rev. 2 activity and NUTS 2 region;NUTS2;ISOC_R_EC_EVALN2;https://ec.europa.eu/eurostat/api/dissemination/statistics/1.0/data/isoc_r_ec_evaln2?format=JSON&geo=ES53&unit=PC_TURN&nace_r2=C-F&nace_r2=C-E&nace_r2=C&nace_r2=C10-S951_X_K&nace_r2=D_E&nace_r2=F&nace_r2=G&nace_r2=G45-S951_X_K&nace_r2=H&nace_r2=I&nace_r2=J&nace_r2=L_M&nace_r2=N&size_emp=GE10&indic_is=E_AWSVAL&lang=en 
Data analytics by NACE Rev. 2 activity and NUTS 2 region;NUTS2;ISOC_R_EB_DAN2;https://ec.europa.eu/eurostat/api/dissemination/statistics/1.0/data/isoc_r_eb_dan2?format=JSON&geo=ES53&unit=PC_ENT&unit=PC_ENT_IUSE&size_emp=GE10&nace_r2=C-F&nace_r2=C-E&nace_r2=C&nace_r2=C10-S951_X_K&nace_r2=D_E&nace_r2=F&nace_r2=G&nace_r2=G45-S951_X_K&nace_r2=H&nace_r2=I&nace_r2=J&nace_r2=L_M&nace_r2=N&indic_is=E_DAOWN&lang=en
Structure of agricultural holdings by NUTS 3 region - main indicators;NUTS3;ef_r_nuts;https://ec.europa.eu/eurostat/api/dissemination/statistics/1.0/data/ef_r_nuts?format=JSON&geo=ES532&ind_farm=039&ind_farm=040&ind_farm=042&ind_farm=044&ind_farm=046&ind_farm=048&ind_farm=050&ind_farm=052&ind_farm=054&ind_farm=056&ind_farm=058&ind_farm=060&ind_farm=062&ind_farm=064&ind_farm=066&ind_farm=068&ind_farm=070&ind_farm=072&ind_farm=074&ind_farm=076&ind_farm=078&ind_farm=080&ind_farm=082&ind_farm=084&ind_farm=087&ind_farm=099&ind_farm=101&ind_farm=103&ind_farm=105&ind_farm=107&ind_farm=109&lang=en
Nights spent at tourist accommodation establishments by NUTS 3 region (from 2020 onwards);NUTS3;tour_occ_nin3;https://ec.europa.eu/eurostat/api/dissemination/statistics/1.0/data/tour_occ_nin3?format=JSON&geo=ES532&unit=NR&unit=P_THAB&unit=PCH_PRE&c_resid=DOM&c_resid=FOR&c_resid=TOTAL&nace_r2=I551-I553&nace_r2=I551&nace_r2=I552_I553&nace_r2=I552&nace_r2=I553&lang=en
Private households by household composition, size and NUTS 3 region;NUTS3;cens_21hhcs_r3;https://ec.europa.eu/eurostat/api/dissemination/statistics/1.0/data/cens_21hhcs_r3?format=JSON&geo=ES532&unit=NR&n_person=TOTAL&n_person=1&n_person=2&n_person=3&n_person=3-5&n_person=4&n_person=5&n_person=6-10&n_person=GE11&hhcomp=TOTAL&hhcomp=FAM1&hhcomp=CPL&hhcomp=CPL_NCH&hhcomp=M1_CH&hhcomp=F1_CH&hhcomp=FAM_GE2&hhcomp=NFAM&hhcomp=P1&hhcomp=MULTI&lang=en
Road accidents by NUTS 3 region;NUTS3;tran_sf_roadnu;https://ec.europa.eu/eurostat/api/dissemination/statistics/1.0/data/tran_sf_roadnu?format=JSON&geo=ES532&unit=NR&unit=P_MHAB&lang=en
Projected life expectancy by age (reached during the year), sex, type of projection and NUTS 3 region;NUTS3;proj_19ralexp3;https://ec.europa.eu/eurostat/api/dissemination/statistics/1.0/data/proj_19ralexp3?format=JSON&geo=ES532&unit=NR&unit=YR&projection=BSL&age=Y_LT1&age=Y1&age=Y2&age=Y3&age=Y4&age=Y5&age=Y6&age=Y7&age=Y8&age=Y9&age=Y10&age=Y11&age=Y12&age=Y13&age=Y14&age=Y15&age=Y16&age=Y17&age=Y18&age=Y19&age=Y20&age=Y21&age=Y22&age=Y23&age=Y24&age=Y25&age=Y26&age=Y27&age=Y28&age=Y29&age=Y30&age=Y31&age=Y32&age=Y33&age=Y34&age=Y35&age=Y36&age=Y37&age=Y38&age=Y39&age=Y40&age=Y41&age=Y42&age=Y43&age=Y44&age=Y45&age=Y46&age=Y47&age=Y48&age=Y49&age=Y50&age=Y51&age=Y52&age=Y53&age=Y54&age=Y55&age=Y56&age=Y57&age=Y58&age=Y59&age=Y60&age=Y61&age=Y62&age=Y63&age=Y64&age=Y65&age=Y66&age=Y67&age=Y68&age=Y69&age=Y70&age=Y71&age=Y72&age=Y73&age=Y74&age=Y75&age=Y76&age=Y77&age=Y78&age=Y79&age=Y80&age=Y81&age=Y82&age=Y83&age=Y84&age=Y85&age=Y86&age=Y87&age=Y88&age=Y89&age=Y90&age=Y91&age=Y92&age=Y93&age=Y94&age=Y95&age=Y96&age=Y97&age=Y98&age=Y99&age=Y_GE100&sex=M&sex=F&lang=en
National road freight transport by region of loading (NUTS 3) and type of goods (t) - annual data (from 2008 onwards);NUTS3;road_go_na_rl3g;https://ec.europa.eu/eurostat/api/dissemination/statistics/1.0/data/road_go_na_rl3g?format=JSON&geo=ES532&unit=THS_T&nst07=TOTAL&nst07=GT01&nst07=GT02&nst07=GT03&nst07=GT04&nst07=GT05&nst07=GT06&nst07=GT07&nst07=GT08&nst07=GT09&nst07=GT10&nst07=GT11&nst07=GT12&nst07=GT13&nst07=GT14&nst07=GT15&nst07=GT16&nst07=GT17&nst07=GT18&nst07=GT19&nst07=GT20&nst07=UNK&lang=en
Population by age group, sex and NUTS 3 region;NUTS3;demo_r_pjangrp3;https://ec.europa.eu/eurostat/api/dissemination/statistics/1.0/data/demo_r_pjangrp3?format=JSON&geo=ITH20&unit=NR&sex=T&sex=M&sex=F&age=TOTAL&age=Y_LT5&age=Y5-9&age=Y10-14&age=Y15-19&age=Y20-24&age=Y25-29&age=Y30-34&age=Y35-39&age=Y40-44&age=Y45-49&age=Y50-54&age=Y55-59&age=Y60-64&age=Y65-69&age=Y70-74&age=Y75-79&age=Y80-84&age=Y85-89&age=Y_GE85&age=Y_GE90&age=UNK&lang=en 
Population by broad age group, sex and NUTS 3 region;NUTS3;demo_r_pjanaggr3;https://ec.europa.eu/eurostat/api/dissemination/statistics/1.0/data/demo_r_pjanaggr3?format=JSON&geo=ITH20&unit=NR&sex=T&sex=M&sex=F&age=TOTAL&age=Y_LT15&age=Y15-64&age=Y_GE65&age=UNK&lang=en 
Population density by NUTS 3 region;NUTS3;demo_r_d3dens;https://ec.europa.eu/eurostat/api/dissemination/statistics/1.0/data/demo_r_d3dens?format=JSON&geo=ITH20&unit=PER_KM2&lang=en 
Population structure indicators by NUTS 3 region;NUTS3;demo_r_pjanind3;https://ec.europa.eu/eurostat/api/dissemination/statistics/1.0/data/demo_r_pjanind3?format=JSON&geo=ITH20&unit=YR&unit=PC&indic_de=DEPRATIO1&indic_de=DEPRATIO2&indic_de=DEPRATIO3&indic_de=DEPRATIO4&indic_de=FMEDAGEPOP&indic_de=MEDAGEPOP&indic_de=MMEDAGEPOP&indic_de=OLDDEP1&indic_de=OLDDEP2&indic_de=OLDDEP3&indic_de=OLDDEP4&indic_de=PC_FM&indic_de=PC_Y0_14&indic_de=PC_Y0_18&indic_de=PC_Y0_19&indic_de=PC_Y0_4&indic_de=PC_Y10_14&indic_de=PC_Y15_19&indic_de=PC_Y15_24&indic_de=PC_Y15_29&indic_de=PC_Y15_74&indic_de=PC_Y20_24&indic_de=PC_Y20_39&indic_de=PC_Y20_64&indic_de=PC_Y25_29&indic_de=PC_Y25_44&indic_de=PC_Y25_49&indic_de=PC_Y30_34&indic_de=PC_Y35_39&indic_de=PC_Y40_44&indic_de=PC_Y40_59&indic_de=PC_Y45_49&indic_de=PC_Y45_64&indic_de=PC_Y50_54&indic_de=PC_Y50_64&indic_de=PC_Y55_59&indic_de=PC_Y5_9&indic_de=PC_Y60_64&indic_de=PC_Y60_79&indic_de=PC_Y60_MAX&indic_de=PC_Y65_69&indic_de=PC_Y65_79&indic_de=PC_Y65_MAX&indic_de=PC_Y70_74&indic_de=PC_Y75_79&indic_de=PC_Y75_MAX&indic_de=PC_Y80_84&indic_de=PC_Y80_MAX&indic_de=PC_Y85_MAX&indic_de=PC_Y100_MAX&indic_de=YOUNGDEP1&indic_de=YOUNGDEP2&indic_de=YOUNGDEP3&indic_de=YOUNGDEP4&lang=en 
Population change - Demographic balance and crude rates at regional level (NUTS 3);NUTS3;demo_r_gind3;https://ec.europa.eu/eurostat/api/dissemination/statistics/1.0/data/demo_r_gind3?format=JSON&geo=ITH20&indic_de=CNMIGRAT&indic_de=CNMIGRATRT&indic_de=DEATH&indic_de=GBIRTHRT&indic_de=GDEATHRT&indic_de=GROW&indic_de=GROWRT&indic_de=JAN&indic_de=LBIRTH&indic_de=NATGROW&indic_de=NATGROWRT&lang=en 
Live births (total) by NUTS 3 region ;NUTS3;demo_r_births;https://ec.europa.eu/eurostat/api/dissemination/statistics/1.0/data/demo_r_births?format=JSON&geo=ITH20&unit=NR&lang=en 
Live births by age group of the mothers and NUTS 3 region ;NUTS3;demo_r_fagec3;https://ec.europa.eu/eurostat/api/dissemination/statistics/1.0/data/demo_r_fagec3?format=JSON&geo=ITH20&unit=NR&unit=NR&age=TOTAL&age=Y10-14&age=Y15-19&age=Y_LT20&age=Y20-24&age=Y25-29&age=Y30-34&age=Y35-39&age=Y40-44&age=Y45-49&age=Y_GE45&age=Y_GE50&age=UNK&lang=en 
Fertility indicators by NUTS 3 region ;NUTS3;demo_r_find3;https://ec.europa.eu/eurostat/api/dissemination/statistics/1.0/data/demo_r_find3?format=JSON&geo=ITH20&unit=NR&unit=YR&indic_de=AGEMOTH&indic_de=MEDAGEMOTH&indic_de=TOTFERRT&lang=en 
Deaths (total) by NUTS 3 region ;NUTS3;demo_r_deaths;https://ec.europa.eu/eurostat/api/dissemination/statistics/1.0/data/demo_r_deaths?format=JSON&geo=ITH20&unit=NR&unit=NR&lang=en 
Population by country of citizenship, age groups and NUTS 3 region, 2021 ;NUTS3;cens_21ctz_r3;https://ec.europa.eu/eurostat/api/dissemination/statistics/1.0/data/cens_21ctz_r3?format=JSON&geo=ITH20&unit=NR&citizen=BE&citizen=BG&citizen=CZ&citizen=DK&citizen=DE&citizen=EE&citizen=IE&citizen=EL&citizen=ES&citizen=FR&citizen=HR&citizen=IT&citizen=CY&citizen=LV&citizen=LT&citizen=LU&citizen=HU&citizen=MT&citizen=NL&citizen=AT&citizen=PL&citizen=PT&citizen=RO&citizen=SI&citizen=SK&citizen=FI&citizen=SE&citizen=EU_FOR&citizen=IS&citizen=LI&citizen=NO&citizen=CH&citizen=UK&citizen=BA&citizen=ME&citizen=MD&citizen=MK&citizen=GE&citizen=AL&citizen=RS&citizen=TR&citizen=UA&citizen=XK&citizen=AD&citizen=BY&citizen=VA&citizen=MC&citizen=RU&citizen=SM&citizen=NEU&citizen=EUR_NEU&citizen=EUR_OTH&citizen=AFR&citizen=AO&citizen=CM&citizen=CF&citizen=TD&citizen=CG&citizen=CD&citizen=GQ&citizen=GA&citizen=ST&citizen=BI&citizen=KM&citizen=DJ&citizen=ER&citizen=ET&citizen=KE&citizen=MG&citizen=MW&citizen=MU&citizen=MZ&citizen=RW&citizen=SC&citizen=SO&citizen=UG&citizen=TZ&citizen=ZM&citizen=ZW&citizen=DZ&citizen=EG&citizen=LY&citizen=MA&citizen=SS&citizen=SD&citizen=TN&citizen=EH&citizen=BW&citizen=LS&citizen=NA&citizen=ZA&citizen=SZ&citizen=BJ&citizen=BF&citizen=CV&citizen=CI&citizen=GM&citizen=GH&citizen=GN&citizen=GW&citizen=LR&citizen=ML&citizen=MR&citizen=NE&citizen=NG&citizen=SN&citizen=SL&citizen=TG&citizen=AFR_OTH&citizen=AME_N&citizen=CA&citizen=US&citizen=AME_N_OTH&citizen=AME_X_N&citizen=AG&citizen=AW&citizen=BS&citizen=BB&citizen=CU&citizen=CW&citizen=DM&citizen=DO&citizen=GD&citizen=HT&citizen=JM&citizen=KN&citizen=LC&citizen=VC&citizen=SX&citizen=TT&citizen=BZ&citizen=CR&citizen=SV&citizen=GT&citizen=HN&citizen=MX&citizen=NI&citizen=PA&citizen=AR&citizen=BO&citizen=BR&citizen=CL&citizen=CO&citizen=EC&citizen=GY&citizen=PY&citizen=PE&citizen=SR&citizen=UY&citizen=VE&citizen=AME_X_N_OTH&citizen=ASI&citizen=KZ&citizen=KG&citizen=TJ&citizen=TM&citizen=UZ&citizen=CN&citizen=JP&citizen=MN&citizen=KP&citizen=KR&citizen=TW&citizen=AF&citizen=BD&citizen=BT&citizen=IN&citizen=IR&citizen=MV&citizen=NP&citizen=PK&citizen=LK&citizen=BN&citizen=KH&citizen=ID&citizen=LA&citizen=MY&citizen=MM&citizen=PH&citizen=SG&citizen=TH&citizen=TL&citizen=VN&citizen=AM&citizen=AZ&citizen=BH&citizen=IQ&citizen=IL&citizen=JO&citizen=KW&citizen=LB&citizen=PS&citizen=OM&citizen=QA&citizen=SA&citizen=SY&citizen=AE&citizen=YE&citizen=ASI_OTH&citizen=OCE&citizen=AU&citizen=NZ&citizen=FJ&citizen=PG&citizen=SB&citizen=VU&citizen=KI&citizen=MH&citizen=FM&citizen=NR&citizen=PW&citizen=WS&citizen=TO&citizen=TV&citizen=OCE_OTH&citizen=FOR&citizen=NAT&citizen=RNC&citizen=STLS&citizen=TOTAL&citizen=UNK&sex=T&sex=M&sex=F&age=TOTAL&age=Y_LT5&age=Y5-9&age=Y10-14&age=Y_LT15&age=Y15-19&age=Y15-29&age=Y20-24&age=Y25-29&age=Y30-34&age=Y30-49&age=Y35-39&age=Y40-44&age=Y45-49&age=Y50-54&age=Y50-64&age=Y55-59&age=Y60-64&age=Y65-69&age=Y65-84&age=Y70-74&age=Y75-79&age=Y80-84&age=Y85-89&age=Y_GE85&age=Y90-94&age=Y95-99&age=Y_GE100&lang=en 
Population by country of citizenship, age groups, family status and NUTS 3 region, 2021 ;NUTS3;cens_21ctzf_r3;https://ec.europa.eu/eurostat/api/dissemination/statistics/1.0/data/cens_21ctzf_r3?format=JSON&geo=ITH20&unit=NR&citizen=EU_FOR&citizen=NEU&citizen=FOR&citizen=NAT&citizen=STLS&citizen=TOTAL&citizen=UNK&hhstatus=TOTAL&hhstatus=CPL&hhstatus=PAR1&hhstatus=CH_PAR&hhstatus=NAP&hhstatus=UNK&sex=T&sex=M&sex=F&age=TOTAL&age=Y_LT5&age=Y5-9&age=Y10-14&age=Y_LT15&age=Y15-19&age=Y15-29&age=Y20-24&age=Y25-29&age=Y30-34&age=Y30-49&age=Y35-39&age=Y40-44&age=Y45-49&age=Y50-54&age=Y50-64&age=Y55-59&age=Y60-64&age=Y65-69&age=Y65-84&age=Y70-74&age=Y75-79&age=Y80-84&age=Y85-89&age=Y_GE85&age=Y90-94&age=Y95-99&age=Y_GE100&lang=en 
Population by country of citizenship, age groups, type of housing arrangements and NUTS 3 region, 2021 ;NUTS3;cens_21ctzha_r3;https://ec.europa.eu/eurostat/api/dissemination/statistics/1.0/data/cens_21ctzha_r3?format=JSON&geo=ITH20&unit=NR&citizen=EU_FOR&citizen=NEU&citizen=EUR_NEU&citizen=AFR&citizen=AME_N&citizen=AME_X_N&citizen=ASI&citizen=OCE&citizen=FOR&citizen=NAT&citizen=STLS&citizen=TOTAL&citizen=UNK&housing=TOTAL&housing=H_CV&housing=DW&housing=CLQ&housing=H_NCV&housing=UNK&age=TOTAL&age=Y_LT5&age=Y5-9&age=Y10-14&age=Y_LT15&age=Y15-19&age=Y15-29&age=Y20-24&age=Y25-29&age=Y30-34&age=Y30-49&age=Y35-39&age=Y40-44&age=Y45-49&age=Y50-54&age=Y50-64&age=Y55-59&age=Y60-64&age=Y65-69&age=Y65-84&age=Y70-74&age=Y75-79&age=Y80-84&age=Y85-89&age=Y_GE85&age=Y90-94&age=Y95-99&age=Y_GE100&lang=en 
Population by country of birth, age groups and NUTS 3 region, 2021 ;NUTS3;cens_21cob_r3;https://ec.europa.eu/eurostat/api/dissemination/statistics/1.0/data/cens_21cob_r3?format=JSON&geo=ITH20&unit=NR&c_birth=BE&c_birth=BG&c_birth=CZ&c_birth=DK&c_birth=DE&c_birth=EE&c_birth=IE&c_birth=EL&c_birth=ES&c_birth=FR&c_birth=HR&c_birth=IT&c_birth=CY&c_birth=LV&c_birth=LT&c_birth=LU&c_birth=HU&c_birth=MT&c_birth=NL&c_birth=AT&c_birth=PL&c_birth=PT&c_birth=RO&c_birth=SI&c_birth=SK&c_birth=FI&c_birth=SE&c_birth=EU_OTH&c_birth=IS&c_birth=LI&c_birth=NO&c_birth=CH&c_birth=UK&c_birth=BA&c_birth=ME&c_birth=MD&c_birth=MK&c_birth=GE&c_birth=AL&c_birth=RS&c_birth=TR&c_birth=UA&c_birth=XK&c_birth=AD&c_birth=BY&c_birth=GG&c_birth=JE&c_birth=CQ&c_birth=FO&c_birth=GI&c_birth=VA&c_birth=IM&c_birth=MC&c_birth=RU&c_birth=SM&c_birth=NEU&c_birth=EUR_NEU&c_birth=EUR_OTH&c_birth=AFR&c_birth=AO&c_birth=CM&c_birth=CF&c_birth=TD&c_birth=CG&c_birth=CD&c_birth=GQ&c_birth=GA&c_birth=ST&c_birth=BI&c_birth=KM&c_birth=DJ&c_birth=ER&c_birth=ET&c_birth=KE&c_birth=MG&c_birth=MW&c_birth=MU&c_birth=MZ&c_birth=RW&c_birth=SC&c_birth=SO&c_birth=UG&c_birth=TZ&c_birth=ZM&c_birth=ZW&c_birth=DZ&c_birth=EG&c_birth=LY&c_birth=MA&c_birth=SS&c_birth=SD&c_birth=TN&c_birth=EH&c_birth=BW&c_birth=LS&c_birth=NA&c_birth=ZA&c_birth=SZ&c_birth=BJ&c_birth=BF&c_birth=CV&c_birth=CI&c_birth=GM&c_birth=GH&c_birth=GN&c_birth=GW&c_birth=LR&c_birth=ML&c_birth=MR&c_birth=NE&c_birth=NG&c_birth=SH&c_birth=SN&c_birth=SL&c_birth=TG&c_birth=AFR_OTH&c_birth=AME_N&c_birth=BM&c_birth=CA&c_birth=GL&c_birth=PM&c_birth=US&c_birth=AME_N_OTH&c_birth=AME_X_N&c_birth=AI&c_birth=AG&c_birth=AW&c_birth=BS&c_birth=BB&c_birth=VG&c_birth=KY&c_birth=CU&c_birth=CW&c_birth=DM&c_birth=DO&c_birth=GD&c_birth=HT&c_birth=JM&c_birth=MS&c_birth=BL&c_birth=KN&c_birth=LC&c_birth=MF&c_birth=VC&c_birth=SX&c_birth=TT&c_birth=TC&c_birth=BZ&c_birth=CR&c_birth=SV&c_birth=GT&c_birth=HN&c_birth=MX&c_birth=NI&c_birth=PA&c_birth=AR&c_birth=BO&c_birth=BR&c_birth=CL&c_birth=CO&c_birth=EC&c_birth=FK&c_birth=GY&c_birth=PY&c_birth=PE&c_birth=SR&c_birth=UY&c_birth=VE&c_birth=AME_X_N_OTH&c_birth=ASI&c_birth=KZ&c_birth=KG&c_birth=TJ&c_birth=TM&c_birth=UZ&c_birth=CN&c_birth=JP&c_birth=MN&c_birth=KP&c_birth=KR&c_birth=TW&c_birth=AF&c_birth=BD&c_birth=BT&c_birth=IN&c_birth=IR&c_birth=MV&c_birth=NP&c_birth=PK&c_birth=LK&c_birth=BN&c_birth=KH&c_birth=ID&c_birth=LA&c_birth=MY&c_birth=MM&c_birth=PH&c_birth=SG&c_birth=TH&c_birth=TL&c_birth=VN&c_birth=AM&c_birth=AZ&c_birth=BH&c_birth=IQ&c_birth=IL&c_birth=JO&c_birth=KW&c_birth=LB&c_birth=PS&c_birth=OM&c_birth=QA&c_birth=SA&c_birth=SY&c_birth=AE&c_birth=YE&c_birth=ASI_OTH&c_birth=OCE&c_birth=AU&c_birth=NZ&c_birth=FJ&c_birth=NC&c_birth=PG&c_birth=SB&c_birth=VU&c_birth=KI&c_birth=MH&c_birth=FM&c_birth=NR&c_birth=PW&c_birth=CK&c_birth=PF&c_birth=PN&c_birth=WS&c_birth=TO&c_birth=TV&c_birth=WF&c_birth=OCE_OTH&c_birth=TF&c_birth=FOR&c_birth=NAT&c_birth=TOTAL&c_birth=OTH&c_birth=UNK&sex=T&sex=M&sex=F&age=TOTAL&age=Y_LT5&age=Y5-9&age=Y10-14&age=Y_LT15&age=Y15-19&age=Y15-29&age=Y20-24&age=Y25-29&age=Y30-34&age=Y30-49&age=Y35-39&age=Y40-44&age=Y45-49&age=Y50-54&age=Y50-64&age=Y55-59&age=Y60-64&age=Y65-69&age=Y65-84&age=Y70-74&age=Y75-79&age=Y80-84&age=Y85-89&age=Y_GE85&age=Y90-94&age=Y95-99&age=Y_GE100&lang=en 
Population by country of birth, age groups, household status and NUTS 3 region, 2021 ;NUTS3;cens_21cobhs_r3;https://ec.europa.eu/eurostat/api/dissemination/statistics/1.0/data/cens_21cobhs_r3?format=JSON&geo=ITH20&unit=NR&c_birth=EU_OTH&c_birth=NEU&c_birth=FOR&c_birth=NAT&c_birth=TOTAL&c_birth=OTH&c_birth=UNK&hhstatus=TOTAL&hhstatus=PRV&hhstatus=FAM&hhstatus=NFAM&hhstatus=PRV_UNK&hhstatus=NPRV&hhstatus=IST&hhstatus=NPRV_IHMLS_UNK&sex=T&sex=M&sex=F&age=TOTAL&age=Y_LT5&age=Y5-9&age=Y10-14&age=Y_LT15&age=Y15-19&age=Y15-29&age=Y20-24&age=Y25-29&age=Y30-34&age=Y30-49&age=Y35-39&age=Y40-44&age=Y45-49&age=Y50-54&age=Y50-64&age=Y55-59&age=Y60-64&age=Y65-69&age=Y65-84&age=Y70-74&age=Y75-79&age=Y80-84&age=Y85-89&age=Y_GE85&age=Y90-94&age=Y95-99&age=Y_GE100&lang=en 
Population by country of birth, age groups, type of housing arrangements and NUTS 3 region, 2021 ;NUTS3;cens_21cobha_r3;https://ec.europa.eu/eurostat/api/dissemination/statistics/1.0/data/cens_21cobha_r3?format=JSON&geo=ITH20&unit=NR&c_birth=EU_OTH&c_birth=NEU&c_birth=EUR_NEU&c_birth=AFR&c_birth=AME_N&c_birth=AME_X_N&c_birth=ASI&c_birth=OCE&c_birth=FOR&c_birth=NAT&c_birth=TOTAL&c_birth=OTH&c_birth=UNK&housing=TOTAL&housing=H_CV&housing=DW&housing=CLQ&housing=H_NCV&housing=UNK&age=TOTAL&age=Y_LT5&age=Y5-9&age=Y10-14&age=Y_LT15&age=Y15-19&age=Y15-29&age=Y20-24&age=Y25-29&age=Y30-34&age=Y30-49&age=Y35-39&age=Y40-44&age=Y45-49&age=Y50-54&age=Y50-64&age=Y55-59&age=Y60-64&age=Y65-69&age=Y65-84&age=Y70-74&age=Y75-79&age=Y80-84&age=Y85-89&age=Y_GE85&age=Y90-94&age=Y95-99&age=Y_GE100&lang=en 
Population by marital status, broad age groups and NUTS 3 region, 2021 ;NUTS3;cens_21m_r3;https://ec.europa.eu/eurostat/api/dissemination/statistics/1.0/data/cens_21m_r3?format=JSON&geo=ITH20&unit=NR&marsta=TOTAL&marsta=SIN&marsta=MAR_REP&marsta=WID_DTHREP&marsta=DIV_DISREP&marsta=UNK&age=TOTAL&age=Y_LT15&age=Y15-29&age=Y30-49&age=Y50-64&age=Y65-84&age=Y_GE85&sex=T&sex=M&sex=F&lang=en 
Population by family status, broad age groups and NUTS 3 region, 2021 ;NUTS3;cens_21f_r3;https://ec.europa.eu/eurostat/api/dissemination/statistics/1.0/data/cens_21f_r3?format=JSON&geo=ITH20&unit=NR&age=TOTAL&age=Y_LT15&age=Y15-29&age=Y30-49&age=Y50-64&age=Y65-84&age=Y_GE85&hhstatus=TOTAL&hhstatus=CPL&hhstatus=MAR_REP&hhstatus=MARO_REPO&hhstatus=MARS_REPS&hhstatus=CSU&hhstatus=PAR1&hhstatus=CH_PAR&hhstatus=CH_CPL&hhstatus=CH_PAR1&hhstatus=NAP&hhstatus=UNK&sex=T&sex=M&sex=F&lang=en 
Population by size of the locality, age groups and NUTS 3 region, 2021 ;NUTS3;cens_21l_r3;https://ec.europa.eu/eurostat/api/dissemination/statistics/1.0/data/cens_21l_r3?format=JSON&geo=ITH20&unit=NR&age=TOTAL&age=Y_LT5&age=Y5-9&age=Y10-14&age=Y_LT15&age=Y15-19&age=Y15-29&age=Y20-24&age=Y25-29&age=Y30-34&age=Y30-49&age=Y35-39&age=Y40-44&age=Y45-49&age=Y50-54&age=Y50-64&age=Y55-59&age=Y60-64&age=Y65-69&age=Y65-84&age=Y70-74&age=Y75-79&age=Y80-84&age=Y85-89&age=Y_GE85&age=Y90-94&age=Y95-99&age=Y_GE100&n_person=TOTAL&n_person=LT200&n_person=200-499&n_person=500-999&n_person=1000-1999&n_person=2000-4999&n_person=5000-9999&n_person=10000-19999&n_person=20000-49999&n_person=50000-99999&n_person=100000-199999&n_person=200000-499999&n_person=500000-999999&n_person=GE1000000&sex=T&sex=M&sex=F&lang=en 
Population by size of the locality, housing arrangements and NUTS 3 region, 2021 ;NUTS3;cens_21lha_r3;https://ec.europa.eu/eurostat/api/dissemination/statistics/1.0/data/cens_21lha_r3?format=JSON&geo=ITH20&unit=NR&housing=TOTAL&housing=H_CV&housing=DW&housing=CLQ&housing=H_NCV&housing=UNK&n_person=TOTAL&n_person=LT200&n_person=200-499&n_person=500-999&n_person=1000-1999&n_person=2000-4999&n_person=5000-9999&n_person=10000-19999&n_person=20000-49999&n_person=50000-99999&n_person=100000-199999&n_person=200000-499999&n_person=500000-999999&n_person=GE1000000&sex=T&sex=M&sex=F&lang=en 
Population by year of arrival in the country since 2010, age groups, groups of country of birth and NUTS 3 region, 2021 ;NUTS3;cens_21argc_r3;https://ec.europa.eu/eurostat/api/dissemination/statistics/1.0/data/cens_21argc_r3?format=JSON&geo=ITH20&unit=NR&y_arriv=TOTAL&y_arriv=Y_LE2009&y_arriv=Y_GE2010&y_arriv=UNK&c_birth=EU_OTH&c_birth=NEU&c_birth=FOR&c_birth=NAT&c_birth=TOTAL&c_birth=OTH&c_birth=UNK&age=TOTAL&age=Y_LT5&age=Y5-9&age=Y10-14&age=Y_LT15&age=Y15-19&age=Y15-29&age=Y20-24&age=Y25-29&age=Y30-34&age=Y30-49&age=Y35-39&age=Y40-44&age=Y45-49&age=Y50-54&age=Y50-64&age=Y55-59&age=Y60-64&age=Y65-69&age=Y65-84&age=Y70-74&age=Y75-79&age=Y80-84&age=Y85-89&age=Y_GE85&age=Y90-94&age=Y95-99&age=Y_GE100&sex=T&sex=M&sex=F&lang=en 
Population by year of arrival in the country, age groups, family status and NUTS 3 region, 2021 ;NUTS3;cens_21arf_r3;https://ec.europa.eu/eurostat/api/dissemination/statistics/1.0/data/cens_21arf_r3?format=JSON&geo=ITH20&unit=NR&y_arriv=TOTAL&y_arriv=Y_GE1980&y_arriv=Y1980-1984&y_arriv=Y1985-1989&y_arriv=Y1990-1994&y_arriv=Y1995-1999&y_arriv=Y2000-2004&y_arriv=Y2005-2009&y_arriv=Y2010-2014&y_arriv=Y2015-2019&y_arriv=Y2020-2021&y_arriv=Y_LE1979_NRA&y_arriv=UNK&hhstatus=TOTAL&hhstatus=CPL&hhstatus=MAR_REP&hhstatus=CSU&hhstatus=PAR1&hhstatus=CH_PAR&hhstatus=CH_CPL&hhstatus=CH_PAR1&hhstatus=NAP&hhstatus=UNK&age=TOTAL&age=Y_LT15&age=Y15-29&age=Y30-49&age=Y50-64&age=Y65-84&age=Y_GE85&sex=T&sex=M&sex=F&lang=en 
Gross domestic product (GDP) at current market prices by NUTS 3 region ;NUTS3;nama_10r_3gdp;https://ec.europa.eu/eurostat/api/dissemination/statistics/1.0/data/nama_10r_3gdp?format=JSON&geo=ITH20&unit=MIO_EUR&unit=EUR_HAB&unit=EUR_HAB_EU27_2020&unit=MIO_NAC&unit=MIO_PPS_EU27_2020&unit=PPS_EU27_2020_HAB&unit=PPS_HAB_EU27_2020&lang=en 
Employment (thousand persons) by NUTS 3 region ;NUTS3;nama_10r_3empers;https://ec.europa.eu/eurostat/api/dissemination/statistics/1.0/data/nama_10r_3empers?format=JSON&geo=ITH20&unit=THS&wstatus=EMP&wstatus=SAL&wstatus=SELF&nace_r2=TOTAL&nace_r2=A&nace_r2=B-E&nace_r2=C&nace_r2=F&nace_r2=G-J&nace_r2=G-I&nace_r2=J&nace_r2=K-N&nace_r2=K&nace_r2=L&nace_r2=M_N&nace_r2=O-U&nace_r2=O-Q&nace_r2=R-U&lang=en 
Gross value added at basic prices and previous year prices by NUTS 3 region ;NUTS3;nama_10r_3gva;https://ec.europa.eu/eurostat/api/dissemination/statistics/1.0/data/nama_10r_3gva?format=JSON&geo=ITH20&unit=CP_MEUR&unit=CP_MNAC&unit=PYP_MEUR&unit=PYP_MNAC&nace_r2=TOTAL&nace_r2=A&nace_r2=B-E&nace_r2=C&nace_r2=F&nace_r2=G-J&nace_r2=G-I&nace_r2=J&nace_r2=K-N&nace_r2=K&nace_r2=L&nace_r2=M_N&nace_r2=O-U&nace_r2=O-Q&nace_r2=R-U&lang=en 
Business demography and high growth enterprises by NACE Rev. 2 activity and NUTS 3 region ;NUTS3;bd_hgnace_r;https://ec.europa.eu/eurostat/api/dissemination/statistics/1.0/data/bd_hgnace_r?format=JSON&geo=ITH20&indic_sbs=ENT_NR&indic_sbs=ENT_BRTH_NR&indic_sbs=ENT_BRTH_EMPSIZE_NR&indic_sbs=ENT_DTH_EMPSIZE_NR&indic_sbs=ENT_DTH_NR&indic_sbs=ENT_SRVL_EMPSIZE_Y3_NR&indic_sbs=ENT_SRVL_Y3_NR&indic_sbs=ENT_SRVLR_Y3_PC&indic_sbs=ENT_SRVLR_BRTH_Y3_PC&indic_sbs=ENT_HGRW_NR&indic_sbs=ENT_HGRWR_PC&indic_sbs=ENT_BRTHR_DTHR_PC&indic_sbs=ENT_BRTHR_PC&indic_sbs=ENT_DTHR_PC&indic_sbs=GRW_ENT_PC&indic_sbs=EMP_NR&indic_sbs=EMP_BRTH_NR&indic_sbs=EMP_BRTHR_PC&indic_sbs=EMP_DTH_NR&indic_sbs=EMP_SRVL_Y3_NR&indic_sbs=EMP_SRVL_YBRTH_Y3_NR&indic_sbs=EMP_DTHR_PC&indic_sbs=EMP_SRVLR_Y3_PC&indic_sbs=GRW_EMP_SRVL_Y3_PC&indic_sbs=SAL_NR&indic_sbs=SAL_BRTH_NR&indic_sbs=SAL_DTH_NR&indic_sbs=SAL_EMP_BRTHR_PC&nace_r2=B-S_X_O_S94&nace_r2=B-E&nace_r2=F&nace_r2=G&nace_r2=H&nace_r2=I&nace_r2=J&nace_r2=K_L&nace_r2=M_N&nace_r2=P_Q&nace_r2=R_S_X_S94&lang=en 
Business demography by size class and NUTS 3 region ;NUTS3;bd_size_r;https://ec.europa.eu/eurostat/api/dissemination/statistics/1.0/data/bd_size_r?format=JSON&geo=ITH20&sizeclas=TOTAL&sizeclas=0&sizeclas=1-9&sizeclas=GE10&indic_sbs=ENT_NR&indic_sbs=ENT_BRTH_NR&indic_sbs=ENT_BRTH_EMPSIZE_NR&indic_sbs=ENT_DTH_EMPSIZE_NR&indic_sbs=ENT_DTH_NR&indic_sbs=ENT_SRVL_EMPSIZE_Y3_NR&indic_sbs=ENT_SRVL_Y3_NR&indic_sbs=ENT_SRVLR_Y3_PC&indic_sbs=ENT_SRVLR_BRTH_Y3_PC&indic_sbs=ENT_BRTHR_DTHR_PC&indic_sbs=ENT_BRTHR_PC&indic_sbs=ENT_DTHR_PC&indic_sbs=ENT_BRTH_PP_PC&indic_sbs=ENT_DTH_PP_PC&indic_sbs=GRW_ENT_PC&indic_sbs=EMP_NR&indic_sbs=EMP_BRTH_NR&indic_sbs=EMP_BRTHR_PC&indic_sbs=EMP_DTH_NR&indic_sbs=EMP_SRVL_Y3_NR&indic_sbs=EMP_SRVL_YBRTH_Y3_NR&indic_sbs=EMP_DTHR_PC&indic_sbs=EMP_SRVLR_Y3_PC&indic_sbs=GRW_EMP_SRVL_Y3_PC&indic_sbs=SAL_NR&indic_sbs=SAL_BRTH_NR&indic_sbs=SAL_DTH_NR&indic_sbs=SAL_EMP_BRTHR_PC&nace_r2=B-S_X_O_S94&lang=en 
Employer business demography by NACE Rev. 2 activity and NUTS 3 region ;NUTS3;bd_salge1_nace_r;https://ec.europa.eu/eurostat/api/dissemination/statistics/1.0/data/bd_salge1_nace_r?format=JSON&geo=ITH20&indic_sbs=ENT_SALGE1_NR&indic_sbs=ENT_SALGE1_BRTH_NR&indic_sbs=ENT_SALGE1_BRTH_EMPSIZE_NR&indic_sbs=ENT_SALGE1_DTH_NR&indic_sbs=ENT_SALGE1_DTH_EMPSIZE_NR&indic_sbs=ENT_SALGE1_SRVL_Y3_NR&indic_sbs=ENT_SALGE1_SRVL_EMPSIZE_Y3_NR&indic_sbs=ENT_SALGE1_SRVLR_Y3_PC&indic_sbs=ENT_SALGE1_SRVLR_BRTH_Y3_PC&indic_sbs=ENT_SALGE1_BRTHR_DTHR_PC&indic_sbs=ENT_SALGE1_BRTHR_PC&indic_sbs=ENT_SALGE1_DTHR_PC&indic_sbs=GRW_ENT_SALGE1_PC&indic_sbs=EMP_SALGE1_NR&indic_sbs=EMP_SALGE1_BRTH_NR&indic_sbs=EMP_SALGE1_BRTHR_PC&indic_sbs=EMP_SALGE1_DTH_NR&indic_sbs=EMP_SALGE1_DTHR_PC&indic_sbs=EMP_SALGE1_SRVL_Y3_NR&indic_sbs=EMP_SALGE1_SRVL_YBRTH_Y3_NR&indic_sbs=EMP_SALGE1_SRVLR_Y3_PC&indic_sbs=GRW_EMP_SALGE1_SRVL_Y3_PC&indic_sbs=SAL_SALGE1_NR&indic_sbs=SAL_SALGE1_BRTH_NR&indic_sbs=SAL_SALGE1_DTH_NR&indic_sbs=SAL_SALGE1_EMP_BRTHR_PC&nace_r2=B-S_X_O_S94&nace_r2=B-E&nace_r2=F&nace_r2=G&nace_r2=H&nace_r2=I&nace_r2=J&nace_r2=K_L&nace_r2=M_N&nace_r2=P_Q&nace_r2=R_S_X_S94&lang=en 
Employer business demography by size class and NUTS 3 region ;NUTS3;bd_salge1_size_r;https://ec.europa.eu/eurostat/api/dissemination/statistics/1.0/data/bd_salge1_size_r?format=JSON&geo=ITH20&sizeclas=TOTAL&sizeclas=1-9&sizeclas=GE10&indic_sbs=ENT_SALGE1_NR&indic_sbs=ENT_SALGE1_BRTH_NR&indic_sbs=ENT_SALGE1_BRTH_PP_PC&indic_sbs=ENT_SALGE1_BRTH_EMPSIZE_NR&indic_sbs=ENT_SALGE1_DTH_NR&indic_sbs=ENT_SALGE1_DTH_PP_PC&indic_sbs=ENT_SALGE1_DTH_EMPSIZE_NR&indic_sbs=ENT_SALGE1_SRVL_Y3_NR&indic_sbs=ENT_SALGE1_SRVL_EMPSIZE_Y3_NR&indic_sbs=ENT_SALGE1_SRVLR_Y3_PC&indic_sbs=ENT_SALGE1_SRVLR_BRTH_Y3_PC&indic_sbs=ENT_SALGE1_BRTHR_DTHR_PC&indic_sbs=ENT_SALGE1_BRTHR_PC&indic_sbs=ENT_SALGE1_DTHR_PC&indic_sbs=GRW_ENT_SALGE1_PC&indic_sbs=EMP_SALGE1_NR&indic_sbs=EMP_SALGE1_BRTH_NR&indic_sbs=EMP_SALGE1_BRTHR_PC&indic_sbs=EMP_SALGE1_DTH_NR&indic_sbs=EMP_SALGE1_DTHR_PC&indic_sbs=EMP_SALGE1_SRVL_Y3_NR&indic_sbs=EMP_SALGE1_SRVL_YBRTH_Y3_NR&indic_sbs=EMP_SALGE1_SRVLR_Y3_PC&indic_sbs=GRW_EMP_SALGE1_SRVL_Y3_PC&indic_sbs=SAL_SALGE1_NR&indic_sbs=SAL_SALGE1_BRTH_NR&indic_sbs=SAL_SALGE1_DTH_NR&indic_sbs=SAL_SALGE1_EMP_BRTHR_PC&nace_r2=B-S_X_O_S94&lang=en 
Nominal Labour productivity by NUTS 3 regions ;NUTS3;nama_10r_3nlp;https://ec.europa.eu/eurostat/api/dissemination/statistics/1.0/data/nama_10r_3nlp?format=JSON&geo=ITH20&unit=EUR&unit=NAC&unit=PC_EU27_2020_MEUR_CP&na_item=NLPR_PER&lang=en 
Patent applications to the EPO by priority year by NUTS 3 region (1977-2012) ;NUTS3;pat_ep_rtot;https://ec.europa.eu/eurostat/api/dissemination/statistics/1.0/data/pat_ep_rtot?format=JSON&geo=ITH20&unit=NR&unit=GDP_BEUR&unit=P_MHAB&unit=P_MACT&lang=en 
Patent applications to the EPO by priority year by NUTS 3 region, international patent classification (IPC) sections and classes (1977-2013) ;NUTS3;pat_ep_ripc;https://ec.europa.eu/eurostat/api/dissemination/statistics/1.0/data/pat_ep_ripc?format=JSON&geo=ITH20&unit=NR&unit=GDP_BEUR&unit=P_MHAB&unit=P_MACT&ipc=IPC&ipc=A&ipc=A01&ipc=A21&ipc=A22&ipc=A23&ipc=A24&ipc=A41&ipc=A42&ipc=A43&ipc=A44&ipc=A45&ipc=A46&ipc=A47&ipc=A61&ipc=A62&ipc=A63&ipc=B&ipc=B01&ipc=B02&ipc=B03&ipc=B04&ipc=B05&ipc=B06&ipc=B07&ipc=B08&ipc=B09&ipc=B21&ipc=B22&ipc=B23&ipc=B24&ipc=B25&ipc=B26&ipc=B27&ipc=B28&ipc=B29&ipc=B30&ipc=B31&ipc=B32&ipc=B41&ipc=B42&ipc=B43&ipc=B44&ipc=B60&ipc=B61&ipc=B62&ipc=B63&ipc=B64&ipc=B65&ipc=B66&ipc=B67&ipc=B68&ipc=B81&ipc=B82&ipc=C&ipc=C01&ipc=C02&ipc=C03&ipc=C04&ipc=C05&ipc=C06&ipc=C07&ipc=C08&ipc=C09&ipc=C10&ipc=C11&ipc=C12&ipc=C13&ipc=C14&ipc=C21&ipc=C22&ipc=C23&ipc=C25&ipc=C30&ipc=C40&ipc=D&ipc=D01&ipc=D02&ipc=D03&ipc=D04&ipc=D05&ipc=D06&ipc=D07&ipc=D21&ipc=E&ipc=E01&ipc=E02&ipc=E03&ipc=E04&ipc=E05&ipc=E06&ipc=E21&ipc=F&ipc=F01&ipc=F02&ipc=F03&ipc=F04&ipc=F15&ipc=F16&ipc=F17&ipc=F21&ipc=F22&ipc=F23&ipc=F24&ipc=F25&ipc=F26&ipc=F27&ipc=F28&ipc=F41&ipc=F42&ipc=G&ipc=G01&ipc=G02&ipc=G03&ipc=G04&ipc=G05&ipc=G06&ipc=G07&ipc=G08&ipc=G09&ipc=G10&ipc=G11&ipc=G12&ipc=G21&ipc=H&ipc=H01&ipc=H02&ipc=H03&ipc=H04&ipc=H05&ipc=UNK&lang=en 
High-tech patent applications to the EPO by priority year by NUTS 3 region (1977-2012) ;NUTS3;pat_ep_rtec;https://ec.europa.eu/eurostat/api/dissemination/statistics/1.0/data/pat_ep_rtec?format=JSON&geo=ITH20&unit=NR&unit=GDP_BEUR&unit=P_MHAB&unit=P_MACT&ipc=HT&ipc=AVI&ipc=CAB&ipc=CTE&ipc=LSR&ipc=MGE&ipc=SMC&lang=en 
Patent applications to the EPO by country of applicants and inventors (2004 and onwards);country;pat_ep_tot;https://ec.europa.eu/eurostat/api/dissemination/statistics/1.0/data/pat_ep_tot?format=JSON&geo=SI&unit=NR&unit=P_MHAB&coop_ptn=APPL&coop_ptn=INVT&lang=en 
Guest nights spent at short-stay accommodation offered via collaborative economy platforms by NUTS 3 region - experimental statistics (2018-2023);NUTS3;tour_ce_oan3;https://ec.europa.eu/eurostat/api/dissemination/statistics/1.0/data/tour_ce_oan3?format=JSON&geo=ITH20&unit=NR&indic_to=NGT_SP&c_resid=DOM&c_resid=FOR&c_resid=TOTAL&lang=en 
Households with access to the internet at home;NUTS2;ISOC_R_IACC_H;https://ec.europa.eu/eurostat/api/dissemination/statistics/1.0/data/isoc_r_iacc_h?format=JSON&geo=ITH2&unit=PC_HH&lang=en 
Households with broadband access;NUTS2;ISOC_R_BROAD_H;https://ec.europa.eu/eurostat/api/dissemination/statistics/1.0/data/isoc_r_broad_h?format=JSON&geo=ITH2&unit=PC_HH&unit=PC_HH_IACC&lang=en 
Individuals who used the internet, frequency of use and activities;NUTS2;ISOC_R_IUSE_I;https://ec.europa.eu/eurostat/api/dissemination/statistics/1.0/data/isoc_r_iuse_i?format=JSON&geo=ITH2&unit=PC_IND&unit=PC_IND_IU3&indic_is=I_IUSE&indic_is=I_IDAY&indic_is=I_IUSNET&indic_is=I_IUBK&indic_is=I_IUSELL&indic_is=I_IUCPP&indic_is=I_IU3&indic_is=I_ILT12&indic_is=I_IUX&lang=en 
Individuals who used the internet for interaction with public authorities;NUTS2;ISOC_R_GOV_I;https://ec.europa.eu/eurostat/api/dissemination/statistics/1.0/data/isoc_r_gov_i?format=JSON&geo=ITH2&unit=PC_IND&unit=PC_IND_ILT12&indic_is=I_IUGOV12&indic_is=I_IGOV12RT&lang=en 
Individuals who ordered goods or services over the internet for private use;NUTS2;ISOC_R_BLT12_I;https://ec.europa.eu/eurostat/api/dissemination/statistics/1.0/data/isoc_r_blt12_i?format=JSON&geo=ITH2&unit=PC_IND&unit=PC_IND_ILT12&unit=PC_IND_IU3&unit=PC_IND_BLT12&indic_is=I_BUY3&indic_is=I_B3_12&indic_is=I_BLT12&indic_is=I_BUMT12&indic_is=I_BUMT12X&indic_is=I_BPG_EU&indic_is=I_BHOLS&indic_is=I_BFEU&lang=en 
Use of computers and the internet by employees, by NACE Rev. 2 activity and NUTS 2 region (microenterprises are excluded);NUTS2;ISOC_R_CI_CM_PN2;https://ec.europa.eu/eurostat/api/dissemination/statistics/1.0/data/isoc_r_ci_cm_pn2?format=JSON&geo=ITH2&unit=PC_EMP&nace_r2=C-F&nace_r2=C-E&nace_r2=C&nace_r2=C10-S951_X_K&nace_r2=D_E&nace_r2=F&nace_r2=G&nace_r2=G45-S951_X_K&nace_r2=H&nace_r2=I&nace_r2=J&nace_r2=L_M&nace_r2=N&size_emp=GE10&indic_is=P_IUSE&lang=en 
Internet access by NACE Rev. 2 activity and NUTS 2 region;NUTS2;ISOC_R_CI_IN_EN2;https://ec.europa.eu/eurostat/api/dissemination/statistics/1.0/data/isoc_r_ci_in_en2?format=JSON&geo=ITH2&unit=PC_ENT&nace_r2=C-F&nace_r2=C-E&nace_r2=C&nace_r2=C10-S951_X_K&nace_r2=D_E&nace_r2=F&nace_r2=G&nace_r2=G45-S951_X_K&nace_r2=H&nace_r2=I&nace_r2=J&nace_r2=L_M&nace_r2=N&size_emp=GE10&indic_is=E_IUSE&indic_is=E_IUSE_GT10&indic_is=E_IUSE_GT50&indic_is=E_IUSE_GE10A&lang=en 
Type of connections to the internet by NACE Rev. 2 activity and NUTS 2 region;NUTS2;ISOC_R_CI_IT_EN2;https://ec.europa.eu/eurostat/api/dissemination/statistics/1.0/data/isoc_r_ci_it_en2?format=JSON&geo=ITH2&unit=PC_ENT&unit=PC_ENT_FIXBB&unit=PC_ENT_IUSE&nace_r2=C-F&nace_r2=C-E&nace_r2=C&nace_r2=C10-S951_X_K&nace_r2=D_E&nace_r2=F&nace_r2=G&nace_r2=G45-S951_X_K&nace_r2=H&nace_r2=I&nace_r2=J&nace_r2=L_M&nace_r2=N&size_emp=GE10&indic_is=E_FIXBB&indic_is=E_ISPDF_LT30&indic_is=E_ISPDF_100_500&indic_is=E_ISPDF_500_1G&indic_is=E_ISPDF_GE1G&indic_is=E_ISPDF1_30_100&indic_is=E_ISPDF1_GE30&indic_is=E_ISPDF1_GE100&lang=en 
Cloud computing services by NACE Rev. 2 activity and NUTS 2 region;NUTS2;ISOC_R_CICCE_USEN2;https://ec.europa.eu/eurostat/api/dissemination/statistics/1.0/data/isoc_r_cicce_usen2?format=JSON&geo=ITH2&unit=PC_ENT&unit=PC_ENT_IUSE&nace_r2=C-F&nace_r2=C-E&nace_r2=C&nace_r2=C10-S951_X_K&nace_r2=D_E&nace_r2=F&nace_r2=G&nace_r2=G45-S951_X_K&nace_r2=H&nace_r2=I&nace_r2=J&nace_r2=L_M&nace_r2=N&size_emp=GE10&indic_is=E_CC&indic_is=E_CCX&lang=en 
Artificial intelligence by NACE Rev. 2 activity and NUTS 2 region;NUTS2;ISOC_R_EB_AIN2;https://ec.europa.eu/eurostat/api/dissemination/statistics/1.0/data/isoc_r_eb_ain2?format=JSON&geo=ITH2&unit=PC_ENT&unit=PC_ENT_IUSE&nace_r2=C-F&nace_r2=C-E&nace_r2=C&nace_r2=C10-S951_X_K&nace_r2=D_E&nace_r2=F&nace_r2=G&nace_r2=G45-S951_X_K&nace_r2=H&nace_r2=I&nace_r2=J&nace_r2=L_M&nace_r2=N&size_emp=GE10&indic_is=E_AI_TTM&indic_is=E_AI_TSR&indic_is=E_AI_TNLG&indic_is=E_AI_TIR&indic_is=E_AI_TML&indic_is=E_AI_TPA&indic_is=E_AI_TAR&indic_is=E_AI_TANY&indic_is=E_AI_TX&indic_is=E_AI_TGE2&indic_is=E_AI_TGE3&indic_is=E_AI_CC&lang=en 
Integration with customers/suppliers, supply chain management by NACE Rev. 2 activity and NUTS 2 region;NUTS2;ISOC_R_EB_ICSN2;https://ec.europa.eu/eurostat/api/dissemination/statistics/1.0/data/isoc_r_eb_icsn2?format=JSON&geo=ITH2&unit=PC_ENT&unit=PC_ENT_IUSE&nace_r2=C-F&nace_r2=C-E&nace_r2=C&nace_r2=C10-S951_X_K&nace_r2=D_E&nace_r2=F&nace_r2=G&nace_r2=G45-S951_X_K&nace_r2=H&nace_r2=I&nace_r2=J&nace_r2=L_M&nace_r2=N&size_emp=GE10&indic_is=E_INV4S_AP&indic_is=E_INV4S_EMP&indic_is=E_INV4S_PMP&lang=en 
Integration of internal processes by NACE Rev. 2 activity and NUTS 2 region;NUTS2;ISOC_R_EB_IIPN2;https://ec.europa.eu/eurostat/api/dissemination/statistics/1.0/data/isoc_r_eb_iipn2?format=JSON&geo=ITH2&unit=PC_ENT&unit=PC_ENT_IUSE&nace_r2=C-F&nace_r2=C-E&nace_r2=C&nace_r2=C10-S951_X_K&nace_r2=D_E&nace_r2=F&nace_r2=G&nace_r2=G45-S951_X_K&nace_r2=H&nace_r2=I&nace_r2=J&nace_r2=L_M&nace_r2=N&size_emp=GE10&indic_is=E_ERP1&indic_is=E_CRM1&indic_is=E_ITBI&indic_is=E_BSANY&lang=en 
E-commerce sales of enterprises by NACE Rev. 2 activity and NUTS 2 region;NUTS2;ISOC_R_EC_ESELN2;https://ec.europa.eu/eurostat/api/dissemination/statistics/1.0/data/isoc_r_ec_eseln2?format=JSON&geo=ITH2&unit=PC_ENT&unit=PC_ENT_IUSE&nace_r2=C-F&nace_r2=C-E&nace_r2=C&nace_r2=C10-S951_X_K&nace_r2=D_E&nace_r2=F&nace_r2=G&nace_r2=G45-S951_X_K&nace_r2=H&nace_r2=I&nace_r2=J&nace_r2=L_M&nace_r2=N&size_emp=GE10&indic_is=E_AWSELL&lang=en 
Value of e-commerce sales by NACE Rev. 2 activity and NUTS 2 region;NUTS2;ISOC_R_EC_EVALN2;https://ec.europa.eu/eurostat/api/dissemination/statistics/1.0/data/isoc_r_ec_evaln2?format=JSON&geo=ITH2&unit=PC_TURN&nace_r2=C-F&nace_r2=C-E&nace_r2=C&nace_r2=C10-S951_X_K&nace_r2=D_E&nace_r2=F&nace_r2=G&nace_r2=G45-S951_X_K&nace_r2=H&nace_r2=I&nace_r2=J&nace_r2=L_M&nace_r2=N&size_emp=GE10&indic_is=E_AWSVAL&lang=en 
Data analytics by NACE Rev. 2 activity and NUTS 2 region;NUTS2;ISOC_R_EB_DAN2;https://ec.europa.eu/eurostat/api/dissemination/statistics/1.0/data/isoc_r_eb_dan2?format=JSON&geo=ITH2&unit=PC_ENT&unit=PC_ENT_IUSE&size_emp=GE10&nace_r2=C-F&nace_r2=C-E&nace_r2=C&nace_r2=C10-S951_X_K&nace_r2=D_E&nace_r2=F&nace_r2=G&nace_r2=G45-S951_X_K&nace_r2=H&nace_r2=I&nace_r2=J&nace_r2=L_M&nace_r2=N&indic_is=E_DAOWN&lang=en
Structure of agricultural holdings by NUTS 3 region - main indicators;NUTS3;ef_r_nuts;https://ec.europa.eu/eurostat/api/dissemination/statistics/1.0/data/ef_r_nuts?format=JSON&geo=ITH20&ind_farm=039&ind_farm=040&ind_farm=042&ind_farm=044&ind_farm=046&ind_farm=048&ind_farm=050&ind_farm=052&ind_farm=054&ind_farm=056&ind_farm=058&ind_farm=060&ind_farm=062&ind_farm=064&ind_farm=066&ind_farm=068&ind_farm=070&ind_farm=072&ind_farm=074&ind_farm=076&ind_farm=078&ind_farm=080&ind_farm=082&ind_farm=084&ind_farm=087&ind_farm=099&ind_farm=101&ind_farm=103&ind_farm=105&ind_farm=107&ind_farm=109&lang=en
Nights spent at tourist accommodation establishments by NUTS 3 region (from 2020 onwards);NUTS3;tour_occ_nin3;https://ec.europa.eu/eurostat/api/dissemination/statistics/1.0/data/tour_occ_nin3?format=JSON&geo=ITH20&unit=NR&unit=P_THAB&unit=PCH_PRE&c_resid=DOM&c_resid=FOR&c_resid=TOTAL&nace_r2=I551-I553&nace_r2=I551&nace_r2=I552_I553&nace_r2=I552&nace_r2=I553&lang=en
Private households by household composition, size and NUTS 3 region;NUTS3;cens_21hhcs_r3;https://ec.europa.eu/eurostat/api/dissemination/statistics/1.0/data/cens_21hhcs_r3?format=JSON&geo=ITH20&unit=NR&n_person=TOTAL&n_person=1&n_person=2&n_person=3&n_person=3-5&n_person=4&n_person=5&n_person=6-10&n_person=GE11&hhcomp=TOTAL&hhcomp=FAM1&hhcomp=CPL&hhcomp=CPL_NCH&hhcomp=M1_CH&hhcomp=F1_CH&hhcomp=FAM_GE2&hhcomp=NFAM&hhcomp=P1&hhcomp=MULTI&lang=en
Road accidents by NUTS 3 region;NUTS3;tran_sf_roadnu;https://ec.europa.eu/eurostat/api/dissemination/statistics/1.0/data/tran_sf_roadnu?format=JSON&geo=ITH20&unit=NR&unit=P_MHAB&lang=en
Projected life expectancy by age (reached during the year), sex, type of projection and NUTS 3 region;NUTS3;proj_19ralexp3;https://ec.europa.eu/eurostat/api/dissemination/statistics/1.0/data/proj_19ralexp3?format=JSON&geo=ITH20&unit=NR&unit=YR&projection=BSL&age=Y_LT1&age=Y1&age=Y2&age=Y3&age=Y4&age=Y5&age=Y6&age=Y7&age=Y8&age=Y9&age=Y10&age=Y11&age=Y12&age=Y13&age=Y14&age=Y15&age=Y16&age=Y17&age=Y18&age=Y19&age=Y20&age=Y21&age=Y22&age=Y23&age=Y24&age=Y25&age=Y26&age=Y27&age=Y28&age=Y29&age=Y30&age=Y31&age=Y32&age=Y33&age=Y34&age=Y35&age=Y36&age=Y37&age=Y38&age=Y39&age=Y40&age=Y41&age=Y42&age=Y43&age=Y44&age=Y45&age=Y46&age=Y47&age=Y48&age=Y49&age=Y50&age=Y51&age=Y52&age=Y53&age=Y54&age=Y55&age=Y56&age=Y57&age=Y58&age=Y59&age=Y60&age=Y61&age=Y62&age=Y63&age=Y64&age=Y65&age=Y66&age=Y67&age=Y68&age=Y69&age=Y70&age=Y71&age=Y72&age=Y73&age=Y74&age=Y75&age=Y76&age=Y77&age=Y78&age=Y79&age=Y80&age=Y81&age=Y82&age=Y83&age=Y84&age=Y85&age=Y86&age=Y87&age=Y88&age=Y89&age=Y90&age=Y91&age=Y92&age=Y93&age=Y94&age=Y95&age=Y96&age=Y97&age=Y98&age=Y99&age=Y_GE100&sex=M&sex=F&lang=en
National road freight transport by region of loading (NUTS 3) and type of goods (t) - annual data (from 2008 onwards);NUTS3;road_go_na_rl3g;https://ec.europa.eu/eurostat/api/dissemination/statistics/1.0/data/road_go_na_rl3g?format=JSON&geo=ITH20&unit=THS_T&nst07=TOTAL&nst07=GT01&nst07=GT02&nst07=GT03&nst07=GT04&nst07=GT05&nst07=GT06&nst07=GT07&nst07=GT08&nst07=GT09&nst07=GT10&nst07=GT11&nst07=GT12&nst07=GT13&nst07=GT14&nst07=GT15&nst07=GT16&nst07=GT17&nst07=GT18&nst07=GT19&nst07=GT20&nst07=UNK&lang=en
National road freight transport by region of loading (NUTS 3) and type of goods (t) - annual data (from 2008 onwards);NUTS3;ROAD_GO_NA_RL3G;https://ec.europa.eu/eurostat/api/dissemination/statistics/1.0/data/road_go_na_rl3g?format=JSON&geo=SI044&unit=THS_T&nst07=TOTAL&nst07=GT01&nst07=GT02&nst07=GT03&nst07=GT04&nst07=GT05&nst07=GT06&nst07=GT07&nst07=GT08&nst07=GT09&nst07=GT10&nst07=GT11&nst07=GT12&nst07=GT13&nst07=GT14&nst07=GT15&nst07=GT16&nst07=GT17&nst07=GT18&nst07=GT19&nst07=GT20&nst07=UNK&lang=en
National road freight transport by region of unloading (NUTS 3) and type of goods (t) - annual data (from 2008 onwards);NUTS3;ROAD_GO_NA_RU3G;https://ec.europa.eu/eurostat/api/dissemination/statistics/1.0/data/road_go_na_ru3g?format=JSON&geo=SI044&unit=THS_T&nst07=TOTAL&nst07=GT01&nst07=GT02&nst07=GT03&nst07=GT04&nst07=GT05&nst07=GT06&nst07=GT07&nst07=GT08&nst07=GT09&nst07=GT10&nst07=GT11&nst07=GT12&nst07=GT13&nst07=GT14&nst07=GT15&nst07=GT16&nst07=GT17&nst07=GT18&nst07=GT19&nst07=GT20&nst07=UNK&lang=en
Railway transport - national and international railway passengers transport by embarking/disembarking NUTS 2 region;Country;TRAN_R_RAPA;https://ec.europa.eu/eurostat/api/dissemination/statistics/1.0/data/tran_r_rapa?format=JSON&sinceTimePeriod=2015&geo=SI&unit=PAS&c_unload=BE10&c_unload=BE21&c_unload=BE22&c_unload=BE23&c_unload=BE24&c_unload=BE25&c_unload=BE31&c_unload=BE32&c_unload=BE33&c_unload=BE34&c_unload=BE35&c_unload=BEXX&c_unload=BG&c_unload=BG31&c_unload=BG32&c_unload=BG33&c_unload=BG34&c_unload=BG41&c_unload=BG42&c_unload=BGXX&c_unload=CZ01&c_unload=CZ02&c_unload=CZ03&c_unload=CZ04&c_unload=CZ05&c_unload=CZ06&c_unload=CZ07&c_unload=CZ08&c_unload=CZZZ&c_unload=CZXX&c_unload=DK&c_unload=DK01&c_unload=DK02&c_unload=DK03&c_unload=DK04&c_unload=DK05&c_unload=DKZZ&c_unload=DKXX&c_unload=DE1&c_unload=DE11&c_unload=DE12&c_unload=DE13&c_unload=DE14&c_unload=DE2&c_unload=DE21&c_unload=DE22&c_unload=DE23&c_unload=DE24&c_unload=DE25&c_unload=DE26&c_unload=DE27&c_unload=DE30&c_unload=DE40&c_unload=DE41&c_unload=DE42&c_unload=DE50&c_unload=DE60&c_unload=DE7&c_unload=DE71&c_unload=DE72&c_unload=DE73&c_unload=DE80&c_unload=DE9&c_unload=DE91&c_unload=DE92&c_unload=DE93&c_unload=DE94&c_unload=DEA&c_unload=DEA1&c_unload=DEA2&c_unload=DEA3&c_unload=DEA4&c_unload=DEA5&c_unload=DEB&c_unload=DEB1&c_unload=DEB2&c_unload=DEB3&c_unload=DEC0&c_unload=DED&c_unload=DED1&c_unload=DED2&c_unload=DED3&c_unload=DED4&c_unload=DED5&c_unload=DEE0&c_unload=DEE1&c_unload=DEE2&c_unload=DEE3&c_unload=DEF0&c_unload=DEG0&c_unload=DEZZ&c_unload=DEXX&c_unload=EE&c_unload=EEXX&c_unload=IE04&c_unload=IE01&c_unload=IE02&c_unload=IEXX&c_unload=EL11&c_unload=EL12&c_unload=EL13&c_unload=EL14&c_unload=EL23&c_unload=EL24&c_unload=EL25&c_unload=EL30&c_unload=EL52&c_unload=ELXX&c_unload=ES11&c_unload=ES12&c_unload=ES13&c_unload=ES21&c_unload=ES22&c_unload=ES23&c_unload=ES24&c_unload=ES30&c_unload=ES41&c_unload=ES42&c_unload=ES43&c_unload=ES51&c_unload=ES52&c_unload=ES61&c_unload=ES62&c_unload=ESXX&c_unload=FR10&c_unload=FRB0&c_unload=FRC1&c_unload=FRC2&c_unload=FRD1&c_unload=FRD2&c_unload=FRE1&c_unload=FRE2&c_unload=FRF1&c_unload=FRF2&c_unload=FRF3&c_unload=FRG0&c_unload=FRH0&c_unload=FRI1&c_unload=FRI2&c_unload=FRI3&c_unload=FRJ1&c_unload=FRJ2&c_unload=FRK1&c_unload=FRK2&c_unload=FRL0&c_unload=FRM0&c_unload=FR21&c_unload=FR22&c_unload=FR23&c_unload=FR24&c_unload=FR25&c_unload=FR26&c_unload=FR30&c_unload=FR41&c_unload=FR42&c_unload=FR43&c_unload=FR51&c_unload=FR52&c_unload=FR53&c_unload=FR61&c_unload=FR62&c_unload=FR63&c_unload=FR71&c_unload=FR72&c_unload=FR81&c_unload=FR82&c_unload=FR83&c_unload=FRXX&c_unload=HR&c_unload=HR02&c_unload=HR03&c_unload=HR04&c_unload=HR05&c_unload=HR06&c_unload=HRXX&c_unload=HR01&c_unload=ITC1&c_unload=ITC2&c_unload=ITC3&c_unload=ITC4&c_unload=ITD1&c_unload=ITD2&c_unload=ITD3&c_unload=ITD4&c_unload=ITD5&c_unload=ITE1&c_unload=ITE2&c_unload=ITE3&c_unload=ITE4&c_unload=ITF1&c_unload=ITF2&c_unload=ITF3&c_unload=ITF4&c_unload=ITF5&c_unload=ITF6&c_unload=ITG1&c_unload=ITG2&c_unload=ITH1&c_unload=ITH2&c_unload=ITH3&c_unload=ITH4&c_unload=ITH5&c_unload=ITI1&c_unload=ITI2&c_unload=ITI3&c_unload=ITI4&c_unload=ITXX&c_unload=LV&c_unload=LVXX&c_unload=LT&c_unload=LT02&c_unload=LTXX&c_unload=LU&c_unload=LUXX&c_unload=HU11&c_unload=HU12&c_unload=HU10&c_unload=HU21&c_unload=HU22&c_unload=HU23&c_unload=HU31&c_unload=HU32&c_unload=HU33&c_unload=HUZZ&c_unload=HUXX&c_unload=NL11&c_unload=NL12&c_unload=NL13&c_unload=NL21&c_unload=NL22&c_unload=NL23&c_unload=NL31&c_unload=NL32&c_unload=NL33&c_unload=NL34&c_unload=NL41&c_unload=NL42&c_unload=NLXX&c_unload=AT11&c_unload=AT12&c_unload=AT13&c_unload=AT21&c_unload=AT22&c_unload=AT31&c_unload=AT32&c_unload=AT33&c_unload=AT34&c_unload=ATXX&c_unload=PL11&c_unload=PL12&c_unload=PL21&c_unload=PL22&c_unload=PL31&c_unload=PL32&c_unload=PL33&c_unload=PL34&c_unload=PL41&c_unload=PL42&c_unload=PL43&c_unload=PL51&c_unload=PL52&c_unload=PL61&c_unload=PL62&c_unload=PL63&c_unload=PL71&c_unload=PL72&c_unload=PL81&c_unload=PL82&c_unload=PL84&c_unload=PL91&c_unload=PL92&c_unload=PLXX&c_unload=PT11&c_unload=PT15&c_unload=PT16&c_unload=PT17&c_unload=PT18&c_unload=PTXX&c_unload=RO&c_unload=RO11&c_unload=RO12&c_unload=RO21&c_unload=RO22&c_unload=RO31&c_unload=RO32&c_unload=RO41&c_unload=RO42&c_unload=ROZZ&c_unload=ROXX&c_unload=SI&c_unload=SI03&c_unload=SI01&c_unload=SI04&c_unload=SI02&c_unload=SIZZ&c_unload=SIXX&c_unload=SK01&c_unload=SK02&c_unload=SK03&c_unload=SK04&c_unload=SKXX&c_unload=FI13&c_unload=FI18&c_unload=FI19&c_unload=FI1A&c_unload=FI1B&c_unload=FI1C&c_unload=FI1D&c_unload=FIXX&c_unload=SE11&c_unload=SE12&c_unload=SE21&c_unload=SE22&c_unload=SE23&c_unload=SE31&c_unload=SE32&c_unload=SE33&c_unload=SEZZ&c_unload=SEXX&c_unload=LI&c_unload=LIXX&c_unload=NO01&c_unload=NO02&c_unload=NO03&c_unload=NO04&c_unload=NO05&c_unload=NO06&c_unload=NO07&c_unload=NO08&c_unload=NO09&c_unload=NO0A&c_unload=NOXX&c_unload=CH01&c_unload=CH02&c_unload=CH03&c_unload=CH04&c_unload=CH05&c_unload=CH06&c_unload=CH07&c_unload=CHZZ&c_unload=CHXX&c_unload=UKC1&c_unload=UKC2&c_unload=UKD1&c_unload=UKD2&c_unload=UKD3&c_unload=UKD4&c_unload=UKD5&c_unload=UKD6&c_unload=UKD7&c_unload=UKE1&c_unload=UKE2&c_unload=UKE3&c_unload=UKE4&c_unload=UKF1&c_unload=UKF2&c_unload=UKF3&c_unload=UKG1&c_unload=UKG2&c_unload=UKG3&c_unload=UKH1&c_unload=UKH2&c_unload=UKH3&c_unload=UKI1&c_unload=UKI2&c_unload=UKI3&c_unload=UKI4&c_unload=UKI5&c_unload=UKI6&c_unload=UKI7&c_unload=UKJ1&c_unload=UKJ2&c_unload=UKJ3&c_unload=UKJ4&c_unload=UKK1&c_unload=UKK2&c_unload=UKK3&c_unload=UKK4&c_unload=UKL1&c_unload=UKL2&c_unload=UKM1&c_unload=UKM2&c_unload=UKM3&c_unload=UKM4&c_unload=UKM5&c_unload=UKM6&c_unload=UKN0&c_unload=UKZZ&c_unload=UKXX&c_unload=BA&c_unload=ME00&c_unload=MEXX&c_unload=MD&c_unload=MK&c_unload=MKXX&c_unload=RS&c_unload=RSXX&c_unload=TR&c_unload=TR10&c_unload=TR21&c_unload=TR22&c_unload=TR31&c_unload=TR32&c_unload=TR33&c_unload=TR41&c_unload=TR42&c_unload=TR51&c_unload=TR52&c_unload=TR61&c_unload=TR62&c_unload=TR63&c_unload=TR71&c_unload=TR72&c_unload=TR81&c_unload=TR82&c_unload=TR83&c_unload=TRA1&c_unload=TRA2&c_unload=TRB1&c_unload=TRB2&c_unload=TRC1&c_unload=TRC2&c_unload=TRC3&c_unload=TRXX&c_unload=UA&c_unload=BY&c_unload=MC&c_unload=RU&c_unload=SM&c_unload=RS_ME&c_unload=TN&c_unload=US&c_unload=KZ&c_unload=JP&c_unload=UNK&c_load=BE10&c_load=BE21&c_load=BE22&c_load=BE23&c_load=BE24&c_load=BE25&c_load=BE31&c_load=BE32&c_load=BE33&c_load=BE34&c_load=BE35&c_load=BEXX&c_load=BG&c_load=BG31&c_load=BG32&c_load=BG33&c_load=BG34&c_load=BG41&c_load=BG42&c_load=BGXX&c_load=CZ01&c_load=CZ02&c_load=CZ03&c_load=CZ04&c_load=CZ05&c_load=CZ06&c_load=CZ07&c_load=CZ08&c_load=CZZZ&c_load=CZXX&c_load=DK&c_load=DK01&c_load=DK02&c_load=DK03&c_load=DK04&c_load=DK05&c_load=DKXX&c_load=DE1&c_load=DE11&c_load=DE12&c_load=DE13&c_load=DE14&c_load=DE2&c_load=DE21&c_load=DE22&c_load=DE23&c_load=DE24&c_load=DE25&c_load=DE26&c_load=DE27&c_load=DE30&c_load=DE40&c_load=DE41&c_load=DE42&c_load=DE50&c_load=DE60&c_load=DE7&c_load=DE71&c_load=DE72&c_load=DE73&c_load=DE80&c_load=DE9&c_load=DE91&c_load=DE92&c_load=DE93&c_load=DE94&c_load=DEA&c_load=DEA1&c_load=DEA2&c_load=DEA3&c_load=DEA4&c_load=DEA5&c_load=DEB&c_load=DEB1&c_load=DEB2&c_load=DEB3&c_load=DEC0&c_load=DED&c_load=DED1&c_load=DED2&c_load=DED3&c_load=DED4&c_load=DED5&c_load=DEE0&c_load=DEE1&c_load=DEE2&c_load=DEE3&c_load=DEF0&c_load=DEG0&c_load=DEZZ&c_load=DEXX&c_load=EE&c_load=EEXX&c_load=IE04&c_load=IE01&c_load=IE02&c_load=IEXX&c_load=EL11&c_load=EL12&c_load=EL13&c_load=EL14&c_load=EL23&c_load=EL24&c_load=EL25&c_load=EL30&c_load=EL52&c_load=ELXX&c_load=ES11&c_load=ES12&c_load=ES13&c_load=ES21&c_load=ES22&c_load=ES23&c_load=ES24&c_load=ES30&c_load=ES41&c_load=ES42&c_load=ES43&c_load=ES51&c_load=ES52&c_load=ES61&c_load=ES62&c_load=ESXX&c_load=FR10&c_load=FRB0&c_load=FRC1&c_load=FRC2&c_load=FRD1&c_load=FRD2&c_load=FRE1&c_load=FRE2&c_load=FRF1&c_load=FRF2&c_load=FRF3&c_load=FRG0&c_load=FRH0&c_load=FRI1&c_load=FRI2&c_load=FRI3&c_load=FRJ1&c_load=FRJ2&c_load=FRK1&c_load=FRK2&c_load=FRL0&c_load=FRM0&c_load=FR21&c_load=FR22&c_load=FR23&c_load=FR24&c_load=FR25&c_load=FR26&c_load=FR30&c_load=FR41&c_load=FR42&c_load=FR43&c_load=FR51&c_load=FR52&c_load=FR53&c_load=FR61&c_load=FR62&c_load=FR63&c_load=FR71&c_load=FR72&c_load=FR81&c_load=FR82&c_load=FR83&c_load=FRXX&c_load=HR&c_load=HR02&c_load=HR03&c_load=HR04&c_load=HR05&c_load=HR06&c_load=HRXX&c_load=HR01&c_load=ITC1&c_load=ITC2&c_load=ITC3&c_load=ITC4&c_load=ITD1&c_load=ITD2&c_load=ITD3&c_load=ITD4&c_load=ITD5&c_load=ITE1&c_load=ITE2&c_load=ITE3&c_load=ITE4&c_load=ITF1&c_load=ITF2&c_load=ITF3&c_load=ITF4&c_load=ITF5&c_load=ITF6&c_load=ITG1&c_load=ITG2&c_load=ITH1&c_load=ITH2&c_load=ITH3&c_load=ITH4&c_load=ITH5&c_load=ITI1&c_load=ITI2&c_load=ITI3&c_load=ITI4&c_load=ITXX&c_load=LV&c_load=LVXX&c_load=LT&c_load=LT02&c_load=LTXX&c_load=LU&c_load=LUXX&c_load=HU11&c_load=HU12&c_load=HU10&c_load=HU21&c_load=HU22&c_load=HU23&c_load=HU31&c_load=HU32&c_load=HU33&c_load=HUZZ&c_load=HUXX&c_load=NL11&c_load=NL12&c_load=NL13&c_load=NL21&c_load=NL22&c_load=NL23&c_load=NL31&c_load=NL32&c_load=NL33&c_load=NL34&c_load=NL41&c_load=NL42&c_load=NLXX&c_load=AT11&c_load=AT12&c_load=AT13&c_load=AT21&c_load=AT22&c_load=AT31&c_load=AT32&c_load=AT33&c_load=AT34&c_load=ATXX&c_load=PL11&c_load=PL12&c_load=PL21&c_load=PL22&c_load=PL31&c_load=PL32&c_load=PL33&c_load=PL34&c_load=PL41&c_load=PL42&c_load=PL43&c_load=PL51&c_load=PL52&c_load=PL61&c_load=PL62&c_load=PL63&c_load=PL71&c_load=PL72&c_load=PL81&c_load=PL82&c_load=PL84&c_load=PL91&c_load=PL92&c_load=PLXX&c_load=PT11&c_load=PT15&c_load=PT16&c_load=PT17&c_load=PT18&c_load=PTXX&c_load=RO&c_load=RO11&c_load=RO12&c_load=RO21&c_load=RO22&c_load=RO31&c_load=RO32&c_load=RO41&c_load=RO42&c_load=ROXX&c_load=SI&c_load=SI03&c_load=SI01&c_load=SI04&c_load=SI02&c_load=SIZZ&c_load=SIXX&c_load=SK01&c_load=SK02&c_load=SK03&c_load=SK04&c_load=SKXX&c_load=FI13&c_load=FI18&c_load=FI19&c_load=FI1A&c_load=FI1B&c_load=FI1C&c_load=FI1D&c_load=FIXX&c_load=SE11&c_load=SE12&c_load=SE21&c_load=SE22&c_load=SE23&c_load=SE31&c_load=SE32&c_load=SE33&c_load=SEZZ&c_load=SEXX&c_load=LI&c_load=LIXX&c_load=NO01&c_load=NO02&c_load=NO03&c_load=NO04&c_load=NO05&c_load=NO06&c_load=NO07&c_load=NO08&c_load=NO09&c_load=NO0A&c_load=NOXX&c_load=CH01&c_load=CH02&c_load=CH03&c_load=CH04&c_load=CH05&c_load=CH06&c_load=CH07&c_load=CHZZ&c_load=CHXX&c_load=UKC1&c_load=UKC2&c_load=UKD1&c_load=UKD2&c_load=UKD3&c_load=UKD4&c_load=UKD5&c_load=UKD6&c_load=UKD7&c_load=UKE1&c_load=UKE2&c_load=UKE3&c_load=UKE4&c_load=UKF1&c_load=UKF2&c_load=UKF3&c_load=UKG1&c_load=UKG2&c_load=UKG3&c_load=UKH1&c_load=UKH2&c_load=UKH3&c_load=UKI1&c_load=UKI2&c_load=UKI3&c_load=UKI4&c_load=UKI5&c_load=UKI6&c_load=UKI7&c_load=UKJ1&c_load=UKJ2&c_load=UKJ3&c_load=UKJ4&c_load=UKK1&c_load=UKK2&c_load=UKK3&c_load=UKK4&c_load=UKL1&c_load=UKL2&c_load=UKM1&c_load=UKM2&c_load=UKM3&c_load=UKM4&c_load=UKM5&c_load=UKM6&c_load=UKN0&c_load=UKXX&c_load=BA&c_load=ME00&c_load=MEXX&c_load=MD&c_load=MK&c_load=MKXX&c_load=RS&c_load=RSXX&c_load=TR&c_load=TR10&c_load=TR21&c_load=TR22&c_load=TR31&c_load=TR32&c_load=TR33&c_load=TR41&c_load=TR42&c_load=TR51&c_load=TR52&c_load=TR61&c_load=TR62&c_load=TR63&c_load=TR71&c_load=TR72&c_load=TR81&c_load=TR82&c_load=TR83&c_load=TRA1&c_load=TRA2&c_load=TRB1&c_load=TRB2&c_load=TRC1&c_load=TRC2&c_load=TRC3&c_load=TRXX&c_load=UA&c_load=BY&c_load=MC&c_load=RU&c_load=SM&c_load=RS_ME&c_load=EG&c_load=MA&c_load=SH&c_load=US&c_load=KZ&c_load=JP&c_load=IR&c_load=IL&c_load=SA&c_load=UNK&lang=en
Stock of electric vehicles by category and NUTS 2 region;NUTS2;TRAN_R_ELVEHST;https://ec.europa.eu/eurostat/api/dissemination/statistics/1.0/data/tran_r_elvehst?format=JSON&geo=SI04&unit=NR&unit=PC&vehicle=VG_LE3P5&vehicle=CAR&vehicle=BUS_MCO_TRO&lang=en
Farm indicators by age and sex of the manager, economic size of the farm, utilised agricultural area and NUTS 2 region;NUTS2;EF_M_FARMANG;https://ec.europa.eu/eurostat/api/dissemination/statistics/1.0/data/ef_m_farmang?format=JSON&geo=SI04&unit=EUR&unit=HA&unit=AWU&unit=LSU&unit=HLD&sex=T&sex=M&sex=F&age=TOTAL&age=Y_LT25&age=Y25-34&age=Y35-39&age=Y35-44&age=Y40-44&age=Y45-54&age=Y55-64&age=Y_GE65&so_eur=TOTAL&so_eur=KE0&so_eur=KE_GT0_LT2&so_eur=KE2-3&so_eur=KE4-7&so_eur=KE8-14&so_eur=KE15-24&so_eur=KE25-49&so_eur=KE50-99&so_eur=KE100-249&so_eur=KE250-499&so_eur=KE_GE500&uaarea=TOTAL&uaarea=HA0&uaarea=HA_GT0_LT2&uaarea=HA2-4&uaarea=HA5-9&uaarea=HA10-19&uaarea=HA20-29&uaarea=HA30-49&uaarea=HA50-99&uaarea=HA_GE100&crops=UAA&lang=en
Farms and hectares by type of crops, utilised agricultural area, economic size and NUTS 2 region;NUTS2;EF_LUS_ALLCROPS;https://ec.europa.eu/eurostat/api/dissemination/statistics/1.0/data/ef_lus_allcrops?format=JSON&geo=SI04&unit=HA&unit=HLD&so_eur=TOTAL&so_eur=KE0&so_eur=KE_GT0_LT2&so_eur=KE2-3&so_eur=KE4-7&so_eur=KE8-14&so_eur=KE15-24&so_eur=KE25-49&so_eur=KE50-99&so_eur=KE100-249&so_eur=KE250-499&so_eur=KE_GE500&uaarea=TOTAL&uaarea=HA0&uaarea=HA_GT0_LT2&uaarea=HA2-4&uaarea=HA5-9&uaarea=HA10-19&uaarea=HA20-29&uaarea=HA30-49&uaarea=HA50-99&uaarea=HA_GE100&crops=UAA&crops=UAA09S&crops=UAAT&crops=UAAS&crops=ARA09S&crops=ARA&crops=C0000&crops=C1110&crops=C1120&crops=C1200&crops=C1300&crops=C1400&crops=C1500&crops=C1600_1700_1900&crops=C2000&crops=P0000&crops=P1000&crops=P9000&crops=R0000&crops=R1000&crops=R2000&crops=R9000&crops=I0000&crops=I1110&crops=I1120&crops=I1130&crops=I1140&crops=I1150_2300&crops=I1190&crops=I2000&crops=I2100&crops=I2200&crops=I2900&crops=I3000&crops=I4000&crops=I5000&crops=I6000_9000&crops=I9000&crops=G0000&crops=G0000X1000&crops=G1000&crops=G2000&crops=G3000&crops=G9000&crops=G9100&crops=G9900&crops=V0000_S0000&crops=V0000_S0000T&crops=V0000_S0000TO&crops=V0000_S0000TK&crops=V0000_S0000S&crops=N0000&crops=N0000T&crops=N0000S&crops=E0000&crops=ARA99&crops=Q0000&crops=J0000&crops=J1000&crops=J2000&crops=J3000TE&crops=PECR&crops=PECRT&crops=PECRS&crops=F0000&crops=F1000_2000&crops=F1000&crops=F1100&crops=F1200&crops=F2000&crops=F3000&crops=F4000&crops=T0000&crops=W1000&crops=W1100&crops=W1110_1120&crops=W1110&crops=W1120&crops=W1190&crops=W1200&crops=W1300&crops=O1000&crops=O1100&crops=O1910&crops=L0000&crops=PECR9_H9000&crops=X0000&crops=U1000&crops=SRCAA&lang=en
Main crops by NUTS 2 region;NUTS2;EF_LAC_MAIN;https://ec.europa.eu/eurostat/api/dissemination/statistics/1.0/data/ef_lac_main?format=JSON&geo=SI02&unit=HA&unit=HLD&unit=HA&unit=HLD&so_eur=TOTAL&so_eur=KE0&so_eur=KE_LT2&so_eur=KE2-3&so_eur=KE4-7&so_eur=KE8-14&so_eur=KE15-24&so_eur=KE25-49&so_eur=KE50-99&so_eur=KE100-249&so_eur=KE250-499&so_eur=KE_GE500&so_eur=TOTAL&so_eur=KE0&so_eur=KE_LT2&so_eur=KE2-3&so_eur=KE4-7&so_eur=KE8-14&so_eur=KE15-24&so_eur=KE25-49&so_eur=KE50-99&so_eur=KE100-249&so_eur=KE250-499&so_eur=KE_GE500&arable=TOTAL&arable=HA0&arable=HA_LT1&arable=HA1&arable=HA2-4&arable=HA5-9&arable=HA10-19&arable=HA20-29&arable=HA30-79&arable=HA80-149&arable=HA_GE150&arable=TOTAL&arable=HA0&arable=HA_LT1&arable=HA1&arable=HA2-4&arable=HA5-9&arable=HA10-19&arable=HA20-29&arable=HA30-79&arable=HA80-149&arable=HA_GE150&crops=ARA&crops=C0000&crops=C0000T&crops=P0000&crops=R0000&crops=I0000&crops=G0000&crops=V0000_S0000&crops=N0000&crops=E0000&crops=E0000T&crops=ARA99&crops=ARA99T&crops=Q0000&crops=Q0000T&crops=ARA&crops=C0000&crops=C0000T&crops=P0000&crops=R0000&crops=I0000&crops=G0000&crops=V0000_S0000&crops=N0000&crops=E0000&crops=E0000T&crops=ARA99&crops=ARA99T&crops=Q0000&crops=Q0000T&agrarea=TOTAL&agrarea=HA0&agrarea=HA_LT2&agrarea=HA2-4&agrarea=HA5-9&agrarea=HA10-19&agrarea=HA20-29&agrarea=HA30-49&agrarea=HA50-99&agrarea=HA_GE100&agrarea=TOTAL&agrarea=HA0&agrarea=HA_LT2&agrarea=HA2-4&agrarea=HA5-9&agrarea=HA10-19&agrarea=HA20-29&agrarea=HA30-49&agrarea=HA50-99&agrarea=HA_GE100&lang=en
Vegetables by NUTS 2 region;NUTS2;EF_LAC_VEGE;https://ec.europa.eu/eurostat/api/dissemination/statistics/1.0/data/ef_lac_vege?format=JSON&sinceTimePeriod=2016&geo=SI04&unit=HA&unit=HLD&so_eur=TOTAL&so_eur=KE0&so_eur=KE_LT2&so_eur=KE2-3&so_eur=KE4-7&so_eur=KE8-14&so_eur=KE15-24&so_eur=KE25-49&so_eur=KE50-99&so_eur=KE100-249&so_eur=KE250-499&so_eur=KE_GE500&croparea=TOTAL&croparea=HA0&croparea=HA_LT01&croparea=HA01&croparea=HA02&croparea=HA03-04&croparea=HA05-09&croparea=HA1&croparea=HA2-4&croparea=HA_GE5&crops=ARA&crops=V0000_S0000&crops=V0000_S0000T&crops=V0000_S0000TO&crops=V0000_S0000TK&crops=V0000_S0000S&agrarea=TOTAL&agrarea=HA0&agrarea=HA_LT2&agrarea=HA2-4&agrarea=HA5-9&agrarea=HA10-19&agrarea=HA20-29&agrarea=HA30-49&agrarea=HA50-99&agrarea=HA_GE100&lang=en
Main livestock indicators by NUTS 2 region;NUTS2;EF_LSK_MAIN;https://ec.europa.eu/eurostat/api/dissemination/statistics/1.0/data/ef_lsk_main?format=JSON&lastTimePeriod=1&geo=SI04&unit=LSU&unit=HD&unit=HLD&unit=HIVE&farmtype=TOTAL&farmtype=FT15_SO&farmtype=FT16_SO&farmtype=FT21_SO&farmtype=FT22_SO&farmtype=FT23_SO&farmtype=FT35_SO&farmtype=FT36_SO&farmtype=FT37_SO&farmtype=FT38_SO&farmtype=FT45_SO&farmtype=FT46_SO&farmtype=FT47_SO&farmtype=FT48_SO&farmtype=FT51_SO&farmtype=FT52_SO&farmtype=FT53_SO&farmtype=FT61_SO&farmtype=FT73_SO&farmtype=FT74_SO&farmtype=FT83_SO&farmtype=FT84_SO&farmtype=FT90_SO&so_eur=TOTAL&uaarea=TOTAL&lsu=TOTAL&animals=A0010&animals=A1000&animals=A2000&animals=A3100&animals=A4100&animals=A4200&animals=A5000&animals=A6111&animals=A6710R&animals=A6900A&lang=en
Beneficiary of rural development support measures by legal form, economic size and farm type of the agricultural holding and NUTS 2 region;NUTS2;EF_RD_LEG;https://ec.europa.eu/eurostat/api/dissemination/statistics/1.0/data/ef_rd_leg?format=JSON&geo=SI04&unit=HA&unit=HLD&leg_form=TOTAL&leg_form=PER_NTL&leg_form=PER_LEG&leg_form=HLD_GRP&leg_form=UNIT_CML&so_eur=TOTAL&so_eur=KE_GE0_LT2&so_eur=KE2-7&so_eur=KE8-24&so_eur=KE25-99&so_eur=KE_GE100&ruraldev=TOTAL&ruraldev=RDEV&ruraldev=RDEV_A&ruraldev=RDEV_A01&ruraldev=RDEV_A011&ruraldev=RDEV_A012&ruraldev=RDEV_A013&ruraldev=RDEV_A014&ruraldev=RDEV_A04&ruraldev=RDEV_A09&ruraldev=RDEV_A11&ruraldev=RDEV_A111&ruraldev=RDEV_A112&ruraldev=RDEV_B&ruraldev=RDEV_B01&ruraldev=RDEV_B05&ruraldev=RDEV_C&ruraldev=RDEV_C01&ruraldev=RDEV_C02&ruraldev=RDEV_C03&ruraldev=RDEV_C05&ruraldev=RDEV_D&ruraldev=RDEV_D01&ruraldev=RDEV_D011&ruraldev=RDEV_D012&ruraldev=RDEV_E&ruraldev=RDEV_E01&ruraldev=RDEV_E02&ruraldev=RDEV_F&ruraldev=RDEV_F03&ruraldev=RDEV_G&ruraldev=RDEV_G03&ruraldev=RDEV_G05&ruraldev=NRDEV&statinfo=TOTAL&statinfo=ABVTH&statinfo=BLWTH&farmtype=TOTAL&farmtype=CR&farmtype=LS&farmtype=OTH&lang=en
R&D personnel and researchers by sector of performance, sex and NUTS 2 region;NUTS2;RD_P_PERSREG;https://ec.europa.eu/eurostat/api/dissemination/statistics/1.0/data/rd_p_persreg?format=JSON&geo=SI04&unit=FTE&unit=HC&unit=PC_ACT_HC&unit=PC_ACT_FTE&unit=PC_EMP_HC&unit=PC_EMP_FTE&prof_pos=TOTAL&prof_pos=RSE&sex=T&sex=F&sectperf=TOTAL&sectperf=BES&sectperf=GOV&sectperf=HES&sectperf=PNP&lang=en
GERD (Gross Domestic Expenditure on Research and Development) by sector of performance and NUTS 2 region;NUTS2;RD_E_GERDREG;https://ec.europa.eu/eurostat/api/dissemination/statistics/1.0/data/rd_e_gerdreg?format=JSON&geo=SI04&unit=MIO_EUR&unit=EUR_HAB&unit=MIO_NAC&unit=PC_GDP&sectperf=TOTAL&sectperf=BES&sectperf=GOV&sectperf=HES&sectperf=PNP&lang=en
HRST (Human resources in Science and Technology) by category and NUTS 2 region;NUTS2;HRST_ST_RCAT;https://ec.europa.eu/eurostat/api/dissemination/statistics/1.0/data/hrst_st_rcat?format=JSON&geo=SI04&unit=THS_PER&unit=PC_POP&unit=PC_ACT&category=HRST&category=HRSTE&category=HRSTO&category=HRSTC&category=SE&lang=en
Employment in technology and knowledge-intensive sectors by NUTS 2 region and sex (from 2008 onwards, NACE Rev. 2);NUTS2;HTEC_EMP_REG2;https://ec.europa.eu/eurostat/api/dissemination/statistics/1.0/data/htec_emp_reg2?format=JSON&geo=SI04&unit=THS_PER&unit=PC_EMP&nace_r2=TOTAL&nace_r2=A_B&nace_r2=HTC&nace_r2=C&nace_r2=C_HTC_MH&nace_r2=C_HTC_M&nace_r2=C_HTC&nace_r2=C_LTC_LM&nace_r2=C_LTC_M&nace_r2=C_LTC&nace_r2=D-F&nace_r2=G-U&nace_r2=G_I_T&nace_r2=H49-H52_N79&nace_r2=KIS&nace_r2=KIS_HTC&nace_r2=KIS_MKT_OTH&nace_r2=KIS_OTH&nace_r2=LKIS&nace_r2=LKIS_MKT&nace_r2=LKIS_OTH&nace_r2=J&nace_r2=K_L&nace_r2=K&nace_r2=M&nace_r2=N&nace_r2=O_U&nace_r2=P&nace_r2=Q&nace_r2=R&nace_r2=S&nace_r2=OTH&nace_r2=UNK&sex=T&sex=M&sex=F&lang=en
Hospital discharges by diagnosis and NUTS 2 region, in-patients, total number - total;NUTS2;HLTH_CO_DISCH1T;https://ec.europa.eu/eurostat/api/dissemination/statistics/1.0/data/hlth_co_disch1t?format=JSON&geo=SI04&unit=NR&age=TOTAL&age=Y_LT1&age=Y1-4&age=Y5-9&age=Y10-14&age=Y15-19&age=Y20-24&age=Y25-29&age=Y30-34&age=Y35-39&age=Y40-44&age=Y45-49&age=Y50-54&age=Y55-59&age=Y60-64&age=Y65-69&age=Y70-74&age=Y75-79&age=Y80-84&age=Y85-89&age=Y90-94&age=Y_GE90&age=Y_GE95&age=UNK&indic_he=INPAT&sex=T&icd10=A-T_Z&icd10=A-T_Z_XNB&icd10=A_B&icd10=A15-A19_B90&icd10=A00-A08&icd10=A09&icd10=A40_A41&icd10=B20-B24&icd10=A_B_OTH&icd10=C00-D48&icd10=C18-C21&icd10=C33_C34&icd10=C43_C44&icd10=C50&icd10=C53-C55&icd10=C56&icd10=C61&icd10=C67&icd10=C_OTH&icd10=D00-D09&icd10=D12&icd10=D25&icd10=D00-D48_OTH&icd10=D50-D89&icd10=D50-D64&icd10=D65-D89&icd10=E&icd10=E10-E14&icd10=E_OTH&icd10=F&icd10=F00-F03&icd10=F10&icd10=F11-F19&icd10=F20-F29&icd10=F30-F39&icd10=F_OTH&icd10=G&icd10=G30&icd10=G35&icd10=G40_G41&icd10=G45&icd10=G_OTH&icd10=H00-H59&icd10=H25_H26_H28&icd10=H00-H59_OTH&icd10=H60-H95&icd10=I&icd10=I10-I15&icd10=I20&icd10=I21_I22&icd10=I23-I25&icd10=I26-I28&icd10=I44-I49&icd10=I50&icd10=I60-I69&icd10=I70&icd10=I83&icd10=I_OTH&icd10=J&icd10=J00-J11&icd10=J12-J18&icd10=J20-J22&icd10=J35&icd10=UPRESPIR_OTH&icd10=J45_J46&icd10=J40-J44_J47&icd10=J60-J99&icd10=K&icd10=K00-K08&icd10=K09-K14&icd10=K20-K23&icd10=K25-K28&icd10=K29-K31&icd10=K35-K38&icd10=K40&icd10=K41-K46&icd10=K50_K51&icd10=K52&icd10=K56&icd10=K57&icd10=K60-K62&icd10=INTESTINE_OTH&icd10=K70&icd10=K71-K77&icd10=K80&icd10=K81-K83&icd10=K85-K87&icd10=K_OTH&icd10=L&icd10=L00-L08&icd10=L20-L45&icd10=L_OTH&icd10=M&icd10=M16&icd10=M17&icd10=M23&icd10=ARTHROPAT_OTH&icd10=M30-M36&icd10=M40-M49&icd10=M50_M51&icd10=M54&icd10=M60-M79&icd10=M53_M80-M99&icd10=N&icd10=N00-N16&icd10=N17-N19&icd10=N20-N23&icd10=N25-N39&icd10=N40&icd10=N41-N51&icd10=N60-N64&icd10=N70-N77&icd10=N91-N95&icd10=N_OTH&icd10=O&icd10=O04&icd10=ABORT_OTH&icd10=O10-O48&icd10=O60-O75&icd10=O80&icd10=O81-O84&icd10=O85-O92&icd10=O95-O99&icd10=P&icd10=P07&icd10=P_OTH&icd10=Q&icd10=R&icd10=R07&icd10=R10&icd10=R69&icd10=R_OTH&icd10=S_T&icd10=INJ_OTH&icd10=S06&icd10=INJ_HEAD_OTH&icd10=S52&icd10=S72&icd10=S82&icd10=T20-T32&icd10=T36-T65&icd10=T80-T88&icd10=T90-T98&icd10=S_T_OTH&icd10=U_COV19&icd10=U_COV19_OTH&icd10=Z&icd10=Z03&icd10=Z30&icd10=Z38&icd10=Z51&icd10=Z_OTH&lang=en
Participation rates of selected age groups in education at regional level;NUTS2;EDUC_UOE_ENRA14;https://ec.europa.eu/eurostat/api/dissemination/statistics/1.0/data/educ_uoe_enra14?format=JSON&geo=SI04&unit=RT&age=Y4&age=Y15-24&age=Y17&age=Y20-24&lang=en
Participation rates in selected education levels at regional level;NUTS2;EDUC_UOE_ENRA15;https://ec.europa.eu/eurostat/api/dissemination/statistics/1.0/data/educ_uoe_enra15?format=JSON&sinceTimePeriod=2015&geo=SI04&unit=RT&isced11=ED0-8&isced11=ED02-8&isced11=ED1_2&isced11=ED5-8&lang=en
Students enrolled in tertiary education by education level, programme orientation, sex and NUTS 2 region;NUTS2;EDUC_UOE_ENRT06;https://ec.europa.eu/eurostat/api/dissemination/statistics/1.0/data/educ_uoe_enrt06?format=JSON&geo=SI04&unit=NR&isced11=ED5-8&isced11=ED5&isced11=ED54&isced11=ED55&isced11=ED6&isced11=ED7&isced11=ED8&sex=T&sex=M&sex=F&lang=en
Young people neither in employment nor in education and training by sex and NUTS 2 region (NEET rates);NUTS2;EDAT_LFSE_22;https://ec.europa.eu/eurostat/api/dissemination/statistics/1.0/data/edat_lfse_22?format=JSON&geo=SI04&unit=PC&sex=T&sex=M&sex=F&age=Y15-24&age=Y15-29&age=Y18-24&age=Y18-29&training=NO_FE_NO_NFE&wstatus=NEMP&lang=en
Number and capacity of recovery and disposal facilities by NUTS 2 region;NUTS2;ENV_WASFAC;https://ec.europa.eu/eurostat/api/dissemination/statistics/1.0/data/env_wasfac?format=JSON&geo=SI04&indic_env=CAP&indic_env=CAP_RST&indic_env=FAC&indic_env=FAC_CL&wst_oper=DSP_L_OTH&wst_oper=DSP_L&wst_oper=DSP_LH&wst_oper=DSP_LNH&wst_oper=DSP_LIN&wst_oper=DSP_I&wst_oper=DSP_OTH&wst_oper=RCV_E&wst_oper=RCV_R_B&wst_oper=RCV_R&wst_oper=RCV_B&lang=en
Mitigation of Environmental Pressures and Risks;NUTS3;NRG_CHDDR2_A;https://ec.europa.eu/eurostat/api/dissemination/statistics/1.0/data/nrg_chddr2_a?format=JSON&geo=SI044&unit=NR&indic_nrg=HDD&indic_nrg=CDD&lang=en
Population change - Demographic balance and crude rates at regional level (NUTS 3) ;NUTS3;demo_r_gind3;https://ec.europa.eu/eurostat/api/dissemination/statistics/1.0/data/demo_r_gind3?format=JSON&geo=SI044&indic_de=CNMIGRAT&indic_de=CNMIGRATRT&indic_de=DEATH&indic_de=GBIRTHRT&indic_de=GDEATHRT&indic_de=GROW&indic_de=GROWRT&indic_de=JAN&indic_de=LBIRTH&indic_de=NATGROW&indic_de=NATGROWRT&lang=en
National road freight transport by region of loading (NUTS 3) and type of goods (t) - annual data (from 2008 onwards);NUTS3;ROAD_GO_NA_RL3G;https://ec.europa.eu/eurostat/api/dissemination/statistics/1.0/data/road_go_na_rl3g?format=JSON&geo=BG315&unit=THS_T&nst07=TOTAL&nst07=GT01&nst07=GT02&nst07=GT03&nst07=GT04&nst07=GT05&nst07=GT06&nst07=GT07&nst07=GT08&nst07=GT09&nst07=GT10&nst07=GT11&nst07=GT12&nst07=GT13&nst07=GT14&nst07=GT15&nst07=GT16&nst07=GT17&nst07=GT18&nst07=GT19&nst07=GT20&nst07=UNK&lang=en
National road freight transport by region of unloading (NUTS 3) and type of goods (t) - annual data (from 2008 onwards);NUTS3;ROAD_GO_NA_RU3G;https://ec.europa.eu/eurostat/api/dissemination/statistics/1.0/data/road_go_na_ru3g?format=JSON&geo=BG315&unit=THS_T&nst07=TOTAL&nst07=GT01&nst07=GT02&nst07=GT03&nst07=GT04&nst07=GT05&nst07=GT06&nst07=GT07&nst07=GT08&nst07=GT09&nst07=GT10&nst07=GT11&nst07=GT12&nst07=GT13&nst07=GT14&nst07=GT15&nst07=GT16&nst07=GT17&nst07=GT18&nst07=GT19&nst07=GT20&nst07=UNK&lang=en
Railway transport - national and international railway passengers transport by embarking/disembarking NUTS 2 region;Country;TRAN_R_RAPA;https://ec.europa.eu/eurostat/api/dissemination/statistics/1.0/data/tran_r_rapa?format=JSON&sinceTimePeriod=2015&geo=BG&unit=PAS&c_unload=BE10&c_unload=BE21&c_unload=BE22&c_unload=BE23&c_unload=BE24&c_unload=BE25&c_unload=BE31&c_unload=BE32&c_unload=BE33&c_unload=BE34&c_unload=BE35&c_unload=BEXX&c_unload=BG&c_unload=BG31&c_unload=BG32&c_unload=BG33&c_unload=BG34&c_unload=BG41&c_unload=BG42&c_unload=BGXX&c_unload=CZ01&c_unload=CZ02&c_unload=CZ03&c_unload=CZ04&c_unload=CZ05&c_unload=CZ06&c_unload=CZ07&c_unload=CZ08&c_unload=CZZZ&c_unload=CZXX&c_unload=DK&c_unload=DK01&c_unload=DK02&c_unload=DK03&c_unload=DK04&c_unload=DK05&c_unload=DKZZ&c_unload=DKXX&c_unload=DE1&c_unload=DE11&c_unload=DE12&c_unload=DE13&c_unload=DE14&c_unload=DE2&c_unload=DE21&c_unload=DE22&c_unload=DE23&c_unload=DE24&c_unload=DE25&c_unload=DE26&c_unload=DE27&c_unload=DE30&c_unload=DE40&c_unload=DE41&c_unload=DE42&c_unload=DE50&c_unload=DE60&c_unload=DE7&c_unload=DE71&c_unload=DE72&c_unload=DE73&c_unload=DE80&c_unload=DE9&c_unload=DE91&c_unload=DE92&c_unload=DE93&c_unload=DE94&c_unload=DEA&c_unload=DEA1&c_unload=DEA2&c_unload=DEA3&c_unload=DEA4&c_unload=DEA5&c_unload=DEB&c_unload=DEB1&c_unload=DEB2&c_unload=DEB3&c_unload=DEC0&c_unload=DED&c_unload=DED1&c_unload=DED2&c_unload=DED3&c_unload=DED4&c_unload=DED5&c_unload=DEE0&c_unload=DEE1&c_unload=DEE2&c_unload=DEE3&c_unload=DEF0&c_unload=DEG0&c_unload=DEZZ&c_unload=DEXX&c_unload=EE&c_unload=EEXX&c_unload=IE04&c_unload=IE01&c_unload=IE02&c_unload=IEXX&c_unload=EL11&c_unload=EL12&c_unload=EL13&c_unload=EL14&c_unload=EL23&c_unload=EL24&c_unload=EL25&c_unload=EL30&c_unload=EL52&c_unload=ELXX&c_unload=ES11&c_unload=ES12&c_unload=ES13&c_unload=ES21&c_unload=ES22&c_unload=ES23&c_unload=ES24&c_unload=ES30&c_unload=ES41&c_unload=ES42&c_unload=ES43&c_unload=ES51&c_unload=ES52&c_unload=ES61&c_unload=ES62&c_unload=ESXX&c_unload=FR10&c_unload=FRB0&c_unload=FRC1&c_unload=FRC2&c_unload=FRD1&c_unload=FRD2&c_unload=FRE1&c_unload=FRE2&c_unload=FRF1&c_unload=FRF2&c_unload=FRF3&c_unload=FRG0&c_unload=FRH0&c_unload=FRI1&c_unload=FRI2&c_unload=FRI3&c_unload=FRJ1&c_unload=FRJ2&c_unload=FRK1&c_unload=FRK2&c_unload=FRL0&c_unload=FRM0&c_unload=FR21&c_unload=FR22&c_unload=FR23&c_unload=FR24&c_unload=FR25&c_unload=FR26&c_unload=FR30&c_unload=FR41&c_unload=FR42&c_unload=FR43&c_unload=FR51&c_unload=FR52&c_unload=FR53&c_unload=FR61&c_unload=FR62&c_unload=FR63&c_unload=FR71&c_unload=FR72&c_unload=FR81&c_unload=FR82&c_unload=FR83&c_unload=FRXX&c_unload=HR&c_unload=HR02&c_unload=HR03&c_unload=HR04&c_unload=HR05&c_unload=HR06&c_unload=HRXX&c_unload=HR01&c_unload=ITC1&c_unload=ITC2&c_unload=ITC3&c_unload=ITC4&c_unload=ITD1&c_unload=ITD2&c_unload=ITD3&c_unload=ITD4&c_unload=ITD5&c_unload=ITE1&c_unload=ITE2&c_unload=ITE3&c_unload=ITE4&c_unload=ITF1&c_unload=ITF2&c_unload=ITF3&c_unload=ITF4&c_unload=ITF5&c_unload=ITF6&c_unload=ITG1&c_unload=ITG2&c_unload=ITH1&c_unload=ITH2&c_unload=ITH3&c_unload=ITH4&c_unload=ITH5&c_unload=ITI1&c_unload=ITI2&c_unload=ITI3&c_unload=ITI4&c_unload=ITXX&c_unload=LV&c_unload=LVXX&c_unload=LT&c_unload=LT02&c_unload=LTXX&c_unload=LU&c_unload=LUXX&c_unload=HU11&c_unload=HU12&c_unload=HU10&c_unload=HU21&c_unload=HU22&c_unload=HU23&c_unload=HU31&c_unload=HU32&c_unload=HU33&c_unload=HUZZ&c_unload=HUXX&c_unload=NL11&c_unload=NL12&c_unload=NL13&c_unload=NL21&c_unload=NL22&c_unload=NL23&c_unload=NL31&c_unload=NL32&c_unload=NL33&c_unload=NL34&c_unload=NL41&c_unload=NL42&c_unload=NLXX&c_unload=AT11&c_unload=AT12&c_unload=AT13&c_unload=AT21&c_unload=AT22&c_unload=AT31&c_unload=AT32&c_unload=AT33&c_unload=AT34&c_unload=ATXX&c_unload=PL11&c_unload=PL12&c_unload=PL21&c_unload=PL22&c_unload=PL31&c_unload=PL32&c_unload=PL33&c_unload=PL34&c_unload=PL41&c_unload=PL42&c_unload=PL43&c_unload=PL51&c_unload=PL52&c_unload=PL61&c_unload=PL62&c_unload=PL63&c_unload=PL71&c_unload=PL72&c_unload=PL81&c_unload=PL82&c_unload=PL84&c_unload=PL91&c_unload=PL92&c_unload=PLXX&c_unload=PT11&c_unload=PT15&c_unload=PT16&c_unload=PT17&c_unload=PT18&c_unload=PTXX&c_unload=RO&c_unload=RO11&c_unload=RO12&c_unload=RO21&c_unload=RO22&c_unload=RO31&c_unload=RO32&c_unload=RO41&c_unload=RO42&c_unload=ROZZ&c_unload=ROXX&c_unload=SI&c_unload=SI03&c_unload=SI01&c_unload=BG31&c_unload=SI02&c_unload=SIZZ&c_unload=SIXX&c_unload=SK01&c_unload=SK02&c_unload=SK03&c_unload=SK04&c_unload=SKXX&c_unload=FI13&c_unload=FI18&c_unload=FI19&c_unload=FI1A&c_unload=FI1B&c_unload=FI1C&c_unload=FI1D&c_unload=FIXX&c_unload=SE11&c_unload=SE12&c_unload=SE21&c_unload=SE22&c_unload=SE23&c_unload=SE31&c_unload=SE32&c_unload=SE33&c_unload=SEZZ&c_unload=SEXX&c_unload=LI&c_unload=LIXX&c_unload=NO01&c_unload=NO02&c_unload=NO03&c_unload=NO04&c_unload=NO05&c_unload=NO06&c_unload=NO07&c_unload=NO08&c_unload=NO09&c_unload=NO0A&c_unload=NOXX&c_unload=CH01&c_unload=CH02&c_unload=CH03&c_unload=CH04&c_unload=CH05&c_unload=CH06&c_unload=CH07&c_unload=CHZZ&c_unload=CHXX&c_unload=UKC1&c_unload=UKC2&c_unload=UKD1&c_unload=UKD2&c_unload=UKD3&c_unload=UKD4&c_unload=UKD5&c_unload=UKD6&c_unload=UKD7&c_unload=UKE1&c_unload=UKE2&c_unload=UKE3&c_unload=UKE4&c_unload=UKF1&c_unload=UKF2&c_unload=UKF3&c_unload=UKG1&c_unload=UKG2&c_unload=UKG3&c_unload=UKH1&c_unload=UKH2&c_unload=UKH3&c_unload=UKI1&c_unload=UKI2&c_unload=UKI3&c_unload=UKI4&c_unload=UKI5&c_unload=UKI6&c_unload=UKI7&c_unload=UKJ1&c_unload=UKJ2&c_unload=UKJ3&c_unload=UKJ4&c_unload=UKK1&c_unload=UKK2&c_unload=UKK3&c_unload=UKK4&c_unload=UKL1&c_unload=UKL2&c_unload=UKM1&c_unload=UKM2&c_unload=UKM3&c_unload=UKM4&c_unload=UKM5&c_unload=UKM6&c_unload=UKN0&c_unload=UKZZ&c_unload=UKXX&c_unload=BA&c_unload=ME00&c_unload=MEXX&c_unload=MD&c_unload=MK&c_unload=MKXX&c_unload=RS&c_unload=RSXX&c_unload=TR&c_unload=TR10&c_unload=TR21&c_unload=TR22&c_unload=TR31&c_unload=TR32&c_unload=TR33&c_unload=TR41&c_unload=TR42&c_unload=TR51&c_unload=TR52&c_unload=TR61&c_unload=TR62&c_unload=TR63&c_unload=TR71&c_unload=TR72&c_unload=TR81&c_unload=TR82&c_unload=TR83&c_unload=TRA1&c_unload=TRA2&c_unload=TRB1&c_unload=TRB2&c_unload=TRC1&c_unload=TRC2&c_unload=TRC3&c_unload=TRXX&c_unload=UA&c_unload=BY&c_unload=MC&c_unload=RU&c_unload=SM&c_unload=RS_ME&c_unload=TN&c_unload=US&c_unload=KZ&c_unload=JP&c_unload=UNK&c_load=BE10&c_load=BE21&c_load=BE22&c_load=BE23&c_load=BE24&c_load=BE25&c_load=BE31&c_load=BE32&c_load=BE33&c_load=BE34&c_load=BE35&c_load=BEXX&c_load=BG&c_load=BG31&c_load=BG32&c_load=BG33&c_load=BG34&c_load=BG41&c_load=BG42&c_load=BGXX&c_load=CZ01&c_load=CZ02&c_load=CZ03&c_load=CZ04&c_load=CZ05&c_load=CZ06&c_load=CZ07&c_load=CZ08&c_load=CZZZ&c_load=CZXX&c_load=DK&c_load=DK01&c_load=DK02&c_load=DK03&c_load=DK04&c_load=DK05&c_load=DKXX&c_load=DE1&c_load=DE11&c_load=DE12&c_load=DE13&c_load=DE14&c_load=DE2&c_load=DE21&c_load=DE22&c_load=DE23&c_load=DE24&c_load=DE25&c_load=DE26&c_load=DE27&c_load=DE30&c_load=DE40&c_load=DE41&c_load=DE42&c_load=DE50&c_load=DE60&c_load=DE7&c_load=DE71&c_load=DE72&c_load=DE73&c_load=DE80&c_load=DE9&c_load=DE91&c_load=DE92&c_load=DE93&c_load=DE94&c_load=DEA&c_load=DEA1&c_load=DEA2&c_load=DEA3&c_load=DEA4&c_load=DEA5&c_load=DEB&c_load=DEB1&c_load=DEB2&c_load=DEB3&c_load=DEC0&c_load=DED&c_load=DED1&c_load=DED2&c_load=DED3&c_load=DED4&c_load=DED5&c_load=DEE0&c_load=DEE1&c_load=DEE2&c_load=DEE3&c_load=DEF0&c_load=DEG0&c_load=DEZZ&c_load=DEXX&c_load=EE&c_load=EEXX&c_load=IE04&c_load=IE01&c_load=IE02&c_load=IEXX&c_load=EL11&c_load=EL12&c_load=EL13&c_load=EL14&c_load=EL23&c_load=EL24&c_load=EL25&c_load=EL30&c_load=EL52&c_load=ELXX&c_load=ES11&c_load=ES12&c_load=ES13&c_load=ES21&c_load=ES22&c_load=ES23&c_load=ES24&c_load=ES30&c_load=ES41&c_load=ES42&c_load=ES43&c_load=ES51&c_load=ES52&c_load=ES61&c_load=ES62&c_load=ESXX&c_load=FR10&c_load=FRB0&c_load=FRC1&c_load=FRC2&c_load=FRD1&c_load=FRD2&c_load=FRE1&c_load=FRE2&c_load=FRF1&c_load=FRF2&c_load=FRF3&c_load=FRG0&c_load=FRH0&c_load=FRI1&c_load=FRI2&c_load=FRI3&c_load=FRJ1&c_load=FRJ2&c_load=FRK1&c_load=FRK2&c_load=FRL0&c_load=FRM0&c_load=FR21&c_load=FR22&c_load=FR23&c_load=FR24&c_load=FR25&c_load=FR26&c_load=FR30&c_load=FR41&c_load=FR42&c_load=FR43&c_load=FR51&c_load=FR52&c_load=FR53&c_load=FR61&c_load=FR62&c_load=FR63&c_load=FR71&c_load=FR72&c_load=FR81&c_load=FR82&c_load=FR83&c_load=FRXX&c_load=HR&c_load=HR02&c_load=HR03&c_load=HR04&c_load=HR05&c_load=HR06&c_load=HRXX&c_load=HR01&c_load=ITC1&c_load=ITC2&c_load=ITC3&c_load=ITC4&c_load=ITD1&c_load=ITD2&c_load=ITD3&c_load=ITD4&c_load=ITD5&c_load=ITE1&c_load=ITE2&c_load=ITE3&c_load=ITE4&c_load=ITF1&c_load=ITF2&c_load=ITF3&c_load=ITF4&c_load=ITF5&c_load=ITF6&c_load=ITG1&c_load=ITG2&c_load=ITH1&c_load=ITH2&c_load=ITH3&c_load=ITH4&c_load=ITH5&c_load=ITI1&c_load=ITI2&c_load=ITI3&c_load=ITI4&c_load=ITXX&c_load=LV&c_load=LVXX&c_load=LT&c_load=LT02&c_load=LTXX&c_load=LU&c_load=LUXX&c_load=HU11&c_load=HU12&c_load=HU10&c_load=HU21&c_load=HU22&c_load=HU23&c_load=HU31&c_load=HU32&c_load=HU33&c_load=HUZZ&c_load=HUXX&c_load=NL11&c_load=NL12&c_load=NL13&c_load=NL21&c_load=NL22&c_load=NL23&c_load=NL31&c_load=NL32&c_load=NL33&c_load=NL34&c_load=NL41&c_load=NL42&c_load=NLXX&c_load=AT11&c_load=AT12&c_load=AT13&c_load=AT21&c_load=AT22&c_load=AT31&c_load=AT32&c_load=AT33&c_load=AT34&c_load=ATXX&c_load=PL11&c_load=PL12&c_load=PL21&c_load=PL22&c_load=PL31&c_load=PL32&c_load=PL33&c_load=PL34&c_load=PL41&c_load=PL42&c_load=PL43&c_load=PL51&c_load=PL52&c_load=PL61&c_load=PL62&c_load=PL63&c_load=PL71&c_load=PL72&c_load=PL81&c_load=PL82&c_load=PL84&c_load=PL91&c_load=PL92&c_load=PLXX&c_load=PT11&c_load=PT15&c_load=PT16&c_load=PT17&c_load=PT18&c_load=PTXX&c_load=RO&c_load=RO11&c_load=RO12&c_load=RO21&c_load=RO22&c_load=RO31&c_load=RO32&c_load=RO41&c_load=RO42&c_load=ROXX&c_load=SI&c_load=SI03&c_load=SI01&c_load=BG31&c_load=SI02&c_load=SIZZ&c_load=SIXX&c_load=SK01&c_load=SK02&c_load=SK03&c_load=SK04&c_load=SKXX&c_load=FI13&c_load=FI18&c_load=FI19&c_load=FI1A&c_load=FI1B&c_load=FI1C&c_load=FI1D&c_load=FIXX&c_load=SE11&c_load=SE12&c_load=SE21&c_load=SE22&c_load=SE23&c_load=SE31&c_load=SE32&c_load=SE33&c_load=SEZZ&c_load=SEXX&c_load=LI&c_load=LIXX&c_load=NO01&c_load=NO02&c_load=NO03&c_load=NO04&c_load=NO05&c_load=NO06&c_load=NO07&c_load=NO08&c_load=NO09&c_load=NO0A&c_load=NOXX&c_load=CH01&c_load=CH02&c_load=CH03&c_load=CH04&c_load=CH05&c_load=CH06&c_load=CH07&c_load=CHZZ&c_load=CHXX&c_load=UKC1&c_load=UKC2&c_load=UKD1&c_load=UKD2&c_load=UKD3&c_load=UKD4&c_load=UKD5&c_load=UKD6&c_load=UKD7&c_load=UKE1&c_load=UKE2&c_load=UKE3&c_load=UKE4&c_load=UKF1&c_load=UKF2&c_load=UKF3&c_load=UKG1&c_load=UKG2&c_load=UKG3&c_load=UKH1&c_load=UKH2&c_load=UKH3&c_load=UKI1&c_load=UKI2&c_load=UKI3&c_load=UKI4&c_load=UKI5&c_load=UKI6&c_load=UKI7&c_load=UKJ1&c_load=UKJ2&c_load=UKJ3&c_load=UKJ4&c_load=UKK1&c_load=UKK2&c_load=UKK3&c_load=UKK4&c_load=UKL1&c_load=UKL2&c_load=UKM1&c_load=UKM2&c_load=UKM3&c_load=UKM4&c_load=UKM5&c_load=UKM6&c_load=UKN0&c_load=UKXX&c_load=BA&c_load=ME00&c_load=MEXX&c_load=MD&c_load=MK&c_load=MKXX&c_load=RS&c_load=RSXX&c_load=TR&c_load=TR10&c_load=TR21&c_load=TR22&c_load=TR31&c_load=TR32&c_load=TR33&c_load=TR41&c_load=TR42&c_load=TR51&c_load=TR52&c_load=TR61&c_load=TR62&c_load=TR63&c_load=TR71&c_load=TR72&c_load=TR81&c_load=TR82&c_load=TR83&c_load=TRA1&c_load=TRA2&c_load=TRB1&c_load=TRB2&c_load=TRC1&c_load=TRC2&c_load=TRC3&c_load=TRXX&c_load=UA&c_load=BY&c_load=MC&c_load=RU&c_load=SM&c_load=RS_ME&c_load=EG&c_load=MA&c_load=SH&c_load=US&c_load=KZ&c_load=JP&c_load=IR&c_load=IL&c_load=SA&c_load=UNK&lang=en
Stock of electric vehicles by category and NUTS 2 region;NUTS2;TRAN_R_ELVEHST;https://ec.europa.eu/eurostat/api/dissemination/statistics/1.0/data/tran_r_elvehst?format=JSON&geo=BG31&unit=NR&unit=PC&vehicle=VG_LE3P5&vehicle=CAR&vehicle=BUS_MCO_TRO&lang=en
Farm indicators by age and sex of the manager, economic size of the farm, utilised agricultural area and NUTS 2 region;NUTS2;EF_M_FARMANG;https://ec.europa.eu/eurostat/api/dissemination/statistics/1.0/data/ef_m_farmang?format=JSON&geo=BG31&unit=EUR&unit=HA&unit=AWU&unit=LSU&unit=HLD&sex=T&sex=M&sex=F&age=TOTAL&age=Y_LT25&age=Y25-34&age=Y35-39&age=Y35-44&age=Y40-44&age=Y45-54&age=Y55-64&age=Y_GE65&so_eur=TOTAL&so_eur=KE0&so_eur=KE_GT0_LT2&so_eur=KE2-3&so_eur=KE4-7&so_eur=KE8-14&so_eur=KE15-24&so_eur=KE25-49&so_eur=KE50-99&so_eur=KE100-249&so_eur=KE250-499&so_eur=KE_GE500&uaarea=TOTAL&uaarea=HA0&uaarea=HA_GT0_LT2&uaarea=HA2-4&uaarea=HA5-9&uaarea=HA10-19&uaarea=HA20-29&uaarea=HA30-49&uaarea=HA50-99&uaarea=HA_GE100&crops=UAA&lang=en
Farms and hectares by type of crops, utilised agricultural area, economic size and NUTS 2 region;NUTS2;EF_LUS_ALLCROPS;https://ec.europa.eu/eurostat/api/dissemination/statistics/1.0/data/ef_lus_allcrops?format=JSON&geo=BG31&unit=HA&unit=HLD&so_eur=TOTAL&so_eur=KE0&so_eur=KE_GT0_LT2&so_eur=KE2-3&so_eur=KE4-7&so_eur=KE8-14&so_eur=KE15-24&so_eur=KE25-49&so_eur=KE50-99&so_eur=KE100-249&so_eur=KE250-499&so_eur=KE_GE500&uaarea=TOTAL&uaarea=HA0&uaarea=HA_GT0_LT2&uaarea=HA2-4&uaarea=HA5-9&uaarea=HA10-19&uaarea=HA20-29&uaarea=HA30-49&uaarea=HA50-99&uaarea=HA_GE100&crops=UAA&crops=UAA09S&crops=UAAT&crops=UAAS&crops=ARA09S&crops=ARA&crops=C0000&crops=C1110&crops=C1120&crops=C1200&crops=C1300&crops=C1400&crops=C1500&crops=C1600_1700_1900&crops=C2000&crops=P0000&crops=P1000&crops=P9000&crops=R0000&crops=R1000&crops=R2000&crops=R9000&crops=I0000&crops=I1110&crops=I1120&crops=I1130&crops=I1140&crops=I1150_2300&crops=I1190&crops=I2000&crops=I2100&crops=I2200&crops=I2900&crops=I3000&crops=I4000&crops=I5000&crops=I6000_9000&crops=I9000&crops=G0000&crops=G0000X1000&crops=G1000&crops=G2000&crops=G3000&crops=G9000&crops=G9100&crops=G9900&crops=V0000_S0000&crops=V0000_S0000T&crops=V0000_S0000TO&crops=V0000_S0000TK&crops=V0000_S0000S&crops=N0000&crops=N0000T&crops=N0000S&crops=E0000&crops=ARA99&crops=Q0000&crops=J0000&crops=J1000&crops=J2000&crops=J3000TE&crops=PECR&crops=PECRT&crops=PECRS&crops=F0000&crops=F1000_2000&crops=F1000&crops=F1100&crops=F1200&crops=F2000&crops=F3000&crops=F4000&crops=T0000&crops=W1000&crops=W1100&crops=W1110_1120&crops=W1110&crops=W1120&crops=W1190&crops=W1200&crops=W1300&crops=O1000&crops=O1100&crops=O1910&crops=L0000&crops=PECR9_H9000&crops=X0000&crops=U1000&crops=SRCAA&lang=en
Main crops by NUTS 2 region;NUTS2;EF_LAC_MAIN;https://ec.europa.eu/eurostat/api/dissemination/statistics/1.0/data/ef_lac_main?format=JSON&sinceTimePeriod=2016&geo=BG31&unit=HA&unit=HLD&so_eur=TOTAL&so_eur=KE0&so_eur=KE_LT2&so_eur=KE2-3&so_eur=KE4-7&so_eur=KE8-14&so_eur=KE15-24&so_eur=KE25-49&so_eur=KE50-99&so_eur=KE100-249&so_eur=KE250-499&so_eur=KE_GE500&arable=TOTAL&arable=HA0&arable=HA_LT1&arable=HA1&arable=HA2-4&arable=HA5-9&arable=HA10-19&arable=HA20-29&arable=HA30-79&arable=HA80-149&arable=HA_GE150&crops=ARA&crops=C0000&crops=C0000T&crops=P0000&crops=R0000&crops=I0000&crops=G0000&crops=V0000_S0000&crops=N0000&crops=E0000&crops=E0000T&crops=ARA99&crops=ARA99T&crops=Q0000&crops=Q0000T&agrarea=TOTAL&agrarea=HA0&agrarea=HA_LT2&agrarea=HA2-4&agrarea=HA5-9&agrarea=HA10-19&agrarea=HA20-29&agrarea=HA30-49&agrarea=HA50-99&agrarea=HA_GE100&lang=en
Vegetables by NUTS 2 region;NUTS2;EF_LAC_VEGE;https://ec.europa.eu/eurostat/api/dissemination/statistics/1.0/data/ef_lac_vege?format=JSON&sinceTimePeriod=2016&geo=BG31&unit=HA&unit=HLD&so_eur=TOTAL&so_eur=KE0&so_eur=KE_LT2&so_eur=KE2-3&so_eur=KE4-7&so_eur=KE8-14&so_eur=KE15-24&so_eur=KE25-49&so_eur=KE50-99&so_eur=KE100-249&so_eur=KE250-499&so_eur=KE_GE500&croparea=TOTAL&croparea=HA0&croparea=HA_LT01&croparea=HA01&croparea=HA02&croparea=HA03-04&croparea=HA05-09&croparea=HA1&croparea=HA2-4&croparea=HA_GE5&crops=ARA&crops=V0000_S0000&crops=V0000_S0000T&crops=V0000_S0000TO&crops=V0000_S0000TK&crops=V0000_S0000S&agrarea=TOTAL&agrarea=HA0&agrarea=HA_LT2&agrarea=HA2-4&agrarea=HA5-9&agrarea=HA10-19&agrarea=HA20-29&agrarea=HA30-49&agrarea=HA50-99&agrarea=HA_GE100&lang=en
Main livestock indicators by NUTS 2 region;NUTS2;EF_LSK_MAIN;https://ec.europa.eu/eurostat/api/dissemination/statistics/1.0/data/ef_lsk_main?format=JSON&lastTimePeriod=1&geo=BG31&unit=LSU&unit=HD&unit=HLD&unit=HIVE&farmtype=TOTAL&farmtype=FT15_SO&farmtype=FT16_SO&farmtype=FT21_SO&farmtype=FT22_SO&farmtype=FT23_SO&farmtype=FT35_SO&farmtype=FT36_SO&farmtype=FT37_SO&farmtype=FT38_SO&farmtype=FT45_SO&farmtype=FT46_SO&farmtype=FT47_SO&farmtype=FT48_SO&farmtype=FT51_SO&farmtype=FT52_SO&farmtype=FT53_SO&farmtype=FT61_SO&farmtype=FT73_SO&farmtype=FT74_SO&farmtype=FT83_SO&farmtype=FT84_SO&farmtype=FT90_SO&so_eur=TOTAL&uaarea=TOTAL&lsu=TOTAL&animals=A0010&animals=A1000&animals=A2000&animals=A3100&animals=A4100&animals=A4200&animals=A5000&animals=A6111&animals=A6710R&animals=A6900A&lang=en
Beneficiary of rural development support measures by legal form, economic size and farm type of the agricultural holding and NUTS 2 region;NUTS2;EF_RD_LEG;https://ec.europa.eu/eurostat/api/dissemination/statistics/1.0/data/ef_rd_leg?format=JSON&geo=BG31&unit=HA&unit=HLD&leg_form=TOTAL&leg_form=PER_NTL&leg_form=PER_LEG&leg_form=HLD_GRP&leg_form=UNIT_CML&so_eur=TOTAL&so_eur=KE_GE0_LT2&so_eur=KE2-7&so_eur=KE8-24&so_eur=KE25-99&so_eur=KE_GE100&ruraldev=TOTAL&ruraldev=RDEV&ruraldev=RDEV_A&ruraldev=RDEV_A01&ruraldev=RDEV_A011&ruraldev=RDEV_A012&ruraldev=RDEV_A013&ruraldev=RDEV_A014&ruraldev=RDEV_A04&ruraldev=RDEV_A09&ruraldev=RDEV_A11&ruraldev=RDEV_A111&ruraldev=RDEV_A112&ruraldev=RDEV_B&ruraldev=RDEV_B01&ruraldev=RDEV_B05&ruraldev=RDEV_C&ruraldev=RDEV_C01&ruraldev=RDEV_C02&ruraldev=RDEV_C03&ruraldev=RDEV_C05&ruraldev=RDEV_D&ruraldev=RDEV_D01&ruraldev=RDEV_D011&ruraldev=RDEV_D012&ruraldev=RDEV_E&ruraldev=RDEV_E01&ruraldev=RDEV_E02&ruraldev=RDEV_F&ruraldev=RDEV_F03&ruraldev=RDEV_G&ruraldev=RDEV_G03&ruraldev=RDEV_G05&ruraldev=NRDEV&statinfo=TOTAL&statinfo=ABVTH&statinfo=BLWTH&farmtype=TOTAL&farmtype=CR&farmtype=LS&farmtype=OTH&lang=en
R&D personnel and researchers by sector of performance, sex and NUTS 2 region;NUTS2;RD_P_PERSREG;https://ec.europa.eu/eurostat/api/dissemination/statistics/1.0/data/rd_p_persreg?format=JSON&geo=BG31&unit=FTE&unit=HC&unit=PC_ACT_HC&unit=PC_ACT_FTE&unit=PC_EMP_HC&unit=PC_EMP_FTE&prof_pos=TOTAL&prof_pos=RSE&sex=T&sex=F&sectperf=TOTAL&sectperf=BES&sectperf=GOV&sectperf=HES&sectperf=PNP&lang=en
GERD (Gross Domestic Expenditure on Research and Development) by sector of performance and NUTS 2 region;NUTS2;RD_E_GERDREG;https://ec.europa.eu/eurostat/api/dissemination/statistics/1.0/data/rd_e_gerdreg?format=JSON&geo=BG31&unit=MIO_EUR&unit=EUR_HAB&unit=MIO_NAC&unit=PC_GDP&sectperf=TOTAL&sectperf=BES&sectperf=GOV&sectperf=HES&sectperf=PNP&lang=en
HRST (Human resources in Science and Technology) by category and NUTS 2 region;NUTS2;HRST_ST_RCAT;https://ec.europa.eu/eurostat/api/dissemination/statistics/1.0/data/hrst_st_rcat?format=JSON&geo=BG31&unit=THS_PER&unit=PC_POP&unit=PC_ACT&category=HRST&category=HRSTE&category=HRSTO&category=HRSTC&category=SE&lang=en
Employment in technology and knowledge-intensive sectors by NUTS 2 region and sex (from 2008 onwards, NACE Rev. 2);NUTS2;HTEC_EMP_REG2;https://ec.europa.eu/eurostat/api/dissemination/statistics/1.0/data/htec_emp_reg2?format=JSON&geo=BG31&unit=THS_PER&unit=PC_EMP&nace_r2=TOTAL&nace_r2=A_B&nace_r2=HTC&nace_r2=C&nace_r2=C_HTC_MH&nace_r2=C_HTC_M&nace_r2=C_HTC&nace_r2=C_LTC_LM&nace_r2=C_LTC_M&nace_r2=C_LTC&nace_r2=D-F&nace_r2=G-U&nace_r2=G_I_T&nace_r2=H49-H52_N79&nace_r2=KIS&nace_r2=KIS_HTC&nace_r2=KIS_MKT_OTH&nace_r2=KIS_OTH&nace_r2=LKIS&nace_r2=LKIS_MKT&nace_r2=LKIS_OTH&nace_r2=J&nace_r2=K_L&nace_r2=K&nace_r2=M&nace_r2=N&nace_r2=O_U&nace_r2=P&nace_r2=Q&nace_r2=R&nace_r2=S&nace_r2=OTH&nace_r2=UNK&sex=T&sex=M&sex=F&lang=en
Hospital discharges by diagnosis and NUTS 2 region, in-patients, total number - total;NUTS2;HLTH_CO_DISCH1T;https://ec.europa.eu/eurostat/api/dissemination/statistics/1.0/data/hlth_co_disch1t?format=JSON&geo=BG31&unit=NR&age=TOTAL&age=Y_LT1&age=Y1-4&age=Y5-9&age=Y10-14&age=Y15-19&age=Y20-24&age=Y25-29&age=Y30-34&age=Y35-39&age=Y40-44&age=Y45-49&age=Y50-54&age=Y55-59&age=Y60-64&age=Y65-69&age=Y70-74&age=Y75-79&age=Y80-84&age=Y85-89&age=Y90-94&age=Y_GE90&age=Y_GE95&age=UNK&indic_he=INPAT&sex=T&icd10=A-T_Z&icd10=A-T_Z_XNB&icd10=A_B&icd10=A15-A19_B90&icd10=A00-A08&icd10=A09&icd10=A40_A41&icd10=B20-B24&icd10=A_B_OTH&icd10=C00-D48&icd10=C18-C21&icd10=C33_C34&icd10=C43_C44&icd10=C50&icd10=C53-C55&icd10=C56&icd10=C61&icd10=C67&icd10=C_OTH&icd10=D00-D09&icd10=D12&icd10=D25&icd10=D00-D48_OTH&icd10=D50-D89&icd10=D50-D64&icd10=D65-D89&icd10=E&icd10=E10-E14&icd10=E_OTH&icd10=F&icd10=F00-F03&icd10=F10&icd10=F11-F19&icd10=F20-F29&icd10=F30-F39&icd10=F_OTH&icd10=G&icd10=G30&icd10=G35&icd10=G40_G41&icd10=G45&icd10=G_OTH&icd10=H00-H59&icd10=H25_H26_H28&icd10=H00-H59_OTH&icd10=H60-H95&icd10=I&icd10=I10-I15&icd10=I20&icd10=I21_I22&icd10=I23-I25&icd10=I26-I28&icd10=I44-I49&icd10=I50&icd10=I60-I69&icd10=I70&icd10=I83&icd10=I_OTH&icd10=J&icd10=J00-J11&icd10=J12-J18&icd10=J20-J22&icd10=J35&icd10=UPRESPIR_OTH&icd10=J45_J46&icd10=J40-J44_J47&icd10=J60-J99&icd10=K&icd10=K00-K08&icd10=K09-K14&icd10=K20-K23&icd10=K25-K28&icd10=K29-K31&icd10=K35-K38&icd10=K40&icd10=K41-K46&icd10=K50_K51&icd10=K52&icd10=K56&icd10=K57&icd10=K60-K62&icd10=INTESTINE_OTH&icd10=K70&icd10=K71-K77&icd10=K80&icd10=K81-K83&icd10=K85-K87&icd10=K_OTH&icd10=L&icd10=L00-L08&icd10=L20-L45&icd10=L_OTH&icd10=M&icd10=M16&icd10=M17&icd10=M23&icd10=ARTHROPAT_OTH&icd10=M30-M36&icd10=M40-M49&icd10=M50_M51&icd10=M54&icd10=M60-M79&icd10=M53_M80-M99&icd10=N&icd10=N00-N16&icd10=N17-N19&icd10=N20-N23&icd10=N25-N39&icd10=N40&icd10=N41-N51&icd10=N60-N64&icd10=N70-N77&icd10=N91-N95&icd10=N_OTH&icd10=O&icd10=O04&icd10=ABORT_OTH&icd10=O10-O48&icd10=O60-O75&icd10=O80&icd10=O81-O84&icd10=O85-O92&icd10=O95-O99&icd10=P&icd10=P07&icd10=P_OTH&icd10=Q&icd10=R&icd10=R07&icd10=R10&icd10=R69&icd10=R_OTH&icd10=S_T&icd10=INJ_OTH&icd10=S06&icd10=INJ_HEAD_OTH&icd10=S52&icd10=S72&icd10=S82&icd10=T20-T32&icd10=T36-T65&icd10=T80-T88&icd10=T90-T98&icd10=S_T_OTH&icd10=U_COV19&icd10=U_COV19_OTH&icd10=Z&icd10=Z03&icd10=Z30&icd10=Z38&icd10=Z51&icd10=Z_OTH&lang=en
Participation rates of selected age groups in education at regional level;NUTS2;EDUC_UOE_ENRA14;https://ec.europa.eu/eurostat/api/dissemination/statistics/1.0/data/educ_uoe_enra14?format=JSON&geo=BG31&unit=RT&age=Y4&age=Y15-24&age=Y17&age=Y20-24&lang=en
Participation rates in selected education levels at regional level;NUTS2;EDUC_UOE_ENRA15;https://ec.europa.eu/eurostat/api/dissemination/statistics/1.0/data/educ_uoe_enra15?format=JSON&sinceTimePeriod=2015&geo=BG31&unit=RT&isced11=ED0-8&isced11=ED02-8&isced11=ED1_2&isced11=ED5-8&lang=en
Students enrolled in tertiary education by education level, programme orientation, sex and NUTS 2 region;NUTS2;EDUC_UOE_ENRT06;https://ec.europa.eu/eurostat/api/dissemination/statistics/1.0/data/educ_uoe_enrt06?format=JSON&geo=BG31&unit=NR&isced11=ED5-8&isced11=ED5&isced11=ED54&isced11=ED55&isced11=ED6&isced11=ED7&isced11=ED8&sex=T&sex=M&sex=F&lang=en
Young people neither in employment nor in education and training by sex and NUTS 2 region (NEET rates);NUTS2;EDAT_LFSE_22;https://ec.europa.eu/eurostat/api/dissemination/statistics/1.0/data/edat_lfse_22?format=JSON&geo=BG31&unit=PC&sex=T&sex=M&sex=F&age=Y15-24&age=Y15-29&age=Y18-24&age=Y18-29&training=NO_FE_NO_NFE&wstatus=NEMP&lang=en
Number and capacity of recovery and disposal facilities by NUTS 2 region;NUTS2;ENV_WASFAC;https://ec.europa.eu/eurostat/api/dissemination/statistics/1.0/data/env_wasfac?format=JSON&geo=BG31&indic_env=CAP&indic_env=CAP_RST&indic_env=FAC&indic_env=FAC_CL&wst_oper=DSP_L_OTH&wst_oper=DSP_L&wst_oper=DSP_LH&wst_oper=DSP_LNH&wst_oper=DSP_LIN&wst_oper=DSP_I&wst_oper=DSP_OTH&wst_oper=RCV_E&wst_oper=RCV_R_B&wst_oper=RCV_R&wst_oper=RCV_B&lang=en
Mitigation of Environmental Pressures and Risks;NUTS3;NRG_CHDDR2_A;https://ec.europa.eu/eurostat/api/dissemination/statistics/1.0/data/nrg_chddr2_a?format=JSON&geo=BG315&unit=NR&indic_nrg=HDD&indic_nrg=CDD&lang=en
Population change - Demographic balance and crude rates at regional level (NUTS 3) ;NUTS3;demo_r_gind3;https://ec.europa.eu/eurostat/api/dissemination/statistics/1.0/data/demo_r_gind3?format=JSON&geo=BG315&indic_de=CNMIGRAT&indic_de=CNMIGRATRT&indic_de=DEATH&indic_de=GBIRTHRT&indic_de=GDEATHRT&indic_de=GROW&indic_de=GROWRT&indic_de=JAN&indic_de=LBIRTH&indic_de=NATGROW&indic_de=NATGROWRT&lang=en
National road freight transport by region of loading (NUTS 3) and type of goods (t) - annual data (from 2008 onwards);NUTS3;ROAD_GO_NA_RL3G;https://ec.europa.eu/eurostat/api/dissemination/statistics/1.0/data/road_go_na_rl3g?format=JSON&geo=FI1D9&unit=THS_T&nst07=TOTAL&nst07=GT01&nst07=GT02&nst07=GT03&nst07=GT04&nst07=GT05&nst07=GT06&nst07=GT07&nst07=GT08&nst07=GT09&nst07=GT10&nst07=GT11&nst07=GT12&nst07=GT13&nst07=GT14&nst07=GT15&nst07=GT16&nst07=GT17&nst07=GT18&nst07=GT19&nst07=GT20&nst07=UNK&lang=en
National road freight transport by region of unloading (NUTS 3) and type of goods (t) - annual data (from 2008 onwards);NUTS3;ROAD_GO_NA_RU3G;https://ec.europa.eu/eurostat/api/dissemination/statistics/1.0/data/road_go_na_ru3g?format=JSON&geo=FI1D9&unit=THS_T&nst07=TOTAL&nst07=GT01&nst07=GT02&nst07=GT03&nst07=GT04&nst07=GT05&nst07=GT06&nst07=GT07&nst07=GT08&nst07=GT09&nst07=GT10&nst07=GT11&nst07=GT12&nst07=GT13&nst07=GT14&nst07=GT15&nst07=GT16&nst07=GT17&nst07=GT18&nst07=GT19&nst07=GT20&nst07=UNK&lang=en
Railway transport - national and international railway passengers transport by embarking/disembarking NUTS 2 region;Country;TRAN_R_RAPA;https://ec.europa.eu/eurostat/api/dissemination/statistics/1.0/data/tran_r_rapa?format=JSON&sinceTimePeriod=2015&geo=FI&unit=PAS&c_unload=BE10&c_unload=BE21&c_unload=BE22&c_unload=BE23&c_unload=BE24&c_unload=BE25&c_unload=BE31&c_unload=BE32&c_unload=BE33&c_unload=BE34&c_unload=BE35&c_unload=BEXX&c_unload=BG&c_unload=BG31&c_unload=BG32&c_unload=BG33&c_unload=BG34&c_unload=BG41&c_unload=BG42&c_unload=BGXX&c_unload=CZ01&c_unload=CZ02&c_unload=CZ03&c_unload=CZ04&c_unload=CZ05&c_unload=CZ06&c_unload=CZ07&c_unload=CZ08&c_unload=CZZZ&c_unload=CZXX&c_unload=DK&c_unload=DK01&c_unload=DK02&c_unload=DK03&c_unload=DK04&c_unload=DK05&c_unload=DKZZ&c_unload=DKXX&c_unload=DE1&c_unload=DE11&c_unload=DE12&c_unload=DE13&c_unload=DE14&c_unload=DE2&c_unload=DE21&c_unload=DE22&c_unload=DE23&c_unload=DE24&c_unload=DE25&c_unload=DE26&c_unload=DE27&c_unload=DE30&c_unload=DE40&c_unload=DE41&c_unload=DE42&c_unload=DE50&c_unload=DE60&c_unload=DE7&c_unload=DE71&c_unload=DE72&c_unload=DE73&c_unload=DE80&c_unload=DE9&c_unload=DE91&c_unload=DE92&c_unload=DE93&c_unload=DE94&c_unload=DEA&c_unload=DEA1&c_unload=DEA2&c_unload=DEA3&c_unload=DEA4&c_unload=DEA5&c_unload=DEB&c_unload=DEB1&c_unload=DEB2&c_unload=DEB3&c_unload=DEC0&c_unload=DED&c_unload=DED1&c_unload=DED2&c_unload=DED3&c_unload=DED4&c_unload=DED5&c_unload=DEE0&c_unload=DEE1&c_unload=DEE2&c_unload=DEE3&c_unload=DEF0&c_unload=DEG0&c_unload=DEZZ&c_unload=DEXX&c_unload=EE&c_unload=EEXX&c_unload=IE04&c_unload=IE01&c_unload=IE02&c_unload=IEXX&c_unload=EL11&c_unload=EL12&c_unload=EL13&c_unload=EL14&c_unload=EL23&c_unload=EL24&c_unload=EL25&c_unload=EL30&c_unload=EL52&c_unload=ELXX&c_unload=ES11&c_unload=ES12&c_unload=ES13&c_unload=ES21&c_unload=ES22&c_unload=ES23&c_unload=ES24&c_unload=ES30&c_unload=ES41&c_unload=ES42&c_unload=ES43&c_unload=ES51&c_unload=ES52&c_unload=ES61&c_unload=ES62&c_unload=ESXX&c_unload=FR10&c_unload=FRB0&c_unload=FRC1&c_unload=FRC2&c_unload=FRD1&c_unload=FRD2&c_unload=FRE1&c_unload=FRE2&c_unload=FRF1&c_unload=FRF2&c_unload=FRF3&c_unload=FRG0&c_unload=FRH0&c_unload=FRI1&c_unload=FRI2&c_unload=FRI3&c_unload=FRJ1&c_unload=FRJ2&c_unload=FRK1&c_unload=FRK2&c_unload=FRL0&c_unload=FRM0&c_unload=FR21&c_unload=FR22&c_unload=FR23&c_unload=FR24&c_unload=FR25&c_unload=FR26&c_unload=FR30&c_unload=FR41&c_unload=FR42&c_unload=FR43&c_unload=FR51&c_unload=FR52&c_unload=FR53&c_unload=FR61&c_unload=FR62&c_unload=FR63&c_unload=FR71&c_unload=FR72&c_unload=FR81&c_unload=FR82&c_unload=FR83&c_unload=FRXX&c_unload=HR&c_unload=HR02&c_unload=HR03&c_unload=HR04&c_unload=HR05&c_unload=HR06&c_unload=HRXX&c_unload=HR01&c_unload=ITC1&c_unload=ITC2&c_unload=ITC3&c_unload=ITC4&c_unload=ITD1&c_unload=ITD2&c_unload=ITD3&c_unload=ITD4&c_unload=ITD5&c_unload=ITE1&c_unload=ITE2&c_unload=ITE3&c_unload=ITE4&c_unload=ITF1&c_unload=ITF2&c_unload=ITF3&c_unload=ITF4&c_unload=ITF5&c_unload=ITF6&c_unload=ITG1&c_unload=ITG2&c_unload=ITH1&c_unload=ITH2&c_unload=ITH3&c_unload=ITH4&c_unload=ITH5&c_unload=ITI1&c_unload=ITI2&c_unload=ITI3&c_unload=ITI4&c_unload=ITXX&c_unload=LV&c_unload=LVXX&c_unload=LT&c_unload=LT02&c_unload=LTXX&c_unload=LU&c_unload=LUXX&c_unload=HU11&c_unload=HU12&c_unload=HU10&c_unload=HU21&c_unload=HU22&c_unload=HU23&c_unload=HU31&c_unload=HU32&c_unload=HU33&c_unload=HUZZ&c_unload=HUXX&c_unload=NL11&c_unload=NL12&c_unload=NL13&c_unload=NL21&c_unload=NL22&c_unload=NL23&c_unload=NL31&c_unload=NL32&c_unload=NL33&c_unload=NL34&c_unload=NL41&c_unload=NL42&c_unload=NLXX&c_unload=AT11&c_unload=AT12&c_unload=AT13&c_unload=AT21&c_unload=AT22&c_unload=AT31&c_unload=AT32&c_unload=AT33&c_unload=AT34&c_unload=ATXX&c_unload=PL11&c_unload=PL12&c_unload=PL21&c_unload=PL22&c_unload=PL31&c_unload=PL32&c_unload=PL33&c_unload=PL34&c_unload=PL41&c_unload=PL42&c_unload=PL43&c_unload=PL51&c_unload=PL52&c_unload=PL61&c_unload=PL62&c_unload=PL63&c_unload=PL71&c_unload=PL72&c_unload=PL81&c_unload=PL82&c_unload=PL84&c_unload=PL91&c_unload=PL92&c_unload=PLXX&c_unload=PT11&c_unload=PT15&c_unload=PT16&c_unload=PT17&c_unload=PT18&c_unload=PTXX&c_unload=RO&c_unload=RO11&c_unload=RO12&c_unload=RO21&c_unload=RO22&c_unload=RO31&c_unload=RO32&c_unload=RO41&c_unload=RO42&c_unload=ROZZ&c_unload=ROXX&c_unload=SI&c_unload=SI03&c_unload=SI01&c_unload=FI1D&c_unload=SI02&c_unload=SIZZ&c_unload=SIXX&c_unload=SK01&c_unload=SK02&c_unload=SK03&c_unload=SK04&c_unload=SKXX&c_unload=FI13&c_unload=FI18&c_unload=FI19&c_unload=FI1A&c_unload=FI1B&c_unload=FI1C&c_unload=FI1D&c_unload=FIXX&c_unload=SE11&c_unload=SE12&c_unload=SE21&c_unload=SE22&c_unload=SE23&c_unload=SE31&c_unload=SE32&c_unload=SE33&c_unload=SEZZ&c_unload=SEXX&c_unload=LI&c_unload=LIXX&c_unload=NO01&c_unload=NO02&c_unload=NO03&c_unload=NO04&c_unload=NO05&c_unload=NO06&c_unload=NO07&c_unload=NO08&c_unload=NO09&c_unload=NO0A&c_unload=NOXX&c_unload=CH01&c_unload=CH02&c_unload=CH03&c_unload=CH04&c_unload=CH05&c_unload=CH06&c_unload=CH07&c_unload=CHZZ&c_unload=CHXX&c_unload=UKC1&c_unload=UKC2&c_unload=UKD1&c_unload=UKD2&c_unload=UKD3&c_unload=UKD4&c_unload=UKD5&c_unload=UKD6&c_unload=UKD7&c_unload=UKE1&c_unload=UKE2&c_unload=UKE3&c_unload=UKE4&c_unload=UKF1&c_unload=UKF2&c_unload=UKF3&c_unload=UKG1&c_unload=UKG2&c_unload=UKG3&c_unload=UKH1&c_unload=UKH2&c_unload=UKH3&c_unload=UKI1&c_unload=UKI2&c_unload=UKI3&c_unload=UKI4&c_unload=UKI5&c_unload=UKI6&c_unload=UKI7&c_unload=UKJ1&c_unload=UKJ2&c_unload=UKJ3&c_unload=UKJ4&c_unload=UKK1&c_unload=UKK2&c_unload=UKK3&c_unload=UKK4&c_unload=UKL1&c_unload=UKL2&c_unload=UKM1&c_unload=UKM2&c_unload=UKM3&c_unload=UKM4&c_unload=UKM5&c_unload=UKM6&c_unload=UKN0&c_unload=UKZZ&c_unload=UKXX&c_unload=BA&c_unload=ME00&c_unload=MEXX&c_unload=MD&c_unload=MK&c_unload=MKXX&c_unload=RS&c_unload=RSXX&c_unload=TR&c_unload=TR10&c_unload=TR21&c_unload=TR22&c_unload=TR31&c_unload=TR32&c_unload=TR33&c_unload=TR41&c_unload=TR42&c_unload=TR51&c_unload=TR52&c_unload=TR61&c_unload=TR62&c_unload=TR63&c_unload=TR71&c_unload=TR72&c_unload=TR81&c_unload=TR82&c_unload=TR83&c_unload=TRA1&c_unload=TRA2&c_unload=TRB1&c_unload=TRB2&c_unload=TRC1&c_unload=TRC2&c_unload=TRC3&c_unload=TRXX&c_unload=UA&c_unload=BY&c_unload=MC&c_unload=RU&c_unload=SM&c_unload=RS_ME&c_unload=TN&c_unload=US&c_unload=KZ&c_unload=JP&c_unload=UNK&c_load=BE10&c_load=BE21&c_load=BE22&c_load=BE23&c_load=BE24&c_load=BE25&c_load=BE31&c_load=BE32&c_load=BE33&c_load=BE34&c_load=BE35&c_load=BEXX&c_load=BG&c_load=BG31&c_load=BG32&c_load=BG33&c_load=BG34&c_load=BG41&c_load=BG42&c_load=BGXX&c_load=CZ01&c_load=CZ02&c_load=CZ03&c_load=CZ04&c_load=CZ05&c_load=CZ06&c_load=CZ07&c_load=CZ08&c_load=CZZZ&c_load=CZXX&c_load=DK&c_load=DK01&c_load=DK02&c_load=DK03&c_load=DK04&c_load=DK05&c_load=DKXX&c_load=DE1&c_load=DE11&c_load=DE12&c_load=DE13&c_load=DE14&c_load=DE2&c_load=DE21&c_load=DE22&c_load=DE23&c_load=DE24&c_load=DE25&c_load=DE26&c_load=DE27&c_load=DE30&c_load=DE40&c_load=DE41&c_load=DE42&c_load=DE50&c_load=DE60&c_load=DE7&c_load=DE71&c_load=DE72&c_load=DE73&c_load=DE80&c_load=DE9&c_load=DE91&c_load=DE92&c_load=DE93&c_load=DE94&c_load=DEA&c_load=DEA1&c_load=DEA2&c_load=DEA3&c_load=DEA4&c_load=DEA5&c_load=DEB&c_load=DEB1&c_load=DEB2&c_load=DEB3&c_load=DEC0&c_load=DED&c_load=DED1&c_load=DED2&c_load=DED3&c_load=DED4&c_load=DED5&c_load=DEE0&c_load=DEE1&c_load=DEE2&c_load=DEE3&c_load=DEF0&c_load=DEG0&c_load=DEZZ&c_load=DEXX&c_load=EE&c_load=EEXX&c_load=IE04&c_load=IE01&c_load=IE02&c_load=IEXX&c_load=EL11&c_load=EL12&c_load=EL13&c_load=EL14&c_load=EL23&c_load=EL24&c_load=EL25&c_load=EL30&c_load=EL52&c_load=ELXX&c_load=ES11&c_load=ES12&c_load=ES13&c_load=ES21&c_load=ES22&c_load=ES23&c_load=ES24&c_load=ES30&c_load=ES41&c_load=ES42&c_load=ES43&c_load=ES51&c_load=ES52&c_load=ES61&c_load=ES62&c_load=ESXX&c_load=FR10&c_load=FRB0&c_load=FRC1&c_load=FRC2&c_load=FRD1&c_load=FRD2&c_load=FRE1&c_load=FRE2&c_load=FRF1&c_load=FRF2&c_load=FRF3&c_load=FRG0&c_load=FRH0&c_load=FRI1&c_load=FRI2&c_load=FRI3&c_load=FRJ1&c_load=FRJ2&c_load=FRK1&c_load=FRK2&c_load=FRL0&c_load=FRM0&c_load=FR21&c_load=FR22&c_load=FR23&c_load=FR24&c_load=FR25&c_load=FR26&c_load=FR30&c_load=FR41&c_load=FR42&c_load=FR43&c_load=FR51&c_load=FR52&c_load=FR53&c_load=FR61&c_load=FR62&c_load=FR63&c_load=FR71&c_load=FR72&c_load=FR81&c_load=FR82&c_load=FR83&c_load=FRXX&c_load=HR&c_load=HR02&c_load=HR03&c_load=HR04&c_load=HR05&c_load=HR06&c_load=HRXX&c_load=HR01&c_load=ITC1&c_load=ITC2&c_load=ITC3&c_load=ITC4&c_load=ITD1&c_load=ITD2&c_load=ITD3&c_load=ITD4&c_load=ITD5&c_load=ITE1&c_load=ITE2&c_load=ITE3&c_load=ITE4&c_load=ITF1&c_load=ITF2&c_load=ITF3&c_load=ITF4&c_load=ITF5&c_load=ITF6&c_load=ITG1&c_load=ITG2&c_load=ITH1&c_load=ITH2&c_load=ITH3&c_load=ITH4&c_load=ITH5&c_load=ITI1&c_load=ITI2&c_load=ITI3&c_load=ITI4&c_load=ITXX&c_load=LV&c_load=LVXX&c_load=LT&c_load=LT02&c_load=LTXX&c_load=LU&c_load=LUXX&c_load=HU11&c_load=HU12&c_load=HU10&c_load=HU21&c_load=HU22&c_load=HU23&c_load=HU31&c_load=HU32&c_load=HU33&c_load=HUZZ&c_load=HUXX&c_load=NL11&c_load=NL12&c_load=NL13&c_load=NL21&c_load=NL22&c_load=NL23&c_load=NL31&c_load=NL32&c_load=NL33&c_load=NL34&c_load=NL41&c_load=NL42&c_load=NLXX&c_load=AT11&c_load=AT12&c_load=AT13&c_load=AT21&c_load=AT22&c_load=AT31&c_load=AT32&c_load=AT33&c_load=AT34&c_load=ATXX&c_load=PL11&c_load=PL12&c_load=PL21&c_load=PL22&c_load=PL31&c_load=PL32&c_load=PL33&c_load=PL34&c_load=PL41&c_load=PL42&c_load=PL43&c_load=PL51&c_load=PL52&c_load=PL61&c_load=PL62&c_load=PL63&c_load=PL71&c_load=PL72&c_load=PL81&c_load=PL82&c_load=PL84&c_load=PL91&c_load=PL92&c_load=PLXX&c_load=PT11&c_load=PT15&c_load=PT16&c_load=PT17&c_load=PT18&c_load=PTXX&c_load=RO&c_load=RO11&c_load=RO12&c_load=RO21&c_load=RO22&c_load=RO31&c_load=RO32&c_load=RO41&c_load=RO42&c_load=ROXX&c_load=SI&c_load=SI03&c_load=SI01&c_load=FI1D&c_load=SI02&c_load=SIZZ&c_load=SIXX&c_load=SK01&c_load=SK02&c_load=SK03&c_load=SK04&c_load=SKXX&c_load=FI13&c_load=FI18&c_load=FI19&c_load=FI1A&c_load=FI1B&c_load=FI1C&c_load=FI1D&c_load=FIXX&c_load=SE11&c_load=SE12&c_load=SE21&c_load=SE22&c_load=SE23&c_load=SE31&c_load=SE32&c_load=SE33&c_load=SEZZ&c_load=SEXX&c_load=LI&c_load=LIXX&c_load=NO01&c_load=NO02&c_load=NO03&c_load=NO04&c_load=NO05&c_load=NO06&c_load=NO07&c_load=NO08&c_load=NO09&c_load=NO0A&c_load=NOXX&c_load=CH01&c_load=CH02&c_load=CH03&c_load=CH04&c_load=CH05&c_load=CH06&c_load=CH07&c_load=CHZZ&c_load=CHXX&c_load=UKC1&c_load=UKC2&c_load=UKD1&c_load=UKD2&c_load=UKD3&c_load=UKD4&c_load=UKD5&c_load=UKD6&c_load=UKD7&c_load=UKE1&c_load=UKE2&c_load=UKE3&c_load=UKE4&c_load=UKF1&c_load=UKF2&c_load=UKF3&c_load=UKG1&c_load=UKG2&c_load=UKG3&c_load=UKH1&c_load=UKH2&c_load=UKH3&c_load=UKI1&c_load=UKI2&c_load=UKI3&c_load=UKI4&c_load=UKI5&c_load=UKI6&c_load=UKI7&c_load=UKJ1&c_load=UKJ2&c_load=UKJ3&c_load=UKJ4&c_load=UKK1&c_load=UKK2&c_load=UKK3&c_load=UKK4&c_load=UKL1&c_load=UKL2&c_load=UKM1&c_load=UKM2&c_load=UKM3&c_load=UKM4&c_load=UKM5&c_load=UKM6&c_load=UKN0&c_load=UKXX&c_load=BA&c_load=ME00&c_load=MEXX&c_load=MD&c_load=MK&c_load=MKXX&c_load=RS&c_load=RSXX&c_load=TR&c_load=TR10&c_load=TR21&c_load=TR22&c_load=TR31&c_load=TR32&c_load=TR33&c_load=TR41&c_load=TR42&c_load=TR51&c_load=TR52&c_load=TR61&c_load=TR62&c_load=TR63&c_load=TR71&c_load=TR72&c_load=TR81&c_load=TR82&c_load=TR83&c_load=TRA1&c_load=TRA2&c_load=TRB1&c_load=TRB2&c_load=TRC1&c_load=TRC2&c_load=TRC3&c_load=TRXX&c_load=UA&c_load=BY&c_load=MC&c_load=RU&c_load=SM&c_load=RS_ME&c_load=EG&c_load=MA&c_load=SH&c_load=US&c_load=KZ&c_load=JP&c_load=IR&c_load=IL&c_load=SA&c_load=UNK&lang=en
Stock of electric vehicles by category and NUTS 2 region;NUTS2;TRAN_R_ELVEHST;https://ec.europa.eu/eurostat/api/dissemination/statistics/1.0/data/tran_r_elvehst?format=JSON&geo=FI1D&unit=NR&unit=PC&vehicle=VG_LE3P5&vehicle=CAR&vehicle=BUS_MCO_TRO&lang=en
Farm indicators by age and sex of the manager, economic size of the farm, utilised agricultural area and NUTS 2 region;NUTS2;EF_M_FARMANG;https://ec.europa.eu/eurostat/api/dissemination/statistics/1.0/data/ef_m_farmang?format=JSON&geo=FI1D&unit=EUR&unit=HA&unit=AWU&unit=LSU&unit=HLD&sex=T&sex=M&sex=F&age=TOTAL&age=Y_LT25&age=Y25-34&age=Y35-39&age=Y35-44&age=Y40-44&age=Y45-54&age=Y55-64&age=Y_GE65&so_eur=TOTAL&so_eur=KE0&so_eur=KE_GT0_LT2&so_eur=KE2-3&so_eur=KE4-7&so_eur=KE8-14&so_eur=KE15-24&so_eur=KE25-49&so_eur=KE50-99&so_eur=KE100-249&so_eur=KE250-499&so_eur=KE_GE500&uaarea=TOTAL&uaarea=HA0&uaarea=HA_GT0_LT2&uaarea=HA2-4&uaarea=HA5-9&uaarea=HA10-19&uaarea=HA20-29&uaarea=HA30-49&uaarea=HA50-99&uaarea=HA_GE100&crops=UAA&lang=en
Farms and hectares by type of crops, utilised agricultural area, economic size and NUTS 2 region;NUTS2;EF_LUS_ALLCROPS;https://ec.europa.eu/eurostat/api/dissemination/statistics/1.0/data/ef_lus_allcrops?format=JSON&geo=FI1D&unit=HA&unit=HLD&so_eur=TOTAL&so_eur=KE0&so_eur=KE_GT0_LT2&so_eur=KE2-3&so_eur=KE4-7&so_eur=KE8-14&so_eur=KE15-24&so_eur=KE25-49&so_eur=KE50-99&so_eur=KE100-249&so_eur=KE250-499&so_eur=KE_GE500&uaarea=TOTAL&uaarea=HA0&uaarea=HA_GT0_LT2&uaarea=HA2-4&uaarea=HA5-9&uaarea=HA10-19&uaarea=HA20-29&uaarea=HA30-49&uaarea=HA50-99&uaarea=HA_GE100&crops=UAA&crops=UAA09S&crops=UAAT&crops=UAAS&crops=ARA09S&crops=ARA&crops=C0000&crops=C1110&crops=C1120&crops=C1200&crops=C1300&crops=C1400&crops=C1500&crops=C1600_1700_1900&crops=C2000&crops=P0000&crops=P1000&crops=P9000&crops=R0000&crops=R1000&crops=R2000&crops=R9000&crops=I0000&crops=I1110&crops=I1120&crops=I1130&crops=I1140&crops=I1150_2300&crops=I1190&crops=I2000&crops=I2100&crops=I2200&crops=I2900&crops=I3000&crops=I4000&crops=I5000&crops=I6000_9000&crops=I9000&crops=G0000&crops=G0000X1000&crops=G1000&crops=G2000&crops=G3000&crops=G9000&crops=G9100&crops=G9900&crops=V0000_S0000&crops=V0000_S0000T&crops=V0000_S0000TO&crops=V0000_S0000TK&crops=V0000_S0000S&crops=N0000&crops=N0000T&crops=N0000S&crops=E0000&crops=ARA99&crops=Q0000&crops=J0000&crops=J1000&crops=J2000&crops=J3000TE&crops=PECR&crops=PECRT&crops=PECRS&crops=F0000&crops=F1000_2000&crops=F1000&crops=F1100&crops=F1200&crops=F2000&crops=F3000&crops=F4000&crops=T0000&crops=W1000&crops=W1100&crops=W1110_1120&crops=W1110&crops=W1120&crops=W1190&crops=W1200&crops=W1300&crops=O1000&crops=O1100&crops=O1910&crops=L0000&crops=PECR9_H9000&crops=X0000&crops=U1000&crops=SRCAA&lang=en
Main crops by NUTS 2 region;NUTS2;EF_LAC_MAIN;https://ec.europa.eu/eurostat/api/dissemination/statistics/1.0/data/ef_lac_main?format=JSON&sinceTimePeriod=2016&geo=FI1D&unit=HA&unit=HLD&so_eur=TOTAL&so_eur=KE0&so_eur=KE_LT2&so_eur=KE2-3&so_eur=KE4-7&so_eur=KE8-14&so_eur=KE15-24&so_eur=KE25-49&so_eur=KE50-99&so_eur=KE100-249&so_eur=KE250-499&so_eur=KE_GE500&arable=TOTAL&arable=HA0&arable=HA_LT1&arable=HA1&arable=HA2-4&arable=HA5-9&arable=HA10-19&arable=HA20-29&arable=HA30-79&arable=HA80-149&arable=HA_GE150&crops=ARA&crops=C0000&crops=C0000T&crops=P0000&crops=R0000&crops=I0000&crops=G0000&crops=V0000_S0000&crops=N0000&crops=E0000&crops=E0000T&crops=ARA99&crops=ARA99T&crops=Q0000&crops=Q0000T&agrarea=TOTAL&agrarea=HA0&agrarea=HA_LT2&agrarea=HA2-4&agrarea=HA5-9&agrarea=HA10-19&agrarea=HA20-29&agrarea=HA30-49&agrarea=HA50-99&agrarea=HA_GE100&lang=en
Main livestock indicators by NUTS 2 region;NUTS2;EF_LSK_MAIN;https://ec.europa.eu/eurostat/api/dissemination/statistics/1.0/data/ef_lsk_main?format=JSON&lastTimePeriod=1&geo=FI1D&unit=LSU&unit=HD&unit=HLD&unit=HIVE&farmtype=TOTAL&farmtype=FT15_SO&farmtype=FT16_SO&farmtype=FT21_SO&farmtype=FT22_SO&farmtype=FT23_SO&farmtype=FT35_SO&farmtype=FT36_SO&farmtype=FT37_SO&farmtype=FT38_SO&farmtype=FT45_SO&farmtype=FT46_SO&farmtype=FT47_SO&farmtype=FT48_SO&farmtype=FT51_SO&farmtype=FT52_SO&farmtype=FT53_SO&farmtype=FT61_SO&farmtype=FT73_SO&farmtype=FT74_SO&farmtype=FT83_SO&farmtype=FT84_SO&farmtype=FT90_SO&so_eur=TOTAL&uaarea=TOTAL&lsu=TOTAL&animals=A0010&animals=A1000&animals=A2000&animals=A3100&animals=A4100&animals=A4200&animals=A5000&animals=A6111&animals=A6710R&animals=A6900A&lang=en
Beneficiary of rural development support measures by legal form, economic size and farm type of the agricultural holding and NUTS 2 region;NUTS2;EF_RD_LEG;https://ec.europa.eu/eurostat/api/dissemination/statistics/1.0/data/ef_rd_leg?format=JSON&geo=FI1D&unit=HA&unit=HLD&leg_form=TOTAL&leg_form=PER_NTL&leg_form=PER_LEG&leg_form=HLD_GRP&leg_form=UNIT_CML&so_eur=TOTAL&so_eur=KE_GE0_LT2&so_eur=KE2-7&so_eur=KE8-24&so_eur=KE25-99&so_eur=KE_GE100&ruraldev=TOTAL&ruraldev=RDEV&ruraldev=RDEV_A&ruraldev=RDEV_A01&ruraldev=RDEV_A011&ruraldev=RDEV_A012&ruraldev=RDEV_A013&ruraldev=RDEV_A014&ruraldev=RDEV_A04&ruraldev=RDEV_A09&ruraldev=RDEV_A11&ruraldev=RDEV_A111&ruraldev=RDEV_A112&ruraldev=RDEV_B&ruraldev=RDEV_B01&ruraldev=RDEV_B05&ruraldev=RDEV_C&ruraldev=RDEV_C01&ruraldev=RDEV_C02&ruraldev=RDEV_C03&ruraldev=RDEV_C05&ruraldev=RDEV_D&ruraldev=RDEV_D01&ruraldev=RDEV_D011&ruraldev=RDEV_D012&ruraldev=RDEV_E&ruraldev=RDEV_E01&ruraldev=RDEV_E02&ruraldev=RDEV_F&ruraldev=RDEV_F03&ruraldev=RDEV_G&ruraldev=RDEV_G03&ruraldev=RDEV_G05&ruraldev=NRDEV&statinfo=TOTAL&statinfo=ABVTH&statinfo=BLWTH&farmtype=TOTAL&farmtype=CR&farmtype=LS&farmtype=OTH&lang=en
R&D personnel and researchers by sector of performance, sex and NUTS 2 region;NUTS2;RD_P_PERSREG;https://ec.europa.eu/eurostat/api/dissemination/statistics/1.0/data/rd_p_persreg?format=JSON&geo=FI1D&unit=FTE&unit=HC&unit=PC_ACT_HC&unit=PC_ACT_FTE&unit=PC_EMP_HC&unit=PC_EMP_FTE&prof_pos=TOTAL&prof_pos=RSE&sex=T&sex=F&sectperf=TOTAL&sectperf=BES&sectperf=GOV&sectperf=HES&sectperf=PNP&lang=en
GERD (Gross Domestic Expenditure on Research and Development) by sector of performance and NUTS 2 region;NUTS2;RD_E_GERDREG;https://ec.europa.eu/eurostat/api/dissemination/statistics/1.0/data/rd_e_gerdreg?format=JSON&geo=FI1D&unit=MIO_EUR&unit=EUR_HAB&unit=MIO_NAC&unit=PC_GDP&sectperf=TOTAL&sectperf=BES&sectperf=GOV&sectperf=HES&sectperf=PNP&lang=en
HRST (Human resources in Science and Technology) by category and NUTS 2 region;NUTS2;HRST_ST_RCAT;https://ec.europa.eu/eurostat/api/dissemination/statistics/1.0/data/hrst_st_rcat?format=JSON&geo=FI1D&unit=THS_PER&unit=PC_POP&unit=PC_ACT&category=HRST&category=HRSTE&category=HRSTO&category=HRSTC&category=SE&lang=en
Employment in technology and knowledge-intensive sectors by NUTS 2 region and sex (from 2008 onwards, NACE Rev. 2);NUTS2;HTEC_EMP_REG2;https://ec.europa.eu/eurostat/api/dissemination/statistics/1.0/data/htec_emp_reg2?format=JSON&geo=FI1D&unit=THS_PER&unit=PC_EMP&nace_r2=TOTAL&nace_r2=A_B&nace_r2=HTC&nace_r2=C&nace_r2=C_HTC_MH&nace_r2=C_HTC_M&nace_r2=C_HTC&nace_r2=C_LTC_LM&nace_r2=C_LTC_M&nace_r2=C_LTC&nace_r2=D-F&nace_r2=G-U&nace_r2=G_I_T&nace_r2=H49-H52_N79&nace_r2=KIS&nace_r2=KIS_HTC&nace_r2=KIS_MKT_OTH&nace_r2=KIS_OTH&nace_r2=LKIS&nace_r2=LKIS_MKT&nace_r2=LKIS_OTH&nace_r2=J&nace_r2=K_L&nace_r2=K&nace_r2=M&nace_r2=N&nace_r2=O_U&nace_r2=P&nace_r2=Q&nace_r2=R&nace_r2=S&nace_r2=OTH&nace_r2=UNK&sex=T&sex=M&sex=F&lang=en
Hospital discharges by diagnosis and NUTS 2 region, in-patients, total number - total;NUTS2;HLTH_CO_DISCH1T;https://ec.europa.eu/eurostat/api/dissemination/statistics/1.0/data/hlth_co_disch1t?format=JSON&geo=FI1D&unit=NR&age=TOTAL&age=Y_LT1&age=Y1-4&age=Y5-9&age=Y10-14&age=Y15-19&age=Y20-24&age=Y25-29&age=Y30-34&age=Y35-39&age=Y40-44&age=Y45-49&age=Y50-54&age=Y55-59&age=Y60-64&age=Y65-69&age=Y70-74&age=Y75-79&age=Y80-84&age=Y85-89&age=Y90-94&age=Y_GE90&age=Y_GE95&age=UNK&indic_he=INPAT&sex=T&icd10=A-T_Z&icd10=A-T_Z_XNB&icd10=A_B&icd10=A15-A19_B90&icd10=A00-A08&icd10=A09&icd10=A40_A41&icd10=B20-B24&icd10=A_B_OTH&icd10=C00-D48&icd10=C18-C21&icd10=C33_C34&icd10=C43_C44&icd10=C50&icd10=C53-C55&icd10=C56&icd10=C61&icd10=C67&icd10=C_OTH&icd10=D00-D09&icd10=D12&icd10=D25&icd10=D00-D48_OTH&icd10=D50-D89&icd10=D50-D64&icd10=D65-D89&icd10=E&icd10=E10-E14&icd10=E_OTH&icd10=F&icd10=F00-F03&icd10=F10&icd10=F11-F19&icd10=F20-F29&icd10=F30-F39&icd10=F_OTH&icd10=G&icd10=G30&icd10=G35&icd10=G40_G41&icd10=G45&icd10=G_OTH&icd10=H00-H59&icd10=H25_H26_H28&icd10=H00-H59_OTH&icd10=H60-H95&icd10=I&icd10=I10-I15&icd10=I20&icd10=I21_I22&icd10=I23-I25&icd10=I26-I28&icd10=I44-I49&icd10=I50&icd10=I60-I69&icd10=I70&icd10=I83&icd10=I_OTH&icd10=J&icd10=J00-J11&icd10=J12-J18&icd10=J20-J22&icd10=J35&icd10=UPRESPIR_OTH&icd10=J45_J46&icd10=J40-J44_J47&icd10=J60-J99&icd10=K&icd10=K00-K08&icd10=K09-K14&icd10=K20-K23&icd10=K25-K28&icd10=K29-K31&icd10=K35-K38&icd10=K40&icd10=K41-K46&icd10=K50_K51&icd10=K52&icd10=K56&icd10=K57&icd10=K60-K62&icd10=INTESTINE_OTH&icd10=K70&icd10=K71-K77&icd10=K80&icd10=K81-K83&icd10=K85-K87&icd10=K_OTH&icd10=L&icd10=L00-L08&icd10=L20-L45&icd10=L_OTH&icd10=M&icd10=M16&icd10=M17&icd10=M23&icd10=ARTHROPAT_OTH&icd10=M30-M36&icd10=M40-M49&icd10=M50_M51&icd10=M54&icd10=M60-M79&icd10=M53_M80-M99&icd10=N&icd10=N00-N16&icd10=N17-N19&icd10=N20-N23&icd10=N25-N39&icd10=N40&icd10=N41-N51&icd10=N60-N64&icd10=N70-N77&icd10=N91-N95&icd10=N_OTH&icd10=O&icd10=O04&icd10=ABORT_OTH&icd10=O10-O48&icd10=O60-O75&icd10=O80&icd10=O81-O84&icd10=O85-O92&icd10=O95-O99&icd10=P&icd10=P07&icd10=P_OTH&icd10=Q&icd10=R&icd10=R07&icd10=R10&icd10=R69&icd10=R_OTH&icd10=S_T&icd10=INJ_OTH&icd10=S06&icd10=INJ_HEAD_OTH&icd10=S52&icd10=S72&icd10=S82&icd10=T20-T32&icd10=T36-T65&icd10=T80-T88&icd10=T90-T98&icd10=S_T_OTH&icd10=U_COV19&icd10=U_COV19_OTH&icd10=Z&icd10=Z03&icd10=Z30&icd10=Z38&icd10=Z51&icd10=Z_OTH&lang=en
Participation rates of selected age groups in education at regional level;NUTS2;EDUC_UOE_ENRA14;https://ec.europa.eu/eurostat/api/dissemination/statistics/1.0/data/educ_uoe_enra14?format=JSON&geo=FI1D&unit=RT&age=Y4&age=Y15-24&age=Y17&age=Y20-24&lang=en
Participation rates in selected education levels at regional level;NUTS2;EDUC_UOE_ENRA15;https://ec.europa.eu/eurostat/api/dissemination/statistics/1.0/data/educ_uoe_enra15?format=JSON&sinceTimePeriod=2015&geo=FI1D&unit=RT&isced11=ED0-8&isced11=ED02-8&isced11=ED1_2&isced11=ED5-8&lang=en
Students enrolled in tertiary education by education level, programme orientation, sex and NUTS 2 region;NUTS2;EDUC_UOE_ENRT06;https://ec.europa.eu/eurostat/api/dissemination/statistics/1.0/data/educ_uoe_enrt06?format=JSON&geo=FI1D&unit=NR&isced11=ED5-8&isced11=ED5&isced11=ED54&isced11=ED55&isced11=ED6&isced11=ED7&isced11=ED8&sex=T&sex=M&sex=F&lang=en
Young people neither in employment nor in education and training by sex and NUTS 2 region (NEET rates);NUTS2;EDAT_LFSE_22;https://ec.europa.eu/eurostat/api/dissemination/statistics/1.0/data/edat_lfse_22?format=JSON&geo=FI1D&unit=PC&sex=T&sex=M&sex=F&age=Y15-24&age=Y15-29&age=Y18-24&age=Y18-29&training=NO_FE_NO_NFE&wstatus=NEMP&lang=en
Number and capacity of recovery and disposal facilities by NUTS 2 region;NUTS2;ENV_WASFAC;https://ec.europa.eu/eurostat/api/dissemination/statistics/1.0/data/env_wasfac?format=JSON&geo=FI1D&indic_env=CAP&indic_env=CAP_RST&indic_env=FAC&indic_env=FAC_CL&wst_oper=DSP_L_OTH&wst_oper=DSP_L&wst_oper=DSP_LH&wst_oper=DSP_LNH&wst_oper=DSP_LIN&wst_oper=DSP_I&wst_oper=DSP_OTH&wst_oper=RCV_E&wst_oper=RCV_R_B&wst_oper=RCV_R&wst_oper=RCV_B&lang=en
Mitigation of Environmental Pressures and Risks;NUTS3;NRG_CHDDR2_A;https://ec.europa.eu/eurostat/api/dissemination/statistics/1.0/data/nrg_chddr2_a?format=JSON&geo=FI1D9&unit=NR&indic_nrg=HDD&indic_nrg=CDD&lang=en
Population change - Demographic balance and crude rates at regional level (NUTS 3) ;NUTS3;demo_r_gind3;https://ec.europa.eu/eurostat/api/dissemination/statistics/1.0/data/demo_r_gind3?format=JSON&geo=FI1D9&indic_de=CNMIGRAT&indic_de=CNMIGRATRT&indic_de=DEATH&indic_de=GBIRTHRT&indic_de=GDEATHRT&indic_de=GROW&indic_de=GROWRT&indic_de=JAN&indic_de=LBIRTH&indic_de=NATGROW&indic_de=NATGROWRT&lang=en
National road freight transport by region of loading (NUTS 3) and type of goods (t) - annual data (from 2008 onwards);NUTS3;ROAD_GO_NA_RL3G;https://ec.europa.eu/eurostat/api/dissemination/statistics/1.0/data/road_go_na_rl3g?format=JSON&geo=ES532&unit=THS_T&nst07=TOTAL&nst07=GT01&nst07=GT02&nst07=GT03&nst07=GT04&nst07=GT05&nst07=GT06&nst07=GT07&nst07=GT08&nst07=GT09&nst07=GT10&nst07=GT11&nst07=GT12&nst07=GT13&nst07=GT14&nst07=GT15&nst07=GT16&nst07=GT17&nst07=GT18&nst07=GT19&nst07=GT20&nst07=UNK&lang=en
National road freight transport by region of unloading (NUTS 3) and type of goods (t) - annual data (from 2008 onwards);NUTS3;ROAD_GO_NA_RU3G;https://ec.europa.eu/eurostat/api/dissemination/statistics/1.0/data/road_go_na_ru3g?format=JSON&geo=ES532&unit=THS_T&nst07=TOTAL&nst07=GT01&nst07=GT02&nst07=GT03&nst07=GT04&nst07=GT05&nst07=GT06&nst07=GT07&nst07=GT08&nst07=GT09&nst07=GT10&nst07=GT11&nst07=GT12&nst07=GT13&nst07=GT14&nst07=GT15&nst07=GT16&nst07=GT17&nst07=GT18&nst07=GT19&nst07=GT20&nst07=UNK&lang=en
Railway transport - national and international railway passengers transport by embarking/disembarking NUTS 2 region;Country;TRAN_R_RAPA;https://ec.europa.eu/eurostat/api/dissemination/statistics/1.0/data/tran_r_rapa?format=JSON&sinceTimePeriod=2015&geo=ES&unit=PAS&c_unload=BE10&c_unload=BE21&c_unload=BE22&c_unload=BE23&c_unload=BE24&c_unload=BE25&c_unload=BE31&c_unload=BE32&c_unload=BE33&c_unload=BE34&c_unload=BE35&c_unload=BEXX&c_unload=BG&c_unload=BG31&c_unload=BG32&c_unload=BG33&c_unload=BG34&c_unload=BG41&c_unload=BG42&c_unload=BGXX&c_unload=CZ01&c_unload=CZ02&c_unload=CZ03&c_unload=CZ04&c_unload=CZ05&c_unload=CZ06&c_unload=CZ07&c_unload=CZ08&c_unload=CZZZ&c_unload=CZXX&c_unload=DK&c_unload=DK01&c_unload=DK02&c_unload=DK03&c_unload=DK04&c_unload=DK05&c_unload=DKZZ&c_unload=DKXX&c_unload=DE1&c_unload=DE11&c_unload=DE12&c_unload=DE13&c_unload=DE14&c_unload=DE2&c_unload=DE21&c_unload=DE22&c_unload=DE23&c_unload=DE24&c_unload=DE25&c_unload=DE26&c_unload=DE27&c_unload=DE30&c_unload=DE40&c_unload=DE41&c_unload=DE42&c_unload=DE50&c_unload=DE60&c_unload=DE7&c_unload=DE71&c_unload=DE72&c_unload=DE73&c_unload=DE80&c_unload=DE9&c_unload=DE91&c_unload=DE92&c_unload=DE93&c_unload=DE94&c_unload=DEA&c_unload=DEA1&c_unload=DEA2&c_unload=DEA3&c_unload=DEA4&c_unload=DEA5&c_unload=DEB&c_unload=DEB1&c_unload=DEB2&c_unload=DEB3&c_unload=DEC0&c_unload=DED&c_unload=DED1&c_unload=DED2&c_unload=DED3&c_unload=DED4&c_unload=DED5&c_unload=DEE0&c_unload=DEE1&c_unload=DEE2&c_unload=DEE3&c_unload=DEF0&c_unload=DEG0&c_unload=DEZZ&c_unload=DEXX&c_unload=EE&c_unload=EEXX&c_unload=IE04&c_unload=IE01&c_unload=IE02&c_unload=IEXX&c_unload=EL11&c_unload=EL12&c_unload=EL13&c_unload=EL14&c_unload=EL23&c_unload=EL24&c_unload=EL25&c_unload=EL30&c_unload=EL52&c_unload=ELXX&c_unload=ES11&c_unload=ES12&c_unload=ES13&c_unload=ES21&c_unload=ES22&c_unload=ES23&c_unload=ES24&c_unload=ES30&c_unload=ES41&c_unload=ES42&c_unload=ES43&c_unload=ES51&c_unload=ES52&c_unload=ES61&c_unload=ES62&c_unload=ESXX&c_unload=FR10&c_unload=FRB0&c_unload=FRC1&c_unload=FRC2&c_unload=FRD1&c_unload=FRD2&c_unload=FRE1&c_unload=FRE2&c_unload=FRF1&c_unload=FRF2&c_unload=FRF3&c_unload=FRG0&c_unload=FRH0&c_unload=FRI1&c_unload=FRI2&c_unload=FRI3&c_unload=FRJ1&c_unload=FRJ2&c_unload=FRK1&c_unload=FRK2&c_unload=FRL0&c_unload=FRM0&c_unload=FR21&c_unload=FR22&c_unload=FR23&c_unload=FR24&c_unload=FR25&c_unload=FR26&c_unload=FR30&c_unload=FR41&c_unload=FR42&c_unload=FR43&c_unload=FR51&c_unload=FR52&c_unload=FR53&c_unload=FR61&c_unload=FR62&c_unload=FR63&c_unload=FR71&c_unload=FR72&c_unload=FR81&c_unload=FR82&c_unload=FR83&c_unload=FRXX&c_unload=HR&c_unload=HR02&c_unload=HR03&c_unload=HR04&c_unload=HR05&c_unload=HR06&c_unload=HRXX&c_unload=HR01&c_unload=ITC1&c_unload=ITC2&c_unload=ITC3&c_unload=ITC4&c_unload=ITD1&c_unload=ITD2&c_unload=ITD3&c_unload=ITD4&c_unload=ITD5&c_unload=ITE1&c_unload=ITE2&c_unload=ITE3&c_unload=ITE4&c_unload=ITF1&c_unload=ITF2&c_unload=ITF3&c_unload=ITF4&c_unload=ITF5&c_unload=ITF6&c_unload=ITG1&c_unload=ITG2&c_unload=ITH1&c_unload=ITH2&c_unload=ITH3&c_unload=ITH4&c_unload=ITH5&c_unload=ITI1&c_unload=ITI2&c_unload=ITI3&c_unload=ITI4&c_unload=ITXX&c_unload=LV&c_unload=LVXX&c_unload=LT&c_unload=LT02&c_unload=LTXX&c_unload=LU&c_unload=LUXX&c_unload=HU11&c_unload=HU12&c_unload=HU10&c_unload=HU21&c_unload=HU22&c_unload=HU23&c_unload=HU31&c_unload=HU32&c_unload=HU33&c_unload=HUZZ&c_unload=HUXX&c_unload=NL11&c_unload=NL12&c_unload=NL13&c_unload=NL21&c_unload=NL22&c_unload=NL23&c_unload=NL31&c_unload=NL32&c_unload=NL33&c_unload=NL34&c_unload=NL41&c_unload=NL42&c_unload=NLXX&c_unload=AT11&c_unload=AT12&c_unload=AT13&c_unload=AT21&c_unload=AT22&c_unload=AT31&c_unload=AT32&c_unload=AT33&c_unload=AT34&c_unload=ATXX&c_unload=PL11&c_unload=PL12&c_unload=PL21&c_unload=PL22&c_unload=PL31&c_unload=PL32&c_unload=PL33&c_unload=PL34&c_unload=PL41&c_unload=PL42&c_unload=PL43&c_unload=PL51&c_unload=PL52&c_unload=PL61&c_unload=PL62&c_unload=PL63&c_unload=PL71&c_unload=PL72&c_unload=PL81&c_unload=PL82&c_unload=PL84&c_unload=PL91&c_unload=PL92&c_unload=PLXX&c_unload=PT11&c_unload=PT15&c_unload=PT16&c_unload=PT17&c_unload=PT18&c_unload=PTXX&c_unload=RO&c_unload=RO11&c_unload=RO12&c_unload=RO21&c_unload=RO22&c_unload=RO31&c_unload=RO32&c_unload=RO41&c_unload=RO42&c_unload=ROZZ&c_unload=ROXX&c_unload=SI&c_unload=SI03&c_unload=SI01&c_unload=ES53&c_unload=SI02&c_unload=SIZZ&c_unload=SIXX&c_unload=SK01&c_unload=SK02&c_unload=SK03&c_unload=SK04&c_unload=SKXX&c_unload=FI13&c_unload=FI18&c_unload=FI19&c_unload=FI1A&c_unload=FI1B&c_unload=FI1C&c_unload=FI1D&c_unload=FIXX&c_unload=SE11&c_unload=SE12&c_unload=SE21&c_unload=SE22&c_unload=SE23&c_unload=SE31&c_unload=SE32&c_unload=SE33&c_unload=SEZZ&c_unload=SEXX&c_unload=LI&c_unload=LIXX&c_unload=NO01&c_unload=NO02&c_unload=NO03&c_unload=NO04&c_unload=NO05&c_unload=NO06&c_unload=NO07&c_unload=NO08&c_unload=NO09&c_unload=NO0A&c_unload=NOXX&c_unload=CH01&c_unload=CH02&c_unload=CH03&c_unload=CH04&c_unload=CH05&c_unload=CH06&c_unload=CH07&c_unload=CHZZ&c_unload=CHXX&c_unload=UKC1&c_unload=UKC2&c_unload=UKD1&c_unload=UKD2&c_unload=UKD3&c_unload=UKD4&c_unload=UKD5&c_unload=UKD6&c_unload=UKD7&c_unload=UKE1&c_unload=UKE2&c_unload=UKE3&c_unload=UKE4&c_unload=UKF1&c_unload=UKF2&c_unload=UKF3&c_unload=UKG1&c_unload=UKG2&c_unload=UKG3&c_unload=UKH1&c_unload=UKH2&c_unload=UKH3&c_unload=UKI1&c_unload=UKI2&c_unload=UKI3&c_unload=UKI4&c_unload=UKI5&c_unload=UKI6&c_unload=UKI7&c_unload=UKJ1&c_unload=UKJ2&c_unload=UKJ3&c_unload=UKJ4&c_unload=UKK1&c_unload=UKK2&c_unload=UKK3&c_unload=UKK4&c_unload=UKL1&c_unload=UKL2&c_unload=UKM1&c_unload=UKM2&c_unload=UKM3&c_unload=UKM4&c_unload=UKM5&c_unload=UKM6&c_unload=UKN0&c_unload=UKZZ&c_unload=UKXX&c_unload=BA&c_unload=ME00&c_unload=MEXX&c_unload=MD&c_unload=MK&c_unload=MKXX&c_unload=RS&c_unload=RSXX&c_unload=TR&c_unload=TR10&c_unload=TR21&c_unload=TR22&c_unload=TR31&c_unload=TR32&c_unload=TR33&c_unload=TR41&c_unload=TR42&c_unload=TR51&c_unload=TR52&c_unload=TR61&c_unload=TR62&c_unload=TR63&c_unload=TR71&c_unload=TR72&c_unload=TR81&c_unload=TR82&c_unload=TR83&c_unload=TRA1&c_unload=TRA2&c_unload=TRB1&c_unload=TRB2&c_unload=TRC1&c_unload=TRC2&c_unload=TRC3&c_unload=TRXX&c_unload=UA&c_unload=BY&c_unload=MC&c_unload=RU&c_unload=SM&c_unload=RS_ME&c_unload=TN&c_unload=US&c_unload=KZ&c_unload=JP&c_unload=UNK&c_load=BE10&c_load=BE21&c_load=BE22&c_load=BE23&c_load=BE24&c_load=BE25&c_load=BE31&c_load=BE32&c_load=BE33&c_load=BE34&c_load=BE35&c_load=BEXX&c_load=BG&c_load=BG31&c_load=BG32&c_load=BG33&c_load=BG34&c_load=BG41&c_load=BG42&c_load=BGXX&c_load=CZ01&c_load=CZ02&c_load=CZ03&c_load=CZ04&c_load=CZ05&c_load=CZ06&c_load=CZ07&c_load=CZ08&c_load=CZZZ&c_load=CZXX&c_load=DK&c_load=DK01&c_load=DK02&c_load=DK03&c_load=DK04&c_load=DK05&c_load=DKXX&c_load=DE1&c_load=DE11&c_load=DE12&c_load=DE13&c_load=DE14&c_load=DE2&c_load=DE21&c_load=DE22&c_load=DE23&c_load=DE24&c_load=DE25&c_load=DE26&c_load=DE27&c_load=DE30&c_load=DE40&c_load=DE41&c_load=DE42&c_load=DE50&c_load=DE60&c_load=DE7&c_load=DE71&c_load=DE72&c_load=DE73&c_load=DE80&c_load=DE9&c_load=DE91&c_load=DE92&c_load=DE93&c_load=DE94&c_load=DEA&c_load=DEA1&c_load=DEA2&c_load=DEA3&c_load=DEA4&c_load=DEA5&c_load=DEB&c_load=DEB1&c_load=DEB2&c_load=DEB3&c_load=DEC0&c_load=DED&c_load=DED1&c_load=DED2&c_load=DED3&c_load=DED4&c_load=DED5&c_load=DEE0&c_load=DEE1&c_load=DEE2&c_load=DEE3&c_load=DEF0&c_load=DEG0&c_load=DEZZ&c_load=DEXX&c_load=EE&c_load=EEXX&c_load=IE04&c_load=IE01&c_load=IE02&c_load=IEXX&c_load=EL11&c_load=EL12&c_load=EL13&c_load=EL14&c_load=EL23&c_load=EL24&c_load=EL25&c_load=EL30&c_load=EL52&c_load=ELXX&c_load=ES11&c_load=ES12&c_load=ES13&c_load=ES21&c_load=ES22&c_load=ES23&c_load=ES24&c_load=ES30&c_load=ES41&c_load=ES42&c_load=ES43&c_load=ES51&c_load=ES52&c_load=ES61&c_load=ES62&c_load=ESXX&c_load=FR10&c_load=FRB0&c_load=FRC1&c_load=FRC2&c_load=FRD1&c_load=FRD2&c_load=FRE1&c_load=FRE2&c_load=FRF1&c_load=FRF2&c_load=FRF3&c_load=FRG0&c_load=FRH0&c_load=FRI1&c_load=FRI2&c_load=FRI3&c_load=FRJ1&c_load=FRJ2&c_load=FRK1&c_load=FRK2&c_load=FRL0&c_load=FRM0&c_load=FR21&c_load=FR22&c_load=FR23&c_load=FR24&c_load=FR25&c_load=FR26&c_load=FR30&c_load=FR41&c_load=FR42&c_load=FR43&c_load=FR51&c_load=FR52&c_load=FR53&c_load=FR61&c_load=FR62&c_load=FR63&c_load=FR71&c_load=FR72&c_load=FR81&c_load=FR82&c_load=FR83&c_load=FRXX&c_load=HR&c_load=HR02&c_load=HR03&c_load=HR04&c_load=HR05&c_load=HR06&c_load=HRXX&c_load=HR01&c_load=ITC1&c_load=ITC2&c_load=ITC3&c_load=ITC4&c_load=ITD1&c_load=ITD2&c_load=ITD3&c_load=ITD4&c_load=ITD5&c_load=ITE1&c_load=ITE2&c_load=ITE3&c_load=ITE4&c_load=ITF1&c_load=ITF2&c_load=ITF3&c_load=ITF4&c_load=ITF5&c_load=ITF6&c_load=ITG1&c_load=ITG2&c_load=ITH1&c_load=ITH2&c_load=ITH3&c_load=ITH4&c_load=ITH5&c_load=ITI1&c_load=ITI2&c_load=ITI3&c_load=ITI4&c_load=ITXX&c_load=LV&c_load=LVXX&c_load=LT&c_load=LT02&c_load=LTXX&c_load=LU&c_load=LUXX&c_load=HU11&c_load=HU12&c_load=HU10&c_load=HU21&c_load=HU22&c_load=HU23&c_load=HU31&c_load=HU32&c_load=HU33&c_load=HUZZ&c_load=HUXX&c_load=NL11&c_load=NL12&c_load=NL13&c_load=NL21&c_load=NL22&c_load=NL23&c_load=NL31&c_load=NL32&c_load=NL33&c_load=NL34&c_load=NL41&c_load=NL42&c_load=NLXX&c_load=AT11&c_load=AT12&c_load=AT13&c_load=AT21&c_load=AT22&c_load=AT31&c_load=AT32&c_load=AT33&c_load=AT34&c_load=ATXX&c_load=PL11&c_load=PL12&c_load=PL21&c_load=PL22&c_load=PL31&c_load=PL32&c_load=PL33&c_load=PL34&c_load=PL41&c_load=PL42&c_load=PL43&c_load=PL51&c_load=PL52&c_load=PL61&c_load=PL62&c_load=PL63&c_load=PL71&c_load=PL72&c_load=PL81&c_load=PL82&c_load=PL84&c_load=PL91&c_load=PL92&c_load=PLXX&c_load=PT11&c_load=PT15&c_load=PT16&c_load=PT17&c_load=PT18&c_load=PTXX&c_load=RO&c_load=RO11&c_load=RO12&c_load=RO21&c_load=RO22&c_load=RO31&c_load=RO32&c_load=RO41&c_load=RO42&c_load=ROXX&c_load=SI&c_load=SI03&c_load=SI01&c_load=ES53&c_load=SI02&c_load=SIZZ&c_load=SIXX&c_load=SK01&c_load=SK02&c_load=SK03&c_load=SK04&c_load=SKXX&c_load=FI13&c_load=FI18&c_load=FI19&c_load=FI1A&c_load=FI1B&c_load=FI1C&c_load=FI1D&c_load=FIXX&c_load=SE11&c_load=SE12&c_load=SE21&c_load=SE22&c_load=SE23&c_load=SE31&c_load=SE32&c_load=SE33&c_load=SEZZ&c_load=SEXX&c_load=LI&c_load=LIXX&c_load=NO01&c_load=NO02&c_load=NO03&c_load=NO04&c_load=NO05&c_load=NO06&c_load=NO07&c_load=NO08&c_load=NO09&c_load=NO0A&c_load=NOXX&c_load=CH01&c_load=CH02&c_load=CH03&c_load=CH04&c_load=CH05&c_load=CH06&c_load=CH07&c_load=CHZZ&c_load=CHXX&c_load=UKC1&c_load=UKC2&c_load=UKD1&c_load=UKD2&c_load=UKD3&c_load=UKD4&c_load=UKD5&c_load=UKD6&c_load=UKD7&c_load=UKE1&c_load=UKE2&c_load=UKE3&c_load=UKE4&c_load=UKF1&c_load=UKF2&c_load=UKF3&c_load=UKG1&c_load=UKG2&c_load=UKG3&c_load=UKH1&c_load=UKH2&c_load=UKH3&c_load=UKI1&c_load=UKI2&c_load=UKI3&c_load=UKI4&c_load=UKI5&c_load=UKI6&c_load=UKI7&c_load=UKJ1&c_load=UKJ2&c_load=UKJ3&c_load=UKJ4&c_load=UKK1&c_load=UKK2&c_load=UKK3&c_load=UKK4&c_load=UKL1&c_load=UKL2&c_load=UKM1&c_load=UKM2&c_load=UKM3&c_load=UKM4&c_load=UKM5&c_load=UKM6&c_load=UKN0&c_load=UKXX&c_load=BA&c_load=ME00&c_load=MEXX&c_load=MD&c_load=MK&c_load=MKXX&c_load=RS&c_load=RSXX&c_load=TR&c_load=TR10&c_load=TR21&c_load=TR22&c_load=TR31&c_load=TR32&c_load=TR33&c_load=TR41&c_load=TR42&c_load=TR51&c_load=TR52&c_load=TR61&c_load=TR62&c_load=TR63&c_load=TR71&c_load=TR72&c_load=TR81&c_load=TR82&c_load=TR83&c_load=TRA1&c_load=TRA2&c_load=TRB1&c_load=TRB2&c_load=TRC1&c_load=TRC2&c_load=TRC3&c_load=TRXX&c_load=UA&c_load=BY&c_load=MC&c_load=RU&c_load=SM&c_load=RS_ME&c_load=EG&c_load=MA&c_load=SH&c_load=US&c_load=KZ&c_load=JP&c_load=IR&c_load=IL&c_load=SA&c_load=UNK&lang=en
Stock of electric vehicles by category and NUTS 2 region;NUTS2;TRAN_R_ELVEHST;https://ec.europa.eu/eurostat/api/dissemination/statistics/1.0/data/tran_r_elvehst?format=JSON&geo=ES53&unit=NR&unit=PC&vehicle=VG_LE3P5&vehicle=CAR&vehicle=BUS_MCO_TRO&lang=en
Farm indicators by age and sex of the manager, economic size of the farm, utilised agricultural area and NUTS 2 region;NUTS2;EF_M_FARMANG;https://ec.europa.eu/eurostat/api/dissemination/statistics/1.0/data/ef_m_farmang?format=JSON&geo=ES53&unit=EUR&unit=HA&unit=AWU&unit=LSU&unit=HLD&sex=T&sex=M&sex=F&age=TOTAL&age=Y_LT25&age=Y25-34&age=Y35-39&age=Y35-44&age=Y40-44&age=Y45-54&age=Y55-64&age=Y_GE65&so_eur=TOTAL&so_eur=KE0&so_eur=KE_GT0_LT2&so_eur=KE2-3&so_eur=KE4-7&so_eur=KE8-14&so_eur=KE15-24&so_eur=KE25-49&so_eur=KE50-99&so_eur=KE100-249&so_eur=KE250-499&so_eur=KE_GE500&uaarea=TOTAL&uaarea=HA0&uaarea=HA_GT0_LT2&uaarea=HA2-4&uaarea=HA5-9&uaarea=HA10-19&uaarea=HA20-29&uaarea=HA30-49&uaarea=HA50-99&uaarea=HA_GE100&crops=UAA&lang=en
Farms and hectares by type of crops, utilised agricultural area, economic size and NUTS 2 region;NUTS2;EF_LUS_ALLCROPS;https://ec.europa.eu/eurostat/api/dissemination/statistics/1.0/data/ef_lus_allcrops?format=JSON&geo=ES53&unit=HA&unit=HLD&so_eur=TOTAL&so_eur=KE0&so_eur=KE_GT0_LT2&so_eur=KE2-3&so_eur=KE4-7&so_eur=KE8-14&so_eur=KE15-24&so_eur=KE25-49&so_eur=KE50-99&so_eur=KE100-249&so_eur=KE250-499&so_eur=KE_GE500&uaarea=TOTAL&uaarea=HA0&uaarea=HA_GT0_LT2&uaarea=HA2-4&uaarea=HA5-9&uaarea=HA10-19&uaarea=HA20-29&uaarea=HA30-49&uaarea=HA50-99&uaarea=HA_GE100&crops=UAA&crops=UAA09S&crops=UAAT&crops=UAAS&crops=ARA09S&crops=ARA&crops=C0000&crops=C1110&crops=C1120&crops=C1200&crops=C1300&crops=C1400&crops=C1500&crops=C1600_1700_1900&crops=C2000&crops=P0000&crops=P1000&crops=P9000&crops=R0000&crops=R1000&crops=R2000&crops=R9000&crops=I0000&crops=I1110&crops=I1120&crops=I1130&crops=I1140&crops=I1150_2300&crops=I1190&crops=I2000&crops=I2100&crops=I2200&crops=I2900&crops=I3000&crops=I4000&crops=I5000&crops=I6000_9000&crops=I9000&crops=G0000&crops=G0000X1000&crops=G1000&crops=G2000&crops=G3000&crops=G9000&crops=G9100&crops=G9900&crops=V0000_S0000&crops=V0000_S0000T&crops=V0000_S0000TO&crops=V0000_S0000TK&crops=V0000_S0000S&crops=N0000&crops=N0000T&crops=N0000S&crops=E0000&crops=ARA99&crops=Q0000&crops=J0000&crops=J1000&crops=J2000&crops=J3000TE&crops=PECR&crops=PECRT&crops=PECRS&crops=F0000&crops=F1000_2000&crops=F1000&crops=F1100&crops=F1200&crops=F2000&crops=F3000&crops=F4000&crops=T0000&crops=W1000&crops=W1100&crops=W1110_1120&crops=W1110&crops=W1120&crops=W1190&crops=W1200&crops=W1300&crops=O1000&crops=O1100&crops=O1910&crops=L0000&crops=PECR9_H9000&crops=X0000&crops=U1000&crops=SRCAA&lang=en
Main crops by NUTS 2 region;NUTS2;EF_LAC_MAIN;https://ec.europa.eu/eurostat/api/dissemination/statistics/1.0/data/ef_lac_main?format=JSON&sinceTimePeriod=2016&geo=ES53&unit=HA&unit=HLD&so_eur=TOTAL&so_eur=KE0&so_eur=KE_LT2&so_eur=KE2-3&so_eur=KE4-7&so_eur=KE8-14&so_eur=KE15-24&so_eur=KE25-49&so_eur=KE50-99&so_eur=KE100-249&so_eur=KE250-499&so_eur=KE_GE500&arable=TOTAL&arable=HA0&arable=HA_LT1&arable=HA1&arable=HA2-4&arable=HA5-9&arable=HA10-19&arable=HA20-29&arable=HA30-79&arable=HA80-149&arable=HA_GE150&crops=ARA&crops=C0000&crops=C0000T&crops=P0000&crops=R0000&crops=I0000&crops=G0000&crops=V0000_S0000&crops=N0000&crops=E0000&crops=E0000T&crops=ARA99&crops=ARA99T&crops=Q0000&crops=Q0000T&agrarea=TOTAL&agrarea=HA0&agrarea=HA_LT2&agrarea=HA2-4&agrarea=HA5-9&agrarea=HA10-19&agrarea=HA20-29&agrarea=HA30-49&agrarea=HA50-99&agrarea=HA_GE100&lang=en
Vegetables by NUTS 2 region;NUTS2;EF_LAC_VEGE;https://ec.europa.eu/eurostat/api/dissemination/statistics/1.0/data/ef_lac_vege?format=JSON&sinceTimePeriod=2016&geo=ES53&unit=HA&unit=HLD&so_eur=TOTAL&so_eur=KE0&so_eur=KE_LT2&so_eur=KE2-3&so_eur=KE4-7&so_eur=KE8-14&so_eur=KE15-24&so_eur=KE25-49&so_eur=KE50-99&so_eur=KE100-249&so_eur=KE250-499&so_eur=KE_GE500&croparea=TOTAL&croparea=HA0&croparea=HA_LT01&croparea=HA01&croparea=HA02&croparea=HA03-04&croparea=HA05-09&croparea=HA1&croparea=HA2-4&croparea=HA_GE5&crops=ARA&crops=V0000_S0000&crops=V0000_S0000T&crops=V0000_S0000TO&crops=V0000_S0000TK&crops=V0000_S0000S&agrarea=TOTAL&agrarea=HA0&agrarea=HA_LT2&agrarea=HA2-4&agrarea=HA5-9&agrarea=HA10-19&agrarea=HA20-29&agrarea=HA30-49&agrarea=HA50-99&agrarea=HA_GE100&lang=en
Main livestock indicators by NUTS 2 region;NUTS2;EF_LSK_MAIN;https://ec.europa.eu/eurostat/api/dissemination/statistics/1.0/data/ef_lsk_main?format=JSON&lastTimePeriod=1&geo=ES53&unit=LSU&unit=HD&unit=HLD&unit=HIVE&farmtype=TOTAL&farmtype=FT15_SO&farmtype=FT16_SO&farmtype=FT21_SO&farmtype=FT22_SO&farmtype=FT23_SO&farmtype=FT35_SO&farmtype=FT36_SO&farmtype=FT37_SO&farmtype=FT38_SO&farmtype=FT45_SO&farmtype=FT46_SO&farmtype=FT47_SO&farmtype=FT48_SO&farmtype=FT51_SO&farmtype=FT52_SO&farmtype=FT53_SO&farmtype=FT61_SO&farmtype=FT73_SO&farmtype=FT74_SO&farmtype=FT83_SO&farmtype=FT84_SO&farmtype=FT90_SO&so_eur=TOTAL&uaarea=TOTAL&lsu=TOTAL&animals=A0010&animals=A1000&animals=A2000&animals=A3100&animals=A4100&animals=A4200&animals=A5000&animals=A6111&animals=A6710R&animals=A6900A&lang=en
Beneficiary of rural development support measures by legal form, economic size and farm type of the agricultural holding and NUTS 2 region;NUTS2;EF_RD_LEG;https://ec.europa.eu/eurostat/api/dissemination/statistics/1.0/data/ef_rd_leg?format=JSON&geo=ES53&unit=HA&unit=HLD&leg_form=TOTAL&leg_form=PER_NTL&leg_form=PER_LEG&leg_form=HLD_GRP&leg_form=UNIT_CML&so_eur=TOTAL&so_eur=KE_GE0_LT2&so_eur=KE2-7&so_eur=KE8-24&so_eur=KE25-99&so_eur=KE_GE100&ruraldev=TOTAL&ruraldev=RDEV&ruraldev=RDEV_A&ruraldev=RDEV_A01&ruraldev=RDEV_A011&ruraldev=RDEV_A012&ruraldev=RDEV_A013&ruraldev=RDEV_A014&ruraldev=RDEV_A04&ruraldev=RDEV_A09&ruraldev=RDEV_A11&ruraldev=RDEV_A111&ruraldev=RDEV_A112&ruraldev=RDEV_B&ruraldev=RDEV_B01&ruraldev=RDEV_B05&ruraldev=RDEV_C&ruraldev=RDEV_C01&ruraldev=RDEV_C02&ruraldev=RDEV_C03&ruraldev=RDEV_C05&ruraldev=RDEV_D&ruraldev=RDEV_D01&ruraldev=RDEV_D011&ruraldev=RDEV_D012&ruraldev=RDEV_E&ruraldev=RDEV_E01&ruraldev=RDEV_E02&ruraldev=RDEV_F&ruraldev=RDEV_F03&ruraldev=RDEV_G&ruraldev=RDEV_G03&ruraldev=RDEV_G05&ruraldev=NRDEV&statinfo=TOTAL&statinfo=ABVTH&statinfo=BLWTH&farmtype=TOTAL&farmtype=CR&farmtype=LS&farmtype=OTH&lang=en
R&D personnel and researchers by sector of performance, sex and NUTS 2 region;NUTS2;RD_P_PERSREG;https://ec.europa.eu/eurostat/api/dissemination/statistics/1.0/data/rd_p_persreg?format=JSON&geo=ES53&unit=FTE&unit=HC&unit=PC_ACT_HC&unit=PC_ACT_FTE&unit=PC_EMP_HC&unit=PC_EMP_FTE&prof_pos=TOTAL&prof_pos=RSE&sex=T&sex=F&sectperf=TOTAL&sectperf=BES&sectperf=GOV&sectperf=HES&sectperf=PNP&lang=en
GERD (Gross Domestic Expenditure on Research and Development) by sector of performance and NUTS 2 region;NUTS2;RD_E_GERDREG;https://ec.europa.eu/eurostat/api/dissemination/statistics/1.0/data/rd_e_gerdreg?format=JSON&geo=ES53&unit=MIO_EUR&unit=EUR_HAB&unit=MIO_NAC&unit=PC_GDP&sectperf=TOTAL&sectperf=BES&sectperf=GOV&sectperf=HES&sectperf=PNP&lang=en
HRST (Human resources in Science and Technology) by category and NUTS 2 region;NUTS2;HRST_ST_RCAT;https://ec.europa.eu/eurostat/api/dissemination/statistics/1.0/data/hrst_st_rcat?format=JSON&geo=ES53&unit=THS_PER&unit=PC_POP&unit=PC_ACT&category=HRST&category=HRSTE&category=HRSTO&category=HRSTC&category=SE&lang=en
Employment in technology and knowledge-intensive sectors by NUTS 2 region and sex (from 2008 onwards, NACE Rev. 2);NUTS2;HTEC_EMP_REG2;https://ec.europa.eu/eurostat/api/dissemination/statistics/1.0/data/htec_emp_reg2?format=JSON&geo=ES53&unit=THS_PER&unit=PC_EMP&nace_r2=TOTAL&nace_r2=A_B&nace_r2=HTC&nace_r2=C&nace_r2=C_HTC_MH&nace_r2=C_HTC_M&nace_r2=C_HTC&nace_r2=C_LTC_LM&nace_r2=C_LTC_M&nace_r2=C_LTC&nace_r2=D-F&nace_r2=G-U&nace_r2=G_I_T&nace_r2=H49-H52_N79&nace_r2=KIS&nace_r2=KIS_HTC&nace_r2=KIS_MKT_OTH&nace_r2=KIS_OTH&nace_r2=LKIS&nace_r2=LKIS_MKT&nace_r2=LKIS_OTH&nace_r2=J&nace_r2=K_L&nace_r2=K&nace_r2=M&nace_r2=N&nace_r2=O_U&nace_r2=P&nace_r2=Q&nace_r2=R&nace_r2=S&nace_r2=OTH&nace_r2=UNK&sex=T&sex=M&sex=F&lang=en
Hospital discharges by diagnosis and NUTS 2 region, in-patients, total number - total;NUTS2;HLTH_CO_DISCH1T;https://ec.europa.eu/eurostat/api/dissemination/statistics/1.0/data/hlth_co_disch1t?format=JSON&geo=ES53&unit=NR&age=TOTAL&age=Y_LT1&age=Y1-4&age=Y5-9&age=Y10-14&age=Y15-19&age=Y20-24&age=Y25-29&age=Y30-34&age=Y35-39&age=Y40-44&age=Y45-49&age=Y50-54&age=Y55-59&age=Y60-64&age=Y65-69&age=Y70-74&age=Y75-79&age=Y80-84&age=Y85-89&age=Y90-94&age=Y_GE90&age=Y_GE95&age=UNK&indic_he=INPAT&sex=T&icd10=A-T_Z&icd10=A-T_Z_XNB&icd10=A_B&icd10=A15-A19_B90&icd10=A00-A08&icd10=A09&icd10=A40_A41&icd10=B20-B24&icd10=A_B_OTH&icd10=C00-D48&icd10=C18-C21&icd10=C33_C34&icd10=C43_C44&icd10=C50&icd10=C53-C55&icd10=C56&icd10=C61&icd10=C67&icd10=C_OTH&icd10=D00-D09&icd10=D12&icd10=D25&icd10=D00-D48_OTH&icd10=D50-D89&icd10=D50-D64&icd10=D65-D89&icd10=E&icd10=E10-E14&icd10=E_OTH&icd10=F&icd10=F00-F03&icd10=F10&icd10=F11-F19&icd10=F20-F29&icd10=F30-F39&icd10=F_OTH&icd10=G&icd10=G30&icd10=G35&icd10=G40_G41&icd10=G45&icd10=G_OTH&icd10=H00-H59&icd10=H25_H26_H28&icd10=H00-H59_OTH&icd10=H60-H95&icd10=I&icd10=I10-I15&icd10=I20&icd10=I21_I22&icd10=I23-I25&icd10=I26-I28&icd10=I44-I49&icd10=I50&icd10=I60-I69&icd10=I70&icd10=I83&icd10=I_OTH&icd10=J&icd10=J00-J11&icd10=J12-J18&icd10=J20-J22&icd10=J35&icd10=UPRESPIR_OTH&icd10=J45_J46&icd10=J40-J44_J47&icd10=J60-J99&icd10=K&icd10=K00-K08&icd10=K09-K14&icd10=K20-K23&icd10=K25-K28&icd10=K29-K31&icd10=K35-K38&icd10=K40&icd10=K41-K46&icd10=K50_K51&icd10=K52&icd10=K56&icd10=K57&icd10=K60-K62&icd10=INTESTINE_OTH&icd10=K70&icd10=K71-K77&icd10=K80&icd10=K81-K83&icd10=K85-K87&icd10=K_OTH&icd10=L&icd10=L00-L08&icd10=L20-L45&icd10=L_OTH&icd10=M&icd10=M16&icd10=M17&icd10=M23&icd10=ARTHROPAT_OTH&icd10=M30-M36&icd10=M40-M49&icd10=M50_M51&icd10=M54&icd10=M60-M79&icd10=M53_M80-M99&icd10=N&icd10=N00-N16&icd10=N17-N19&icd10=N20-N23&icd10=N25-N39&icd10=N40&icd10=N41-N51&icd10=N60-N64&icd10=N70-N77&icd10=N91-N95&icd10=N_OTH&icd10=O&icd10=O04&icd10=ABORT_OTH&icd10=O10-O48&icd10=O60-O75&icd10=O80&icd10=O81-O84&icd10=O85-O92&icd10=O95-O99&icd10=P&icd10=P07&icd10=P_OTH&icd10=Q&icd10=R&icd10=R07&icd10=R10&icd10=R69&icd10=R_OTH&icd10=S_T&icd10=INJ_OTH&icd10=S06&icd10=INJ_HEAD_OTH&icd10=S52&icd10=S72&icd10=S82&icd10=T20-T32&icd10=T36-T65&icd10=T80-T88&icd10=T90-T98&icd10=S_T_OTH&icd10=U_COV19&icd10=U_COV19_OTH&icd10=Z&icd10=Z03&icd10=Z30&icd10=Z38&icd10=Z51&icd10=Z_OTH&lang=en
Participation rates of selected age groups in education at regional level;NUTS2;EDUC_UOE_ENRA14;https://ec.europa.eu/eurostat/api/dissemination/statistics/1.0/data/educ_uoe_enra14?format=JSON&geo=ES53&unit=RT&age=Y4&age=Y15-24&age=Y17&age=Y20-24&lang=en
Participation rates in selected education levels at regional level;NUTS2;EDUC_UOE_ENRA15;https://ec.europa.eu/eurostat/api/dissemination/statistics/1.0/data/educ_uoe_enra15?format=JSON&sinceTimePeriod=2015&geo=ES53&unit=RT&isced11=ED0-8&isced11=ED02-8&isced11=ED1_2&isced11=ED5-8&lang=en
Students enrolled in tertiary education by education level, programme orientation, sex and NUTS 2 region;NUTS2;EDUC_UOE_ENRT06;https://ec.europa.eu/eurostat/api/dissemination/statistics/1.0/data/educ_uoe_enrt06?format=JSON&geo=ES53&unit=NR&isced11=ED5-8&isced11=ED5&isced11=ED54&isced11=ED55&isced11=ED6&isced11=ED7&isced11=ED8&sex=T&sex=M&sex=F&lang=en
Young people neither in employment nor in education and training by sex and NUTS 2 region (NEET rates);NUTS2;EDAT_LFSE_22;https://ec.europa.eu/eurostat/api/dissemination/statistics/1.0/data/edat_lfse_22?format=JSON&geo=ES53&unit=PC&sex=T&sex=M&sex=F&age=Y15-24&age=Y15-29&age=Y18-24&age=Y18-29&training=NO_FE_NO_NFE&wstatus=NEMP&lang=en
Number and capacity of recovery and disposal facilities by NUTS 2 region;NUTS2;ENV_WASFAC;https://ec.europa.eu/eurostat/api/dissemination/statistics/1.0/data/env_wasfac?format=JSON&geo=ES53&indic_env=CAP&indic_env=CAP_RST&indic_env=FAC&indic_env=FAC_CL&wst_oper=DSP_L_OTH&wst_oper=DSP_L&wst_oper=DSP_LH&wst_oper=DSP_LNH&wst_oper=DSP_LIN&wst_oper=DSP_I&wst_oper=DSP_OTH&wst_oper=RCV_E&wst_oper=RCV_R_B&wst_oper=RCV_R&wst_oper=RCV_B&lang=en
Mitigation of Environmental Pressures and Risks;NUTS3;NRG_CHDDR2_A;https://ec.europa.eu/eurostat/api/dissemination/statistics/1.0/data/nrg_chddr2_a?format=JSON&geo=ES532&unit=NR&indic_nrg=HDD&indic_nrg=CDD&lang=en
Population change - Demographic balance and crude rates at regional level (NUTS 3) ;NUTS3;demo_r_gind3;https://ec.europa.eu/eurostat/api/dissemination/statistics/1.0/data/demo_r_gind3?format=JSON&geo=ES532&indic_de=CNMIGRAT&indic_de=CNMIGRATRT&indic_de=DEATH&indic_de=GBIRTHRT&indic_de=GDEATHRT&indic_de=GROW&indic_de=GROWRT&indic_de=JAN&indic_de=LBIRTH&indic_de=NATGROW&indic_de=NATGROWRT&lang=en
National road freight transport by region of loading (NUTS 3) and type of goods (t) - annual data (from 2008 onwards);NUTS3;ROAD_GO_NA_RL3G;https://ec.europa.eu/eurostat/api/dissemination/statistics/1.0/data/road_go_na_rl3g?format=JSON&geo=ITH20&unit=THS_T&nst07=TOTAL&nst07=GT01&nst07=GT02&nst07=GT03&nst07=GT04&nst07=GT05&nst07=GT06&nst07=GT07&nst07=GT08&nst07=GT09&nst07=GT10&nst07=GT11&nst07=GT12&nst07=GT13&nst07=GT14&nst07=GT15&nst07=GT16&nst07=GT17&nst07=GT18&nst07=GT19&nst07=GT20&nst07=UNK&lang=en
National road freight transport by region of unloading (NUTS 3) and type of goods (t) - annual data (from 2008 onwards);NUTS3;ROAD_GO_NA_RU3G;https://ec.europa.eu/eurostat/api/dissemination/statistics/1.0/data/road_go_na_ru3g?format=JSON&geo=ITH20&unit=THS_T&nst07=TOTAL&nst07=GT01&nst07=GT02&nst07=GT03&nst07=GT04&nst07=GT05&nst07=GT06&nst07=GT07&nst07=GT08&nst07=GT09&nst07=GT10&nst07=GT11&nst07=GT12&nst07=GT13&nst07=GT14&nst07=GT15&nst07=GT16&nst07=GT17&nst07=GT18&nst07=GT19&nst07=GT20&nst07=UNK&lang=en
Railway transport - national and international railway passengers transport by embarking/disembarking NUTS 2 region;Country;TRAN_R_RAPA;https://ec.europa.eu/eurostat/api/dissemination/statistics/1.0/data/tran_r_rapa?format=JSON&sinceTimePeriod=2015&geo=IT&unit=PAS&c_unload=BE10&c_unload=BE21&c_unload=BE22&c_unload=BE23&c_unload=BE24&c_unload=BE25&c_unload=BE31&c_unload=BE32&c_unload=BE33&c_unload=BE34&c_unload=BE35&c_unload=BEXX&c_unload=BG&c_unload=BG31&c_unload=BG32&c_unload=BG33&c_unload=BG34&c_unload=BG41&c_unload=BG42&c_unload=BGXX&c_unload=CZ01&c_unload=CZ02&c_unload=CZ03&c_unload=CZ04&c_unload=CZ05&c_unload=CZ06&c_unload=CZ07&c_unload=CZ08&c_unload=CZZZ&c_unload=CZXX&c_unload=DK&c_unload=DK01&c_unload=DK02&c_unload=DK03&c_unload=DK04&c_unload=DK05&c_unload=DKZZ&c_unload=DKXX&c_unload=DE1&c_unload=DE11&c_unload=DE12&c_unload=DE13&c_unload=DE14&c_unload=DE2&c_unload=DE21&c_unload=DE22&c_unload=DE23&c_unload=DE24&c_unload=DE25&c_unload=DE26&c_unload=DE27&c_unload=DE30&c_unload=DE40&c_unload=DE41&c_unload=DE42&c_unload=DE50&c_unload=DE60&c_unload=DE7&c_unload=DE71&c_unload=DE72&c_unload=DE73&c_unload=DE80&c_unload=DE9&c_unload=DE91&c_unload=DE92&c_unload=DE93&c_unload=DE94&c_unload=DEA&c_unload=DEA1&c_unload=DEA2&c_unload=DEA3&c_unload=DEA4&c_unload=DEA5&c_unload=DEB&c_unload=DEB1&c_unload=DEB2&c_unload=DEB3&c_unload=DEC0&c_unload=DED&c_unload=DED1&c_unload=DED2&c_unload=DED3&c_unload=DED4&c_unload=DED5&c_unload=DEE0&c_unload=DEE1&c_unload=DEE2&c_unload=DEE3&c_unload=DEF0&c_unload=DEG0&c_unload=DEZZ&c_unload=DEXX&c_unload=EE&c_unload=EEXX&c_unload=IE04&c_unload=IE01&c_unload=IE02&c_unload=IEXX&c_unload=EL11&c_unload=EL12&c_unload=EL13&c_unload=EL14&c_unload=EL23&c_unload=EL24&c_unload=EL25&c_unload=EL30&c_unload=EL52&c_unload=ELXX&c_unload=ES11&c_unload=ES12&c_unload=ES13&c_unload=ES21&c_unload=ES22&c_unload=ES23&c_unload=ES24&c_unload=ES30&c_unload=ES41&c_unload=ES42&c_unload=ES43&c_unload=ES51&c_unload=ES52&c_unload=ES61&c_unload=ES62&c_unload=ESXX&c_unload=FR10&c_unload=FRB0&c_unload=FRC1&c_unload=FRC2&c_unload=FRD1&c_unload=FRD2&c_unload=FRE1&c_unload=FRE2&c_unload=FRF1&c_unload=FRF2&c_unload=FRF3&c_unload=FRG0&c_unload=FRH0&c_unload=FRI1&c_unload=FRI2&c_unload=FRI3&c_unload=FRJ1&c_unload=FRJ2&c_unload=FRK1&c_unload=FRK2&c_unload=FRL0&c_unload=FRM0&c_unload=FR21&c_unload=FR22&c_unload=FR23&c_unload=FR24&c_unload=FR25&c_unload=FR26&c_unload=FR30&c_unload=FR41&c_unload=FR42&c_unload=FR43&c_unload=FR51&c_unload=FR52&c_unload=FR53&c_unload=FR61&c_unload=FR62&c_unload=FR63&c_unload=FR71&c_unload=FR72&c_unload=FR81&c_unload=FR82&c_unload=FR83&c_unload=FRXX&c_unload=HR&c_unload=HR02&c_unload=HR03&c_unload=HR04&c_unload=HR05&c_unload=HR06&c_unload=HRXX&c_unload=HR01&c_unload=ITC1&c_unload=ITC2&c_unload=ITC3&c_unload=ITC4&c_unload=ITD1&c_unload=ITD2&c_unload=ITD3&c_unload=ITD4&c_unload=ITD5&c_unload=ITE1&c_unload=ITE2&c_unload=ITE3&c_unload=ITE4&c_unload=ITF1&c_unload=ITF2&c_unload=ITF3&c_unload=ITF4&c_unload=ITF5&c_unload=ITF6&c_unload=ITG1&c_unload=ITG2&c_unload=ITH1&c_unload=ITH2&c_unload=ITH3&c_unload=ITH4&c_unload=ITH5&c_unload=ITI1&c_unload=ITI2&c_unload=ITI3&c_unload=ITI4&c_unload=ITXX&c_unload=LV&c_unload=LVXX&c_unload=LT&c_unload=LT02&c_unload=LTXX&c_unload=LU&c_unload=LUXX&c_unload=HU11&c_unload=HU12&c_unload=HU10&c_unload=HU21&c_unload=HU22&c_unload=HU23&c_unload=HU31&c_unload=HU32&c_unload=HU33&c_unload=HUZZ&c_unload=HUXX&c_unload=NL11&c_unload=NL12&c_unload=NL13&c_unload=NL21&c_unload=NL22&c_unload=NL23&c_unload=NL31&c_unload=NL32&c_unload=NL33&c_unload=NL34&c_unload=NL41&c_unload=NL42&c_unload=NLXX&c_unload=AT11&c_unload=AT12&c_unload=AT13&c_unload=AT21&c_unload=AT22&c_unload=AT31&c_unload=AT32&c_unload=AT33&c_unload=AT34&c_unload=ATXX&c_unload=PL11&c_unload=PL12&c_unload=PL21&c_unload=PL22&c_unload=PL31&c_unload=PL32&c_unload=PL33&c_unload=PL34&c_unload=PL41&c_unload=PL42&c_unload=PL43&c_unload=PL51&c_unload=PL52&c_unload=PL61&c_unload=PL62&c_unload=PL63&c_unload=PL71&c_unload=PL72&c_unload=PL81&c_unload=PL82&c_unload=PL84&c_unload=PL91&c_unload=PL92&c_unload=PLXX&c_unload=PT11&c_unload=PT15&c_unload=PT16&c_unload=PT17&c_unload=PT18&c_unload=PTXX&c_unload=RO&c_unload=RO11&c_unload=RO12&c_unload=RO21&c_unload=RO22&c_unload=RO31&c_unload=RO32&c_unload=RO41&c_unload=RO42&c_unload=ROZZ&c_unload=ROXX&c_unload=SI&c_unload=SI03&c_unload=SI01&c_unload=ITH2&c_unload=SI02&c_unload=SIZZ&c_unload=SIXX&c_unload=SK01&c_unload=SK02&c_unload=SK03&c_unload=SK04&c_unload=SKXX&c_unload=FI13&c_unload=FI18&c_unload=FI19&c_unload=FI1A&c_unload=FI1B&c_unload=FI1C&c_unload=FI1D&c_unload=FIXX&c_unload=SE11&c_unload=SE12&c_unload=SE21&c_unload=SE22&c_unload=SE23&c_unload=SE31&c_unload=SE32&c_unload=SE33&c_unload=SEZZ&c_unload=SEXX&c_unload=LI&c_unload=LIXX&c_unload=NO01&c_unload=NO02&c_unload=NO03&c_unload=NO04&c_unload=NO05&c_unload=NO06&c_unload=NO07&c_unload=NO08&c_unload=NO09&c_unload=NO0A&c_unload=NOXX&c_unload=CH01&c_unload=CH02&c_unload=CH03&c_unload=CH04&c_unload=CH05&c_unload=CH06&c_unload=CH07&c_unload=CHZZ&c_unload=CHXX&c_unload=UKC1&c_unload=UKC2&c_unload=UKD1&c_unload=UKD2&c_unload=UKD3&c_unload=UKD4&c_unload=UKD5&c_unload=UKD6&c_unload=UKD7&c_unload=UKE1&c_unload=UKE2&c_unload=UKE3&c_unload=UKE4&c_unload=UKF1&c_unload=UKF2&c_unload=UKF3&c_unload=UKG1&c_unload=UKG2&c_unload=UKG3&c_unload=UKH1&c_unload=UKH2&c_unload=UKH3&c_unload=UKI1&c_unload=UKI2&c_unload=UKI3&c_unload=UKI4&c_unload=UKI5&c_unload=UKI6&c_unload=UKI7&c_unload=UKJ1&c_unload=UKJ2&c_unload=UKJ3&c_unload=UKJ4&c_unload=UKK1&c_unload=UKK2&c_unload=UKK3&c_unload=UKK4&c_unload=UKL1&c_unload=UKL2&c_unload=UKM1&c_unload=UKM2&c_unload=UKM3&c_unload=UKM4&c_unload=UKM5&c_unload=UKM6&c_unload=UKN0&c_unload=UKZZ&c_unload=UKXX&c_unload=BA&c_unload=ME00&c_unload=MEXX&c_unload=MD&c_unload=MK&c_unload=MKXX&c_unload=RS&c_unload=RSXX&c_unload=TR&c_unload=TR10&c_unload=TR21&c_unload=TR22&c_unload=TR31&c_unload=TR32&c_unload=TR33&c_unload=TR41&c_unload=TR42&c_unload=TR51&c_unload=TR52&c_unload=TR61&c_unload=TR62&c_unload=TR63&c_unload=TR71&c_unload=TR72&c_unload=TR81&c_unload=TR82&c_unload=TR83&c_unload=TRA1&c_unload=TRA2&c_unload=TRB1&c_unload=TRB2&c_unload=TRC1&c_unload=TRC2&c_unload=TRC3&c_unload=TRXX&c_unload=UA&c_unload=BY&c_unload=MC&c_unload=RU&c_unload=SM&c_unload=RS_ME&c_unload=TN&c_unload=US&c_unload=KZ&c_unload=JP&c_unload=UNK&c_load=BE10&c_load=BE21&c_load=BE22&c_load=BE23&c_load=BE24&c_load=BE25&c_load=BE31&c_load=BE32&c_load=BE33&c_load=BE34&c_load=BE35&c_load=BEXX&c_load=BG&c_load=BG31&c_load=BG32&c_load=BG33&c_load=BG34&c_load=BG41&c_load=BG42&c_load=BGXX&c_load=CZ01&c_load=CZ02&c_load=CZ03&c_load=CZ04&c_load=CZ05&c_load=CZ06&c_load=CZ07&c_load=CZ08&c_load=CZZZ&c_load=CZXX&c_load=DK&c_load=DK01&c_load=DK02&c_load=DK03&c_load=DK04&c_load=DK05&c_load=DKXX&c_load=DE1&c_load=DE11&c_load=DE12&c_load=DE13&c_load=DE14&c_load=DE2&c_load=DE21&c_load=DE22&c_load=DE23&c_load=DE24&c_load=DE25&c_load=DE26&c_load=DE27&c_load=DE30&c_load=DE40&c_load=DE41&c_load=DE42&c_load=DE50&c_load=DE60&c_load=DE7&c_load=DE71&c_load=DE72&c_load=DE73&c_load=DE80&c_load=DE9&c_load=DE91&c_load=DE92&c_load=DE93&c_load=DE94&c_load=DEA&c_load=DEA1&c_load=DEA2&c_load=DEA3&c_load=DEA4&c_load=DEA5&c_load=DEB&c_load=DEB1&c_load=DEB2&c_load=DEB3&c_load=DEC0&c_load=DED&c_load=DED1&c_load=DED2&c_load=DED3&c_load=DED4&c_load=DED5&c_load=DEE0&c_load=DEE1&c_load=DEE2&c_load=DEE3&c_load=DEF0&c_load=DEG0&c_load=DEZZ&c_load=DEXX&c_load=EE&c_load=EEXX&c_load=IE04&c_load=IE01&c_load=IE02&c_load=IEXX&c_load=EL11&c_load=EL12&c_load=EL13&c_load=EL14&c_load=EL23&c_load=EL24&c_load=EL25&c_load=EL30&c_load=EL52&c_load=ELXX&c_load=ES11&c_load=ES12&c_load=ES13&c_load=ES21&c_load=ES22&c_load=ES23&c_load=ES24&c_load=ES30&c_load=ES41&c_load=ES42&c_load=ES43&c_load=ES51&c_load=ES52&c_load=ES61&c_load=ES62&c_load=ESXX&c_load=FR10&c_load=FRB0&c_load=FRC1&c_load=FRC2&c_load=FRD1&c_load=FRD2&c_load=FRE1&c_load=FRE2&c_load=FRF1&c_load=FRF2&c_load=FRF3&c_load=FRG0&c_load=FRH0&c_load=FRI1&c_load=FRI2&c_load=FRI3&c_load=FRJ1&c_load=FRJ2&c_load=FRK1&c_load=FRK2&c_load=FRL0&c_load=FRM0&c_load=FR21&c_load=FR22&c_load=FR23&c_load=FR24&c_load=FR25&c_load=FR26&c_load=FR30&c_load=FR41&c_load=FR42&c_load=FR43&c_load=FR51&c_load=FR52&c_load=FR53&c_load=FR61&c_load=FR62&c_load=FR63&c_load=FR71&c_load=FR72&c_load=FR81&c_load=FR82&c_load=FR83&c_load=FRXX&c_load=HR&c_load=HR02&c_load=HR03&c_load=HR04&c_load=HR05&c_load=HR06&c_load=HRXX&c_load=HR01&c_load=ITC1&c_load=ITC2&c_load=ITC3&c_load=ITC4&c_load=ITD1&c_load=ITD2&c_load=ITD3&c_load=ITD4&c_load=ITD5&c_load=ITE1&c_load=ITE2&c_load=ITE3&c_load=ITE4&c_load=ITF1&c_load=ITF2&c_load=ITF3&c_load=ITF4&c_load=ITF5&c_load=ITF6&c_load=ITG1&c_load=ITG2&c_load=ITH1&c_load=ITH2&c_load=ITH3&c_load=ITH4&c_load=ITH5&c_load=ITI1&c_load=ITI2&c_load=ITI3&c_load=ITI4&c_load=ITXX&c_load=LV&c_load=LVXX&c_load=LT&c_load=LT02&c_load=LTXX&c_load=LU&c_load=LUXX&c_load=HU11&c_load=HU12&c_load=HU10&c_load=HU21&c_load=HU22&c_load=HU23&c_load=HU31&c_load=HU32&c_load=HU33&c_load=HUZZ&c_load=HUXX&c_load=NL11&c_load=NL12&c_load=NL13&c_load=NL21&c_load=NL22&c_load=NL23&c_load=NL31&c_load=NL32&c_load=NL33&c_load=NL34&c_load=NL41&c_load=NL42&c_load=NLXX&c_load=AT11&c_load=AT12&c_load=AT13&c_load=AT21&c_load=AT22&c_load=AT31&c_load=AT32&c_load=AT33&c_load=AT34&c_load=ATXX&c_load=PL11&c_load=PL12&c_load=PL21&c_load=PL22&c_load=PL31&c_load=PL32&c_load=PL33&c_load=PL34&c_load=PL41&c_load=PL42&c_load=PL43&c_load=PL51&c_load=PL52&c_load=PL61&c_load=PL62&c_load=PL63&c_load=PL71&c_load=PL72&c_load=PL81&c_load=PL82&c_load=PL84&c_load=PL91&c_load=PL92&c_load=PLXX&c_load=PT11&c_load=PT15&c_load=PT16&c_load=PT17&c_load=PT18&c_load=PTXX&c_load=RO&c_load=RO11&c_load=RO12&c_load=RO21&c_load=RO22&c_load=RO31&c_load=RO32&c_load=RO41&c_load=RO42&c_load=ROXX&c_load=SI&c_load=SI03&c_load=SI01&c_load=ITH2&c_load=SI02&c_load=SIZZ&c_load=SIXX&c_load=SK01&c_load=SK02&c_load=SK03&c_load=SK04&c_load=SKXX&c_load=FI13&c_load=FI18&c_load=FI19&c_load=FI1A&c_load=FI1B&c_load=FI1C&c_load=FI1D&c_load=FIXX&c_load=SE11&c_load=SE12&c_load=SE21&c_load=SE22&c_load=SE23&c_load=SE31&c_load=SE32&c_load=SE33&c_load=SEZZ&c_load=SEXX&c_load=LI&c_load=LIXX&c_load=NO01&c_load=NO02&c_load=NO03&c_load=NO04&c_load=NO05&c_load=NO06&c_load=NO07&c_load=NO08&c_load=NO09&c_load=NO0A&c_load=NOXX&c_load=CH01&c_load=CH02&c_load=CH03&c_load=CH04&c_load=CH05&c_load=CH06&c_load=CH07&c_load=CHZZ&c_load=CHXX&c_load=UKC1&c_load=UKC2&c_load=UKD1&c_load=UKD2&c_load=UKD3&c_load=UKD4&c_load=UKD5&c_load=UKD6&c_load=UKD7&c_load=UKE1&c_load=UKE2&c_load=UKE3&c_load=UKE4&c_load=UKF1&c_load=UKF2&c_load=UKF3&c_load=UKG1&c_load=UKG2&c_load=UKG3&c_load=UKH1&c_load=UKH2&c_load=UKH3&c_load=UKI1&c_load=UKI2&c_load=UKI3&c_load=UKI4&c_load=UKI5&c_load=UKI6&c_load=UKI7&c_load=UKJ1&c_load=UKJ2&c_load=UKJ3&c_load=UKJ4&c_load=UKK1&c_load=UKK2&c_load=UKK3&c_load=UKK4&c_load=UKL1&c_load=UKL2&c_load=UKM1&c_load=UKM2&c_load=UKM3&c_load=UKM4&c_load=UKM5&c_load=UKM6&c_load=UKN0&c_load=UKXX&c_load=BA&c_load=ME00&c_load=MEXX&c_load=MD&c_load=MK&c_load=MKXX&c_load=RS&c_load=RSXX&c_load=TR&c_load=TR10&c_load=TR21&c_load=TR22&c_load=TR31&c_load=TR32&c_load=TR33&c_load=TR41&c_load=TR42&c_load=TR51&c_load=TR52&c_load=TR61&c_load=TR62&c_load=TR63&c_load=TR71&c_load=TR72&c_load=TR81&c_load=TR82&c_load=TR83&c_load=TRA1&c_load=TRA2&c_load=TRB1&c_load=TRB2&c_load=TRC1&c_load=TRC2&c_load=TRC3&c_load=TRXX&c_load=UA&c_load=BY&c_load=MC&c_load=RU&c_load=SM&c_load=RS_ME&c_load=EG&c_load=MA&c_load=SH&c_load=US&c_load=KZ&c_load=JP&c_load=IR&c_load=IL&c_load=SA&c_load=UNK&lang=en
Stock of electric vehicles by category and NUTS 2 region;NUTS2;TRAN_R_ELVEHST;https://ec.europa.eu/eurostat/api/dissemination/statistics/1.0/data/tran_r_elvehst?format=JSON&geo=ITH2&unit=NR&unit=PC&vehicle=VG_LE3P5&vehicle=CAR&vehicle=BUS_MCO_TRO&lang=en
Farm indicators by age and sex of the manager, economic size of the farm, utilised agricultural area and NUTS 2 region;NUTS2;EF_M_FARMANG;https://ec.europa.eu/eurostat/api/dissemination/statistics/1.0/data/ef_m_farmang?format=JSON&geo=ITH2&unit=EUR&unit=HA&unit=AWU&unit=LSU&unit=HLD&sex=T&sex=M&sex=F&age=TOTAL&age=Y_LT25&age=Y25-34&age=Y35-39&age=Y35-44&age=Y40-44&age=Y45-54&age=Y55-64&age=Y_GE65&so_eur=TOTAL&so_eur=KE0&so_eur=KE_GT0_LT2&so_eur=KE2-3&so_eur=KE4-7&so_eur=KE8-14&so_eur=KE15-24&so_eur=KE25-49&so_eur=KE50-99&so_eur=KE100-249&so_eur=KE250-499&so_eur=KE_GE500&uaarea=TOTAL&uaarea=HA0&uaarea=HA_GT0_LT2&uaarea=HA2-4&uaarea=HA5-9&uaarea=HA10-19&uaarea=HA20-29&uaarea=HA30-49&uaarea=HA50-99&uaarea=HA_GE100&crops=UAA&lang=en
Farms and hectares by type of crops, utilised agricultural area, economic size and NUTS 2 region;NUTS2;EF_LUS_ALLCROPS;https://ec.europa.eu/eurostat/api/dissemination/statistics/1.0/data/ef_lus_allcrops?format=JSON&geo=ITH2&unit=HA&unit=HLD&so_eur=TOTAL&so_eur=KE0&so_eur=KE_GT0_LT2&so_eur=KE2-3&so_eur=KE4-7&so_eur=KE8-14&so_eur=KE15-24&so_eur=KE25-49&so_eur=KE50-99&so_eur=KE100-249&so_eur=KE250-499&so_eur=KE_GE500&uaarea=TOTAL&uaarea=HA0&uaarea=HA_GT0_LT2&uaarea=HA2-4&uaarea=HA5-9&uaarea=HA10-19&uaarea=HA20-29&uaarea=HA30-49&uaarea=HA50-99&uaarea=HA_GE100&crops=UAA&crops=UAA09S&crops=UAAT&crops=UAAS&crops=ARA09S&crops=ARA&crops=C0000&crops=C1110&crops=C1120&crops=C1200&crops=C1300&crops=C1400&crops=C1500&crops=C1600_1700_1900&crops=C2000&crops=P0000&crops=P1000&crops=P9000&crops=R0000&crops=R1000&crops=R2000&crops=R9000&crops=I0000&crops=I1110&crops=I1120&crops=I1130&crops=I1140&crops=I1150_2300&crops=I1190&crops=I2000&crops=I2100&crops=I2200&crops=I2900&crops=I3000&crops=I4000&crops=I5000&crops=I6000_9000&crops=I9000&crops=G0000&crops=G0000X1000&crops=G1000&crops=G2000&crops=G3000&crops=G9000&crops=G9100&crops=G9900&crops=V0000_S0000&crops=V0000_S0000T&crops=V0000_S0000TO&crops=V0000_S0000TK&crops=V0000_S0000S&crops=N0000&crops=N0000T&crops=N0000S&crops=E0000&crops=ARA99&crops=Q0000&crops=J0000&crops=J1000&crops=J2000&crops=J3000TE&crops=PECR&crops=PECRT&crops=PECRS&crops=F0000&crops=F1000_2000&crops=F1000&crops=F1100&crops=F1200&crops=F2000&crops=F3000&crops=F4000&crops=T0000&crops=W1000&crops=W1100&crops=W1110_1120&crops=W1110&crops=W1120&crops=W1190&crops=W1200&crops=W1300&crops=O1000&crops=O1100&crops=O1910&crops=L0000&crops=PECR9_H9000&crops=X0000&crops=U1000&crops=SRCAA&lang=en
Main crops by NUTS 2 region;NUTS2;EF_LAC_MAIN;https://ec.europa.eu/eurostat/api/dissemination/statistics/1.0/data/ef_lac_main?format=JSON&sinceTimePeriod=2016&geo=ITH2&unit=HA&unit=HLD&so_eur=TOTAL&so_eur=KE0&so_eur=KE_LT2&so_eur=KE2-3&so_eur=KE4-7&so_eur=KE8-14&so_eur=KE15-24&so_eur=KE25-49&so_eur=KE50-99&so_eur=KE100-249&so_eur=KE250-499&so_eur=KE_GE500&arable=TOTAL&arable=HA0&arable=HA_LT1&arable=HA1&arable=HA2-4&arable=HA5-9&arable=HA10-19&arable=HA20-29&arable=HA30-79&arable=HA80-149&arable=HA_GE150&crops=ARA&crops=C0000&crops=C0000T&crops=P0000&crops=R0000&crops=I0000&crops=G0000&crops=V0000_S0000&crops=N0000&crops=E0000&crops=E0000T&crops=ARA99&crops=ARA99T&crops=Q0000&crops=Q0000T&agrarea=TOTAL&agrarea=HA0&agrarea=HA_LT2&agrarea=HA2-4&agrarea=HA5-9&agrarea=HA10-19&agrarea=HA20-29&agrarea=HA30-49&agrarea=HA50-99&agrarea=HA_GE100&lang=en
Vegetables by NUTS 2 region;NUTS2;EF_LAC_VEGE;https://ec.europa.eu/eurostat/api/dissemination/statistics/1.0/data/ef_lac_vege?format=JSON&sinceTimePeriod=2016&geo=ITH2&unit=HA&unit=HLD&so_eur=TOTAL&so_eur=KE0&so_eur=KE_LT2&so_eur=KE2-3&so_eur=KE4-7&so_eur=KE8-14&so_eur=KE15-24&so_eur=KE25-49&so_eur=KE50-99&so_eur=KE100-249&so_eur=KE250-499&so_eur=KE_GE500&croparea=TOTAL&croparea=HA0&croparea=HA_LT01&croparea=HA01&croparea=HA02&croparea=HA03-04&croparea=HA05-09&croparea=HA1&croparea=HA2-4&croparea=HA_GE5&crops=ARA&crops=V0000_S0000&crops=V0000_S0000T&crops=V0000_S0000TO&crops=V0000_S0000TK&crops=V0000_S0000S&agrarea=TOTAL&agrarea=HA0&agrarea=HA_LT2&agrarea=HA2-4&agrarea=HA5-9&agrarea=HA10-19&agrarea=HA20-29&agrarea=HA30-49&agrarea=HA50-99&agrarea=HA_GE100&lang=en
Main livestock indicators by NUTS 2 region;NUTS2;EF_LSK_MAIN;https://ec.europa.eu/eurostat/api/dissemination/statistics/1.0/data/ef_lsk_main?format=JSON&lastTimePeriod=1&geo=ITH2&unit=LSU&unit=HD&unit=HLD&unit=HIVE&farmtype=TOTAL&farmtype=FT15_SO&farmtype=FT16_SO&farmtype=FT21_SO&farmtype=FT22_SO&farmtype=FT23_SO&farmtype=FT35_SO&farmtype=FT36_SO&farmtype=FT37_SO&farmtype=FT38_SO&farmtype=FT45_SO&farmtype=FT46_SO&farmtype=FT47_SO&farmtype=FT48_SO&farmtype=FT51_SO&farmtype=FT52_SO&farmtype=FT53_SO&farmtype=FT61_SO&farmtype=FT73_SO&farmtype=FT74_SO&farmtype=FT83_SO&farmtype=FT84_SO&farmtype=FT90_SO&so_eur=TOTAL&uaarea=TOTAL&lsu=TOTAL&animals=A0010&animals=A1000&animals=A2000&animals=A3100&animals=A4100&animals=A4200&animals=A5000&animals=A6111&animals=A6710R&animals=A6900A&lang=en
Beneficiary of rural development support measures by legal form, economic size and farm type of the agricultural holding and NUTS 2 region;NUTS2;EF_RD_LEG;https://ec.europa.eu/eurostat/api/dissemination/statistics/1.0/data/ef_rd_leg?format=JSON&geo=ITH2&unit=HA&unit=HLD&leg_form=TOTAL&leg_form=PER_NTL&leg_form=PER_LEG&leg_form=HLD_GRP&leg_form=UNIT_CML&so_eur=TOTAL&so_eur=KE_GE0_LT2&so_eur=KE2-7&so_eur=KE8-24&so_eur=KE25-99&so_eur=KE_GE100&ruraldev=TOTAL&ruraldev=RDEV&ruraldev=RDEV_A&ruraldev=RDEV_A01&ruraldev=RDEV_A011&ruraldev=RDEV_A012&ruraldev=RDEV_A013&ruraldev=RDEV_A014&ruraldev=RDEV_A04&ruraldev=RDEV_A09&ruraldev=RDEV_A11&ruraldev=RDEV_A111&ruraldev=RDEV_A112&ruraldev=RDEV_B&ruraldev=RDEV_B01&ruraldev=RDEV_B05&ruraldev=RDEV_C&ruraldev=RDEV_C01&ruraldev=RDEV_C02&ruraldev=RDEV_C03&ruraldev=RDEV_C05&ruraldev=RDEV_D&ruraldev=RDEV_D01&ruraldev=RDEV_D011&ruraldev=RDEV_D012&ruraldev=RDEV_E&ruraldev=RDEV_E01&ruraldev=RDEV_E02&ruraldev=RDEV_F&ruraldev=RDEV_F03&ruraldev=RDEV_G&ruraldev=RDEV_G03&ruraldev=RDEV_G05&ruraldev=NRDEV&statinfo=TOTAL&statinfo=ABVTH&statinfo=BLWTH&farmtype=TOTAL&farmtype=CR&farmtype=LS&farmtype=OTH&lang=en
R&D personnel and researchers by sector of performance, sex and NUTS 2 region;NUTS2;RD_P_PERSREG;https://ec.europa.eu/eurostat/api/dissemination/statistics/1.0/data/rd_p_persreg?format=JSON&geo=ITH2&unit=FTE&unit=HC&unit=PC_ACT_HC&unit=PC_ACT_FTE&unit=PC_EMP_HC&unit=PC_EMP_FTE&prof_pos=TOTAL&prof_pos=RSE&sex=T&sex=F&sectperf=TOTAL&sectperf=BES&sectperf=GOV&sectperf=HES&sectperf=PNP&lang=en
GERD (Gross Domestic Expenditure on Research and Development) by sector of performance and NUTS 2 region;NUTS2;RD_E_GERDREG;https://ec.europa.eu/eurostat/api/dissemination/statistics/1.0/data/rd_e_gerdreg?format=JSON&geo=ITH2&unit=MIO_EUR&unit=EUR_HAB&unit=MIO_NAC&unit=PC_GDP&sectperf=TOTAL&sectperf=BES&sectperf=GOV&sectperf=HES&sectperf=PNP&lang=en
HRST (Human resources in Science and Technology) by category and NUTS 2 region;NUTS2;HRST_ST_RCAT;https://ec.europa.eu/eurostat/api/dissemination/statistics/1.0/data/hrst_st_rcat?format=JSON&geo=ITH2&unit=THS_PER&unit=PC_POP&unit=PC_ACT&category=HRST&category=HRSTE&category=HRSTO&category=HRSTC&category=SE&lang=en
Employment in technology and knowledge-intensive sectors by NUTS 2 region and sex (from 2008 onwards, NACE Rev. 2);NUTS2;HTEC_EMP_REG2;https://ec.europa.eu/eurostat/api/dissemination/statistics/1.0/data/htec_emp_reg2?format=JSON&geo=ITH2&unit=THS_PER&unit=PC_EMP&nace_r2=TOTAL&nace_r2=A_B&nace_r2=HTC&nace_r2=C&nace_r2=C_HTC_MH&nace_r2=C_HTC_M&nace_r2=C_HTC&nace_r2=C_LTC_LM&nace_r2=C_LTC_M&nace_r2=C_LTC&nace_r2=D-F&nace_r2=G-U&nace_r2=G_I_T&nace_r2=H49-H52_N79&nace_r2=KIS&nace_r2=KIS_HTC&nace_r2=KIS_MKT_OTH&nace_r2=KIS_OTH&nace_r2=LKIS&nace_r2=LKIS_MKT&nace_r2=LKIS_OTH&nace_r2=J&nace_r2=K_L&nace_r2=K&nace_r2=M&nace_r2=N&nace_r2=O_U&nace_r2=P&nace_r2=Q&nace_r2=R&nace_r2=S&nace_r2=OTH&nace_r2=UNK&sex=T&sex=M&sex=F&lang=en
Hospital discharges by diagnosis and NUTS 2 region, in-patients, total number - total;NUTS2;HLTH_CO_DISCH1T;https://ec.europa.eu/eurostat/api/dissemination/statistics/1.0/data/hlth_co_disch1t?format=JSON&geo=ITH2&unit=NR&age=TOTAL&age=Y_LT1&age=Y1-4&age=Y5-9&age=Y10-14&age=Y15-19&age=Y20-24&age=Y25-29&age=Y30-34&age=Y35-39&age=Y40-44&age=Y45-49&age=Y50-54&age=Y55-59&age=Y60-64&age=Y65-69&age=Y70-74&age=Y75-79&age=Y80-84&age=Y85-89&age=Y90-94&age=Y_GE90&age=Y_GE95&age=UNK&indic_he=INPAT&sex=T&icd10=A-T_Z&icd10=A-T_Z_XNB&icd10=A_B&icd10=A15-A19_B90&icd10=A00-A08&icd10=A09&icd10=A40_A41&icd10=B20-B24&icd10=A_B_OTH&icd10=C00-D48&icd10=C18-C21&icd10=C33_C34&icd10=C43_C44&icd10=C50&icd10=C53-C55&icd10=C56&icd10=C61&icd10=C67&icd10=C_OTH&icd10=D00-D09&icd10=D12&icd10=D25&icd10=D00-D48_OTH&icd10=D50-D89&icd10=D50-D64&icd10=D65-D89&icd10=E&icd10=E10-E14&icd10=E_OTH&icd10=F&icd10=F00-F03&icd10=F10&icd10=F11-F19&icd10=F20-F29&icd10=F30-F39&icd10=F_OTH&icd10=G&icd10=G30&icd10=G35&icd10=G40_G41&icd10=G45&icd10=G_OTH&icd10=H00-H59&icd10=H25_H26_H28&icd10=H00-H59_OTH&icd10=H60-H95&icd10=I&icd10=I10-I15&icd10=I20&icd10=I21_I22&icd10=I23-I25&icd10=I26-I28&icd10=I44-I49&icd10=I50&icd10=I60-I69&icd10=I70&icd10=I83&icd10=I_OTH&icd10=J&icd10=J00-J11&icd10=J12-J18&icd10=J20-J22&icd10=J35&icd10=UPRESPIR_OTH&icd10=J45_J46&icd10=J40-J44_J47&icd10=J60-J99&icd10=K&icd10=K00-K08&icd10=K09-K14&icd10=K20-K23&icd10=K25-K28&icd10=K29-K31&icd10=K35-K38&icd10=K40&icd10=K41-K46&icd10=K50_K51&icd10=K52&icd10=K56&icd10=K57&icd10=K60-K62&icd10=INTESTINE_OTH&icd10=K70&icd10=K71-K77&icd10=K80&icd10=K81-K83&icd10=K85-K87&icd10=K_OTH&icd10=L&icd10=L00-L08&icd10=L20-L45&icd10=L_OTH&icd10=M&icd10=M16&icd10=M17&icd10=M23&icd10=ARTHROPAT_OTH&icd10=M30-M36&icd10=M40-M49&icd10=M50_M51&icd10=M54&icd10=M60-M79&icd10=M53_M80-M99&icd10=N&icd10=N00-N16&icd10=N17-N19&icd10=N20-N23&icd10=N25-N39&icd10=N40&icd10=N41-N51&icd10=N60-N64&icd10=N70-N77&icd10=N91-N95&icd10=N_OTH&icd10=O&icd10=O04&icd10=ABORT_OTH&icd10=O10-O48&icd10=O60-O75&icd10=O80&icd10=O81-O84&icd10=O85-O92&icd10=O95-O99&icd10=P&icd10=P07&icd10=P_OTH&icd10=Q&icd10=R&icd10=R07&icd10=R10&icd10=R69&icd10=R_OTH&icd10=S_T&icd10=INJ_OTH&icd10=S06&icd10=INJ_HEAD_OTH&icd10=S52&icd10=S72&icd10=S82&icd10=T20-T32&icd10=T36-T65&icd10=T80-T88&icd10=T90-T98&icd10=S_T_OTH&icd10=U_COV19&icd10=U_COV19_OTH&icd10=Z&icd10=Z03&icd10=Z30&icd10=Z38&icd10=Z51&icd10=Z_OTH&lang=en
Participation rates of selected age groups in education at regional level;NUTS2;EDUC_UOE_ENRA14;https://ec.europa.eu/eurostat/api/dissemination/statistics/1.0/data/educ_uoe_enra14?format=JSON&geo=ITH2&unit=RT&age=Y4&age=Y15-24&age=Y17&age=Y20-24&lang=en
Participation rates in selected education levels at regional level;NUTS2;EDUC_UOE_ENRA15;https://ec.europa.eu/eurostat/api/dissemination/statistics/1.0/data/educ_uoe_enra15?format=JSON&sinceTimePeriod=2015&geo=ITH2&unit=RT&isced11=ED0-8&isced11=ED02-8&isced11=ED1_2&isced11=ED5-8&lang=en
Students enrolled in tertiary education by education level, programme orientation, sex and NUTS 2 region;NUTS2;EDUC_UOE_ENRT06;https://ec.europa.eu/eurostat/api/dissemination/statistics/1.0/data/educ_uoe_enrt06?format=JSON&geo=ITH2&unit=NR&isced11=ED5-8&isced11=ED5&isced11=ED54&isced11=ED55&isced11=ED6&isced11=ED7&isced11=ED8&sex=T&sex=M&sex=F&lang=en
Young people neither in employment nor in education and training by sex and NUTS 2 region (NEET rates);NUTS2;EDAT_LFSE_22;https://ec.europa.eu/eurostat/api/dissemination/statistics/1.0/data/edat_lfse_22?format=JSON&geo=ITH2&unit=PC&sex=T&sex=M&sex=F&age=Y15-24&age=Y15-29&age=Y18-24&age=Y18-29&training=NO_FE_NO_NFE&wstatus=NEMP&lang=en
Number and capacity of recovery and disposal facilities by NUTS 2 region;NUTS2;ENV_WASFAC;https://ec.europa.eu/eurostat/api/dissemination/statistics/1.0/data/env_wasfac?format=JSON&geo=ITH2&indic_env=CAP&indic_env=CAP_RST&indic_env=FAC&indic_env=FAC_CL&wst_oper=DSP_L_OTH&wst_oper=DSP_L&wst_oper=DSP_LH&wst_oper=DSP_LNH&wst_oper=DSP_LIN&wst_oper=DSP_I&wst_oper=DSP_OTH&wst_oper=RCV_E&wst_oper=RCV_R_B&wst_oper=RCV_R&wst_oper=RCV_B&lang=en
Mitigation of Environmental Pressures and Risks;NUTS3;NRG_CHDDR2_A;https://ec.europa.eu/eurostat/api/dissemination/statistics/1.0/data/nrg_chddr2_a?format=JSON&geo=ITH20&unit=NR&indic_nrg=HDD&indic_nrg=CDD&lang=en
Population change - Demographic balance and crude rates at regional level (NUTS 3) ;NUTS3;demo_r_gind3;https://ec.europa.eu/eurostat/api/dissemination/statistics/1.0/data/demo_r_gind3?format=JSON&geo=ITH20&indic_de=CNMIGRAT&indic_de=CNMIGRATRT&indic_de=DEATH&indic_de=GBIRTHRT&indic_de=GDEATHRT&indic_de=GROW&indic_de=GROWRT&indic_de=JAN&indic_de=LBIRTH&indic_de=NATGROW&indic_de=NATGROWRT&lang=en